step,vehicle_id,departDelay,duration,routeLength,waitingTime,waitingCount,timeLoss
48.00,2,-0.14,41.00,596.93,0.00,0,9.18
57.00,6,-0.42,36.00,615.10,0.00,0,5.27
64.00,5,-0.85,47.00,617.75,0.00,0,6.72
66.00,7,-0.99,42.00,615.10,0.00,0,5.58
67.00,8,-0.56,39.00,615.10,0.00,0,5.05
80.00,11,-0.27,41.00,617.75,0.00,0,8.14
91.00,14,-0.98,42.00,617.75,0.00,0,8.44
101.00,19,-0.83,34.00,615.10,0.00,0,6.37
102.00,16,-0.12,45.00,617.75,0.00,0,7.54
108.00,18,-0.26,44.00,617.75,0.00,0,8.33
120.00,22,-0.54,42.00,617.75,0.00,0,8.03
135.00,27,-0.39,39.00,615.10,0.00,0,5.01
145.00,30,-0.10,38.00,596.93,0.00,0,10.90
159.00,0,0.00,159.00,596.93,116.00,1,128.58
160.00,12,-0.84,118.00,615.10,73.00,1,87.11
162.00,15,-0.55,109.00,615.10,60.00,1,74.00
162.00,32,-0.24,48.00,615.10,2.00,1,16.52
163.00,17,-0.69,103.00,596.93,56.00,1,68.97
164.00,34,-0.38,43.00,615.10,0.00,0,10.94
165.00,31,-0.67,55.00,596.93,8.00,1,27.09
166.00,24,-0.68,81.00,615.10,29.00,1,41.99
166.00,35,-0.95,42.00,615.10,0.00,0,10.25
182.00,39,-0.23,43.00,596.93,0.00,0,7.64
198.00,45,-0.65,38.00,615.10,0.00,0,8.44
199.00,1,-0.57,196.00,596.93,148.00,1,161.44
200.00,13,-0.41,154.00,596.93,109.00,1,125.95
202.00,9,-0.13,170.00,617.75,118.00,1,130.83
203.00,21,-0.97,129.00,596.93,83.00,1,97.60
203.00,25,-0.25,114.00,617.75,64.00,1,76.02
208.00,23,-0.11,126.00,596.93,73.00,1,90.11
210.00,26,-0.82,118.00,596.93,64.00,1,83.18
212.00,41,-0.37,66.00,596.93,15.00,1,32.66
242.00,57,-0.49,39.00,596.93,0.00,0,10.65
252.00,59,-0.63,42.00,596.93,0.00,0,8.77
265.00,3,-0.71,255.00,615.10,211.00,1,225.26
266.00,4,-0.28,252.00,617.75,207.00,1,219.82
266.00,20,-0.40,195.00,615.10,150.00,1,163.16
267.00,28,-0.96,168.00,596.93,124.00,1,139.11
268.00,33,-0.81,151.00,596.93,109.00,1,123.95
269.00,10,-0.70,234.00,617.75,189.00,1,203.39
269.00,29,-0.53,166.00,615.10,116.00,1,131.53
270.00,44,-0.08,113.00,615.10,67.00,1,82.41
271.00,42,-0.94,122.00,596.93,77.00,1,93.02
272.00,56,-0.92,73.00,615.10,21.00,1,36.87
273.00,58,-0.06,66.00,615.10,14.00,1,34.67
275.00,47,-0.79,108.00,617.75,56.00,1,71.43
279.00,50,-0.50,101.00,617.75,48.00,1,62.76
282.00,68,-0.76,40.00,617.75,0.00,0,7.71
301.00,73,-0.61,41.00,617.75,0.00,0,9.05
309.00,75,-0.75,42.00,596.93,0.00,0,10.13
315.00,78,-0.46,37.00,615.10,0.00,0,5.09
321.00,79,-0.03,39.00,596.93,0.00,0,9.68
337.00,84,-0.88,38.00,596.93,0.00,0,10.50
348.00,86,-0.02,41.00,596.93,0.00,0,8.95
358.00,89,-0.73,41.00,617.75,0.00,0,8.36
375.00,94,-0.58,40.00,617.75,0.00,0,9.12
385.00,36,-0.52,257.00,596.93,211.00,1,223.85
385.00,38,-0.66,250.00,617.75,206.00,1,219.66
385.00,46,-0.22,221.00,615.10,175.00,1,188.63
386.00,37,-0.09,254.00,596.93,210.00,1,227.10
389.00,40,-0.80,247.00,596.93,199.00,1,215.81
389.00,48,-0.36,218.00,615.10,168.00,1,181.08
389.00,49,-0.93,215.00,615.10,163.00,1,177.76
389.00,53,-0.21,200.00,617.75,154.00,1,169.93
390.00,77,-0.89,116.00,615.10,65.00,1,83.54
392.00,43,-0.51,239.00,596.93,191.00,1,207.35
392.00,88,-0.16,78.00,615.10,28.00,1,45.91
393.00,54,-0.78,201.00,617.75,150.00,1,167.42
393.00,96,-0.72,51.00,615.10,2.00,1,19.58
394.00,62,-0.34,173.00,596.93,125.00,1,141.53
396.00,74,-0.18,132.00,617.75,80.00,1,97.33
397.00,70,-0.90,148.00,596.93,100.00,1,116.40
399.00,80,-0.60,114.00,596.93,64.00,1,82.98
399.00,97,-0.29,53.00,617.75,0.00,0,16.71
401.00,87,-0.59,91.00,596.93,39.00,1,60.28
404.00,95,-0.15,65.00,596.93,12.00,1,34.63
406.00,103,-0.71,39.00,615.10,0.00,0,5.42
425.00,108,-0.56,40.00,617.75,0.00,0,8.98
438.00,51,-0.07,256.00,596.93,215.00,1,228.86
441.00,52,-0.64,256.00,617.75,212.00,1,223.70
441.00,61,-0.77,224.00,596.93,181.00,1,195.24
442.00,110,-0.70,50.00,615.10,3.00,1,15.18
444.00,55,-0.35,248.00,617.75,203.00,1,214.39
445.00,69,-0.33,199.00,596.93,154.00,1,167.61
446.00,60,-0.20,232.00,617.75,186.00,1,201.43
447.00,82,-0.74,155.00,596.93,107.00,1,123.44
449.00,71,-0.47,196.00,617.75,147.00,1,161.77
451.00,90,-0.30,130.00,617.75,82.00,1,97.69
451.00,101,-0.57,91.00,596.93,42.00,1,57.57
452.00,105,-0.85,78.00,596.93,29.00,1,47.96
453.00,98,-0.86,104.00,617.75,54.00,1,74.11
455.00,109,-0.13,66.00,596.93,15.00,1,33.15
455.00,115,-0.55,45.00,615.10,0.00,0,9.82
456.00,107,-0.99,75.00,617.75,24.00,1,42.96
461.00,111,-0.27,65.00,596.93,10.00,1,27.47
462.00,117,-0.69,45.00,596.93,0.00,0,12.79
481.00,124,-0.68,39.00,617.75,0.00,0,7.82
511.00,133,-0.81,37.00,615.10,0.00,0,5.64
525.00,63,-0.91,301.00,617.75,255.00,1,267.45
525.00,64,-0.48,297.00,596.93,251.00,1,262.75
525.00,66,-0.62,290.00,615.10,242.00,1,254.67
527.00,67,-0.19,288.00,586.83,240.00,1,253.78
527.00,76,-0.32,256.00,615.10,207.00,2,224.42
528.00,85,-0.45,225.00,615.10,178.00,1,192.21
530.00,65,-0.05,298.00,617.75,248.00,1,260.42
530.00,72,-0.04,273.00,596.93,224.00,1,238.58
531.00,81,-0.17,242.00,617.75,191.00,1,209.08
531.00,91,-0.87,207.00,615.10,154.00,1,170.73
532.00,106,-0.42,154.00,615.10,103.00,2,122.49
533.00,83,-0.31,237.00,617.75,186.00,1,202.84
534.00,129,-0.53,74.00,615.10,23.00,1,41.87
535.00,92,-0.44,207.00,596.93,153.00,1,168.47
535.00,104,-0.28,164.00,615.10,113.00,1,128.52
536.00,113,-0.41,133.00,617.75,83.00,1,100.30
536.00,137,-0.09,47.00,615.10,0.00,0,15.30
537.00,93,-0.01,205.00,596.93,152.00,1,170.21
538.00,121,-0.97,107.00,596.93,56.00,1,77.62
539.00,119,-0.83,115.00,617.75,63.00,1,84.04
540.00,140,-0.80,41.00,596.93,0.00,0,11.94
542.00,130,-0.10,78.00,617.75,26.00,1,45.86
544.00,136,-0.52,59.00,617.75,7.00,1,28.93
565.00,147,-0.79,41.00,596.93,0.00,0,9.49
566.00,144,-0.08,52.00,617.75,0.00,0,6.69
567.00,148,-0.36,39.00,615.10,0.00,0,5.47
581.00,152,-0.64,39.00,596.93,0.00,0,9.19
587.00,155,-0.35,34.00,605.00,0.00,0,6.15
616.00,162,-0.34,38.00,615.10,0.00,0,5.85
638.00,99,-0.43,285.00,596.93,243.00,1,256.13
639.00,123,-0.11,200.00,615.10,157.00,1,168.83
640.00,100,0.00,283.00,615.10,239.00,1,252.49
641.00,128,-0.96,185.00,617.75,141.00,1,155.03
643.00,102,-0.14,279.00,596.93,231.00,1,245.33
645.00,120,-0.40,217.00,596.93,167.00,1,183.32
645.00,145,-0.65,128.00,617.75,81.00,1,98.47
647.00,126,-0.82,198.00,596.93,149.00,1,166.35
648.00,131,-0.67,181.00,596.93,135.00,1,151.64
651.00,146,-0.22,130.00,617.75,77.00,1,92.46
651.00,168,-0.76,52.00,596.93,4.00,1,20.09
652.00,149,-0.93,121.00,617.75,71.00,1,89.50
654.00,157,-0.49,94.00,617.75,44.00,1,63.26
657.00,159,-0.63,90.00,617.75,37.00,1,60.43
659.00,161,-0.77,85.00,617.75,31.00,1,54.07
660.00,174,-0.18,39.00,615.10,0.00,0,5.09
664.00,165,-0.05,75.00,607.65,16.00,1,39.47
668.00,175,-0.75,44.00,617.75,0.00,0,7.78
685.00,112,-0.84,286.00,596.93,244.00,1,257.35
685.00,116,-0.12,271.00,617.75,229.00,1,243.14
687.00,114,-0.98,281.00,596.93,238.00,1,251.82
687.00,118,-0.26,266.00,615.10,221.00,1,233.38
689.00,122,-0.54,254.00,615.10,208.00,1,222.74
691.00,125,-0.25,245.00,617.75,199.00,1,215.91
691.00,134,-0.38,213.00,615.10,166.00,1,186.68
692.00,127,-0.39,239.00,615.10,187.00,1,199.61
693.00,143,-0.51,183.00,615.10,128.00,2,154.69
694.00,158,-0.06,130.00,615.10,79.00,1,94.66
695.00,132,-0.24,224.00,617.75,176.00,1,189.49
696.00,181,-0.17,50.00,615.10,0.00,0,18.19
697.00,182,-0.74,48.00,615.10,1.00,1,16.88
698.00,150,-0.50,163.00,617.75,112.00,1,128.79
701.00,153,-0.21,155.00,617.75,102.00,1,118.77
702.00,163,-0.91,121.00,617.75,70.00,1,91.58
703.00,186,-0.02,39.00,596.93,0.00,0,9.61
704.00,178,-0.46,69.00,617.75,19.00,1,38.37
712.00,135,-0.95,231.00,596.93,187.00,1,199.22
712.00,141,-0.37,209.00,617.75,167.00,1,180.18
712.00,154,-0.78,163.00,605.00,119.00,1,132.92
714.00,156,-0.92,158.00,615.10,111.00,1,130.30
715.00,138,-0.66,223.00,596.93,178.00,1,190.93
716.00,142,-0.94,210.00,617.75,163.00,1,174.90
718.00,139,-0.23,222.00,596.93,173.00,1,188.31
718.00,151,-0.07,179.00,617.75,132.00,1,145.86
718.00,169,-0.33,115.00,615.10,64.00,1,80.48
719.00,164,-0.48,134.00,596.93,87.00,1,103.41
719.00,177,-0.89,88.00,615.10,38.00,1,56.99
721.00,179,-0.03,82.00,615.10,30.00,1,51.49
723.00,160,-0.20,152.00,617.75,101.00,1,114.14
725.00,166,-0.62,133.00,617.75,82.00,1,99.35
725.00,172,-0.04,111.00,596.93,57.00,1,75.14
726.00,170,-0.90,120.00,617.75,69.00,1,89.49
727.00,173,-0.61,110.00,596.93,56.00,1,81.30
728.00,180,-0.60,86.00,596.93,35.00,1,57.09
732.00,189,-0.73,58.00,596.93,3.00,1,24.35
733.00,192,-0.44,48.00,596.93,0.00,0,19.17
749.00,197,-0.29,46.00,617.75,0.00,0,7.95
750.00,198,-0.86,44.00,617.75,0.00,0,13.07
753.00,200,0.00,39.00,615.10,0.00,0,5.36
762.00,183,-0.31,109.00,615.10,65.00,1,79.60
763.00,167,-0.19,167.00,617.75,125.00,1,134.96
764.00,171,-0.47,154.00,596.93,107.00,1,119.04
765.00,188,-0.16,94.00,615.10,44.00,1,61.36
766.00,176,-0.32,138.00,596.93,91.00,1,108.31
767.00,187,-0.59,100.00,615.10,50.00,1,64.01
767.00,193,-0.01,78.00,596.93,31.00,1,48.62
768.00,191,-0.87,87.00,615.10,39.00,1,52.88
768.00,196,-0.72,69.00,615.10,20.00,2,37.71
770.00,194,-0.58,78.00,596.93,30.00,1,46.25
770.00,203,-0.71,46.00,615.10,0.00,0,16.79
773.00,201,-0.57,56.00,617.75,4.00,1,17.60
773.00,202,-0.14,52.00,596.93,3.00,1,20.35
781.00,207,-0.99,43.00,617.75,0.00,0,8.74
793.00,211,-0.27,40.00,596.93,0.00,0,8.95
798.00,213,-0.41,38.00,617.75,0.00,0,7.43
805.00,184,-0.88,149.00,615.10,103.00,1,114.99
805.00,208,-0.56,63.00,615.10,16.00,1,29.49
806.00,185,-0.45,146.00,607.65,98.00,1,110.43
809.00,199,-0.43,99.00,596.93,49.00,1,60.40
810.00,212,-0.84,54.00,596.93,5.00,1,22.24
811.00,195,-0.15,115.00,617.75,63.00,1,75.23
813.00,216,-0.12,42.00,617.75,0.00,0,7.79
817.00,218,-0.26,39.00,596.93,0.00,0,9.40
835.00,223,-0.11,39.00,596.93,0.00,0,9.39
839.00,226,-0.82,33.00,615.10,0.00,0,6.76
841.00,224,-0.68,42.00,617.75,0.00,0,9.06
858.00,231,-0.67,34.00,615.10,0.00,0,5.98
870.00,232,-0.24,42.00,596.93,0.00,0,8.92
883.00,236,-0.52,41.00,596.93,0.00,0,10.36
892.00,237,-0.09,46.00,617.75,0.00,0,8.41
898.00,240,-0.80,42.00,617.75,0.00,0,6.95
914.00,204,-0.28,186.00,615.10,141.00,1,156.00
914.00,209,-0.13,168.00,615.10,124.00,1,135.39
915.00,217,-0.69,141.00,615.10,97.00,1,111.40
916.00,190,-0.30,238.00,615.10,191.00,1,202.19
917.00,219,-0.83,136.00,615.10,83.00,1,101.19
917.00,227,-0.39,107.00,615.10,63.00,1,77.92
919.00,214,-0.98,156.00,615.10,105.00,1,117.20
919.00,238,-0.66,70.00,615.10,21.00,1,40.43
919.00,243,-0.51,52.00,615.10,6.00,1,19.80
937.00,252,-0.64,38.00,615.10,0.00,0,5.02
944.00,253,-0.21,41.00,596.93,0.00,0,8.59
963.00,205,-0.85,232.00,596.93,188.00,1,201.19
964.00,225,-0.25,161.00,615.10,115.00,1,128.04
965.00,206,-0.42,230.00,617.75,184.00,1,196.99
965.00,210,-0.70,216.00,596.93,172.00,1,187.04
966.00,233,-0.81,135.00,615.10,86.00,2,106.75
967.00,229,-0.53,150.00,617.75,104.00,1,116.34
967.00,239,-0.23,114.00,615.10,68.00,1,85.22
967.00,244,-0.08,96.00,615.10,48.00,1,64.99
969.00,249,-0.93,81.00,615.10,31.00,1,51.86
971.00,247,-0.79,90.00,617.75,43.00,1,57.51
971.00,258,-0.06,50.00,615.10,1.00,1,18.56
972.00,222,-0.54,180.00,596.93,127.00,1,141.59
973.00,235,-0.95,135.00,596.93,84.00,1,100.96
974.00,241,-0.37,114.00,596.93,64.00,1,81.93
974.00,256,-0.92,61.00,617.75,11.00,1,26.59
976.00,257,-0.49,59.00,617.75,9.00,1,32.79
979.00,215,-0.55,212.00,596.93,170.00,1,182.61
979.00,221,-0.97,191.00,615.10,150.00,1,162.83
980.00,228,-0.96,167.00,615.10,123.00,1,137.52
982.00,248,-0.36,97.00,615.10,48.00,2,68.42
983.00,220,-0.40,198.00,615.10,152.00,1,165.40
985.00,234,-0.38,150.00,615.10,100.00,1,114.47
986.00,230,-0.10,165.00,596.93,119.00,1,133.60
987.00,254,-0.78,81.00,615.10,28.00,1,44.30
988.00,251,-0.07,92.00,617.75,42.00,1,54.23
993.00,250,-0.50,101.00,596.93,55.00,1,66.50
996.00,262,-0.34,61.00,617.75,14.00,1,29.06
1000.00,255,-0.35,90.00,617.75,33.00,1,43.23
1007.00,265,-0.05,61.00,615.10,14.00,1,27.43
1010.00,263,-0.91,72.00,617.75,23.00,1,37.08
1012.00,260,-0.20,84.00,617.75,30.00,1,40.24
1013.00,264,-0.48,71.00,617.75,22.00,1,41.48
1016.00,267,-0.19,63.00,617.75,11.00,1,26.23
1020.00,245,-0.65,146.00,596.93,92.00,2,114.27
1021.00,261,-0.77,90.00,596.93,40.00,1,61.63
1025.00,268,-0.76,69.00,596.93,21.00,1,35.72
1025.00,277,-0.89,37.00,617.75,0.00,0,9.07
1040.00,280,-0.60,41.00,596.93,0.00,0,9.34
1063.00,286,-0.02,42.00,617.75,0.00,0,8.05
1068.00,287,-0.59,44.00,607.65,0.00,0,6.93
1073.00,242,-0.94,210.00,586.83,160.00,2,177.91
1075.00,246,-0.22,197.00,596.93,143.00,2,164.29
1075.00,271,-0.47,108.00,615.10,60.00,1,71.38
1075.00,278,-0.46,83.00,615.10,33.00,1,50.11
1076.00,266,-0.62,127.00,617.75,79.00,1,93.45
1077.00,259,-0.63,153.00,617.75,95.00,2,113.56
1078.00,283,-0.31,68.00,596.93,20.00,1,36.07
1079.00,269,-0.33,119.00,617.75,72.00,1,92.50
1079.00,288,-0.16,51.00,596.93,3.00,1,22.39
1083.00,292,-0.44,41.00,617.75,0.00,0,10.12
1095.00,295,-0.15,42.00,596.93,0.00,0,7.92
1102.00,272,-0.04,131.00,615.10,85.00,1,99.97
1103.00,270,-0.90,140.00,617.75,93.00,1,105.74
1103.00,275,-0.75,122.00,596.93,78.00,1,89.79
1104.00,276,-0.32,119.00,615.10,69.00,1,82.45
1105.00,285,-0.45,88.00,596.93,41.00,1,56.79
1106.00,282,-0.74,100.00,617.75,52.00,1,64.37
1106.00,290,-0.30,71.00,615.10,21.00,1,37.68
1107.00,289,-0.73,76.00,617.75,30.00,1,48.26
1108.00,298,-0.86,45.00,615.10,0.00,0,12.15
1123.00,304,-0.28,38.00,615.10,0.00,0,5.51
1131.00,305,-0.85,43.00,617.75,0.00,0,7.82
1131.00,306,-0.42,39.00,596.93,0.00,0,9.05
1141.00,273,-0.61,167.00,617.75,120.00,1,133.65
1141.00,301,-0.57,67.00,615.10,20.00,1,33.19
1142.00,274,-0.18,164.00,596.93,114.00,1,126.73
1143.00,279,-0.03,147.00,596.93,102.00,1,114.33
1143.00,294,-0.58,94.00,617.75,48.00,1,62.55
1145.00,281,-0.17,142.00,596.93,96.00,1,112.10
1146.00,308,-0.56,47.00,617.75,0.00,0,13.27
1148.00,309,-0.13,45.00,607.65,0.00,0,13.38
1149.00,293,-0.01,103.00,596.93,56.00,1,74.83
1153.00,284,-0.88,140.00,596.93,82.00,1,97.61
1154.00,312,-0.84,41.00,596.93,0.00,0,12.08
1177.00,296,-0.72,121.00,617.75,76.00,1,90.97
1178.00,291,-0.87,140.00,615.10,94.00,1,107.32
1178.00,299,-0.43,111.00,596.93,67.00,1,83.49
1178.00,300,0.00,107.00,615.10,62.00,1,76.50
1180.00,303,-0.71,99.00,617.75,55.00,1,66.71
1180.00,307,-0.99,85.00,605.00,37.00,1,52.56
1180.00,316,-0.12,52.00,615.10,8.00,1,23.48
1189.00,302,-0.14,111.00,596.93,65.00,1,78.50
1189.00,317,-0.69,58.00,615.10,13.00,1,25.05
1190.00,297,-0.29,130.00,617.75,84.00,1,96.12
1191.00,311,-0.27,81.00,596.93,37.00,1,51.77
1192.00,314,-0.98,72.00,596.93,27.00,1,45.86
1193.00,310,-0.70,87.00,617.75,39.00,1,50.32
1195.00,318,-0.26,60.00,617.75,14.00,1,31.40
1198.00,324,-0.68,42.00,617.75,0.00,0,6.66
1201.00,313,-0.41,84.00,596.93,40.00,1,54.62
1203.00,315,-0.55,79.00,596.93,36.00,1,50.67
1208.00,327,-0.39,41.00,617.75,0.00,0,6.42
1210.00,328,-0.96,40.00,596.93,0.00,0,8.45
1218.00,319,-0.83,80.00,596.93,37.00,1,51.62
1221.00,329,-0.53,47.00,615.10,0.00,0,11.78
1223.00,321,-0.97,78.00,615.10,29.00,1,40.87
1225.00,323,-0.11,72.00,596.93,21.00,1,32.90
1226.00,332,-0.24,41.00,596.93,0.00,0,9.95
1230.00,334,-0.38,38.00,596.93,0.00,0,11.00
1232.00,336,-0.52,33.00,615.10,0.00,0,5.31
1260.00,341,-0.37,43.00,615.10,0.00,0,5.59
1266.00,343,-0.51,42.00,617.75,0.00,0,7.09
1289.00,320,-0.40,147.00,615.10,103.00,1,119.36
1293.00,322,-0.54,144.00,596.93,95.00,1,107.18
1293.00,326,-0.82,130.00,617.75,82.00,1,94.07
1294.00,330,-0.10,116.00,615.10,70.00,1,82.38
1294.00,333,-0.81,106.00,615.10,55.00,1,71.75
1295.00,325,-0.25,135.00,596.93,87.00,1,103.29
1296.00,348,-0.36,54.00,615.10,4.00,2,25.24
1297.00,337,-0.09,94.00,617.75,45.00,1,61.02
1300.00,352,-0.64,44.00,617.75,0.00,0,9.88
1310.00,340,-0.80,97.00,615.10,55.00,1,68.06
1311.00,339,-0.23,101.00,615.10,59.00,1,73.08
1312.00,345,-0.65,81.00,615.10,34.00,1,47.24
1316.00,358,-0.06,38.00,615.10,0.00,0,8.04
1317.00,347,-0.79,79.00,617.75,27.00,1,38.95
1319.00,354,-0.78,56.00,617.75,5.00,1,21.43
1326.00,359,-0.63,45.00,596.93,0.00,0,7.87
1332.00,331,-0.67,151.00,617.75,105.00,1,118.28
1332.00,335,-0.95,137.00,596.93,89.00,1,101.09
1332.00,338,-0.66,126.00,615.10,80.00,1,92.53
1333.00,342,-0.94,113.00,596.93,68.00,1,80.96
1334.00,344,-0.08,106.00,617.75,59.00,1,72.05
1336.00,346,-0.22,101.00,617.75,54.00,1,71.43
1339.00,363,-0.91,44.00,615.10,0.00,0,8.66
1340.00,356,-0.92,70.00,617.75,19.00,1,35.81
1351.00,368,-0.76,38.00,596.93,0.00,0,10.17
1352.00,367,-0.19,42.00,617.75,0.00,0,8.05
1361.00,349,-0.93,116.00,596.93,71.00,1,80.04
1361.00,350,-0.50,112.00,617.75,66.00,1,79.16
1362.00,353,-0.21,102.00,615.10,55.00,1,70.64
1362.00,357,-0.49,88.00,596.93,42.00,1,54.65
1363.00,351,-0.07,110.00,615.10,59.00,1,70.80
1365.00,364,-0.48,66.00,607.65,19.00,1,33.33
1378.00,362,-0.34,86.00,615.10,45.00,1,59.45
1379.00,355,-0.35,112.00,596.93,71.00,1,81.15
1381.00,365,-0.05,78.00,596.93,33.00,1,48.73
1382.00,371,-0.47,58.00,615.10,11.00,1,23.25
1383.00,366,-0.62,77.00,596.93,31.00,1,48.42
1383.00,374,-0.18,48.00,615.10,2.00,1,13.64
1385.00,376,-0.32,43.00,615.10,0.00,0,13.32
1419.00,386,-0.02,41.00,617.75,0.00,0,7.51
1424.00,388,-0.16,39.00,617.75,0.00,0,10.86
1428.00,389,-0.73,40.00,615.10,0.00,0,5.70
1439.00,394,-0.58,33.00,615.10,0.00,0,6.31
1441.00,392,-0.44,42.00,617.75,0.00,0,9.01
1452.00,360,-0.20,167.00,596.93,124.00,1,139.90
1456.00,377,-0.89,111.00,615.10,62.00,1,81.15
1456.00,380,-0.60,100.00,615.10,51.00,1,62.76
1457.00,361,-0.77,169.00,596.93,122.00,1,134.91
1458.00,387,-0.59,77.00,615.10,27.00,1,41.16
1458.00,398,-0.86,38.00,617.75,0.00,0,11.16
1459.00,382,-0.74,96.00,615.10,45.00,1,58.50
1461.00,373,-0.61,130.00,596.93,80.00,1,94.26
1462.00,383,-0.31,95.00,596.93,46.00,1,67.06
1477.00,404,-0.28,35.00,615.10,0.00,0,5.64
1497.00,407,-0.99,45.00,596.93,0.00,0,8.31
1509.00,412,-0.84,39.00,615.10,0.00,0,5.53
1539.00,369,-0.33,222.00,596.93,177.00,1,190.77
1539.00,390,-0.30,147.00,615.10,103.00,1,117.08
1540.00,370,-0.90,220.00,617.75,177.00,1,190.03
1541.00,385,-0.45,167.00,596.93,123.00,1,136.25
1542.00,400,0.00,114.00,615.10,66.00,1,80.99
1544.00,372,-0.04,216.00,617.75,169.00,1,182.83
1544.00,406,-0.42,95.00,615.10,46.00,1,61.38
1545.00,409,-0.13,85.00,596.93,38.00,1,52.82
1547.00,411,-0.27,80.00,596.93,33.00,1,46.95
1549.00,375,-0.75,211.00,617.75,158.00,1,170.45
1549.00,419,-0.83,54.00,596.93,5.00,1,22.86
1551.00,378,-0.46,202.00,617.75,150.00,1,165.89
1551.00,424,-0.68,38.00,615.10,0.00,0,5.99
1552.00,384,-0.88,182.00,617.75,132.00,1,151.85
1554.00,393,-0.01,151.00,617.75,101.00,1,120.88
1557.00,401,-0.57,126.00,617.75,71.00,1,93.45
1558.00,417,-0.69,70.00,617.75,18.00,1,40.11
1560.00,426,-0.82,40.00,596.93,0.00,0,9.89
1563.00,418,-0.26,71.00,617.75,14.00,1,35.37
1563.00,427,-0.39,39.00,596.93,0.00,0,8.94
1571.00,430,-0.10,36.00,596.93,0.00,0,11.22
1581.00,432,-0.24,39.00,596.93,0.00,0,9.05
1581.00,433,-0.81,36.00,615.10,0.00,0,5.72
1592.00,435,-0.95,40.00,596.93,0.00,0,9.62
1610.00,439,-0.23,43.00,596.93,0.00,0,8.67
1631.00,391,-0.87,236.00,615.10,194.00,1,206.99
1633.00,399,-0.43,209.00,596.93,164.00,1,179.22
1635.00,431,-0.67,97.00,615.10,47.00,1,58.76
1636.00,379,-0.03,283.00,617.75,231.00,1,243.46
1636.00,381,-0.17,276.00,617.75,228.00,1,241.64
1636.00,403,-0.71,198.00,596.93,154.00,1,168.18
1636.00,441,-0.37,62.00,615.10,12.00,1,27.75
1638.00,395,-0.15,228.00,617.75,181.00,1,198.51
1641.00,405,-0.85,196.00,596.93,147.00,1,161.85
1642.00,408,-0.56,186.00,596.93,136.00,1,155.11
1644.00,410,-0.70,181.00,596.93,131.00,1,151.64
1645.00,413,-0.41,171.00,617.75,116.00,1,129.28
1645.00,414,-0.98,168.00,617.75,115.00,1,134.58
1646.00,416,-0.12,161.00,617.75,109.00,1,131.88
1648.00,438,-0.66,85.00,617.75,34.00,1,56.30
1654.00,452,-0.64,41.00,596.93,0.00,0,8.71
1668.00,456,-0.92,41.00,617.75,0.00,0,9.86
1687.00,402,-0.14,252.00,615.10,208.00,1,220.77
1689.00,396,-0.72,276.00,617.75,229.00,1,241.82
1689.00,415,-0.55,208.00,596.93,164.00,1,177.87
1689.00,428,-0.96,162.00,615.10,116.00,1,128.38
1691.00,397,-0.29,274.00,617.75,228.00,1,243.99
1692.00,447,-0.79,97.00,617.75,53.00,1,69.26
1694.00,434,-0.38,145.00,615.10,92.00,1,103.59
1694.00,449,-0.93,92.00,617.75,46.00,1,62.06
1695.00,455,-0.35,71.00,596.93,21.00,1,34.38
1697.00,460,-0.20,55.00,617.75,9.00,1,25.64
1710.00,468,-0.76,40.00,617.75,0.00,0,8.06
1713.00,470,-0.90,36.00,615.10,0.00,0,5.56
1723.00,471,-0.47,42.00,596.93,0.00,0,8.70
1731.00,474,-0.18,39.00,596.93,0.00,0,8.67
1750.00,479,-0.03,40.00,615.10,0.00,0,5.39
1759.00,482,-0.74,39.00,596.93,0.00,0,9.77
1762.00,483,-0.31,38.00,615.10,0.00,0,5.46
1777.00,487,-0.59,39.00,596.93,0.00,0,9.24
1789.00,421,1.03,285.00,605.00,242.00,1,255.28
1789.00,422,-0.54,283.00,615.10,239.00,1,249.91
1790.00,420,-0.40,291.00,615.10,245.00,1,257.38
1792.00,423,-0.11,282.00,617.75,236.00,1,249.30
1792.00,425,-0.25,275.00,615.10,228.00,1,239.01
1792.00,429,-0.53,261.00,605.00,217.00,1,234.99
1793.00,436,-0.52,237.00,615.10,182.00,2,200.66
1794.00,437,-0.09,234.00,615.10,184.00,2,203.00
1795.00,442,-0.94,218.00,617.75,172.00,1,187.91
1796.00,440,-0.80,226.00,596.93,177.00,1,189.70
1798.00,443,-0.51,217.00,617.75,170.00,1,190.51
1798.00,445,-0.65,210.00,596.93,159.00,1,176.26
1799.00,459,-0.63,161.00,615.10,107.00,1,119.56
1799.00,462,-0.34,150.00,596.93,102.00,1,118.61
1801.00,469,-0.33,127.00,615.10,74.00,1,89.95
1802.00,477,-0.89,100.00,596.93,48.00,1,67.46
1804.00,444,-0.08,219.00,617.75,166.00,1,184.37
1804.00,486,-0.02,69.00,596.93,19.00,1,42.91
1805.00,488,-0.16,63.00,596.93,12.00,1,33.90
1806.00,446,-0.22,214.00,617.75,161.00,1,181.15
1810.00,448,-0.36,211.00,617.75,153.00,1,172.93
1810.00,495,-0.15,43.00,605.00,0.00,0,5.71
1811.00,450,-0.50,205.00,617.75,149.00,1,174.17
1815.00,451,-0.07,205.00,617.75,146.00,1,167.25
1816.00,467,-0.19,149.00,617.75,92.00,1,115.91
1818.00,480,-0.60,105.00,617.75,47.00,1,72.31
1832.00,501,-0.57,44.00,596.93,0.00,0,9.24
1836.00,457,-0.49,205.00,596.93,163.00,1,176.06
1837.00,461,-0.77,192.00,615.10,144.00,1,157.37
1838.00,453,-0.21,221.00,615.10,172.00,1,188.09
1839.00,454,-0.78,219.00,617.75,169.00,1,180.66
1839.00,464,-0.48,183.00,615.10,136.00,2,156.22
1840.00,484,-0.88,113.00,615.10,64.00,2,80.52
1841.00,472,-0.04,156.00,596.93,109.00,1,124.57
1841.00,473,-0.61,153.00,615.10,107.00,1,121.81
1842.00,492,-0.44,86.00,596.93,40.00,1,58.69
1843.00,490,-0.30,94.00,615.10,45.00,1,63.95
1844.00,458,-0.06,209.00,617.75,154.00,1,167.24
1844.00,504,-0.28,45.00,596.93,0.00,0,15.96
1846.00,496,-0.72,76.00,617.75,28.00,1,45.62
1847.00,505,-0.85,45.00,596.93,0.00,0,13.44
1847.00,506,-0.42,41.00,615.10,0.00,0,9.16
1860.00,507,-0.99,51.00,615.10,0.00,0,5.08
1864.00,511,-0.27,40.00,617.75,0.00,0,7.12
1893.00,521,-0.97,34.00,615.10,0.00,0,5.30
1906.00,523,-0.11,39.00,615.10,0.00,0,5.85
1922.00,527,-0.39,41.00,596.93,0.00,0,9.96
1929.00,530,-0.10,37.00,596.93,0.00,0,10.38
1940.00,533,-0.81,38.00,615.10,0.00,0,5.46
1941.00,532,-0.24,42.00,617.75,0.00,0,7.77
1947.00,463,-0.91,295.00,596.93,252.00,1,267.49
1949.00,465,-0.05,289.00,617.75,244.00,1,257.73
1949.00,475,-0.75,254.00,605.00,208.00,1,220.69
1950.00,481,-0.17,233.00,615.10,184.00,1,202.12
1951.00,466,-0.62,288.00,596.93,241.00,1,256.29
1952.00,476,-0.32,253.00,617.75,207.00,1,219.01
1952.00,485,-0.45,221.00,615.10,173.00,2,190.92
1952.00,493,-0.01,192.00,615.10,149.00,1,163.89
1953.00,491,-0.87,201.00,596.93,154.00,1,170.31
1953.00,509,-0.13,136.00,615.10,88.00,1,107.46
1956.00,478,-0.46,250.00,617.75,200.00,1,211.96
1956.00,510,-0.70,136.00,615.10,88.00,1,104.22
1956.00,529,-0.53,68.00,615.10,19.00,1,35.49
1957.00,497,-0.29,183.00,596.93,133.00,1,149.14
1958.00,534,-0.38,52.00,615.10,4.00,1,20.57
1959.00,500,0.00,174.00,596.93,125.00,1,143.27
1960.00,513,-0.41,129.00,617.75,80.00,1,98.09
1961.00,524,-0.68,91.00,596.93,40.00,1,58.72
1963.00,528,-0.96,79.00,596.93,29.00,1,47.63
1965.00,517,-0.69,120.00,617.75,67.00,1,83.78
1966.00,519,-0.83,114.00,617.75,62.00,1,82.84
1968.00,535,-0.95,59.00,596.93,3.00,1,22.70
1992.00,547,-0.79,40.00,617.75,0.00,0,6.80
2011.00,552,-0.64,41.00,596.93,0.00,0,9.83
2030.00,558,-0.06,38.00,615.10,0.00,0,5.50
2038.00,499,-0.43,257.00,615.10,216.00,1,231.16
2039.00,494,-0.58,276.00,596.93,234.00,1,248.59
2040.00,498,-0.86,263.00,596.93,223.00,1,235.55
2042.00,489,-0.73,297.00,617.75,250.00,1,262.36
2044.00,515,-0.55,206.00,615.10,156.00,1,170.94
2046.00,502,-0.14,254.00,617.75,204.00,1,217.99
2046.00,503,-0.71,251.00,596.93,204.00,1,217.87
2047.00,508,-0.56,234.00,617.75,187.00,1,202.55
2047.00,537,-0.09,130.00,615.10,80.00,1,92.05
2048.00,551,-0.07,81.00,615.10,28.00,1,45.16
2049.00,526,-0.82,172.00,596.93,122.00,1,138.89
2050.00,531,-0.67,155.00,596.93,107.00,1,123.71
2050.00,555,-0.35,69.00,615.10,20.00,1,40.51
2051.00,556,-0.92,67.00,615.10,15.00,1,35.33
2052.00,522,-0.54,189.00,617.75,136.00,1,151.02
2052.00,541,-0.37,121.00,596.93,72.00,1,91.61
2054.00,539,-0.23,130.00,617.75,78.00,1,99.52
2055.00,540,-0.80,128.00,617.75,77.00,1,99.89
2056.00,550,-0.50,93.00,596.93,41.00,1,59.96
2056.00,561,-0.77,54.00,615.10,3.00,1,20.12
2059.00,559,-0.63,64.00,596.93,11.00,1,29.44
2061.00,560,-0.20,62.00,596.93,8.00,1,33.49
2063.00,567,-0.19,39.00,596.93,0.00,0,9.44
2081.00,572,-0.04,39.00,596.93,0.00,0,9.36
2093.00,574,-0.18,44.00,596.93,0.00,0,8.52
2093.00,576,-0.32,37.00,615.10,0.00,0,5.79
2094.00,575,-0.75,42.00,617.75,0.00,0,7.60
2101.00,578,-0.46,38.00,615.10,0.00,0,5.63
2110.00,512,-0.84,283.00,596.93,240.00,1,253.50
2112.00,514,-0.98,278.00,596.93,235.00,1,248.76
2113.00,518,-0.26,264.00,615.10,219.00,1,232.48
2114.00,516,-0.12,272.00,617.75,223.00,1,235.88
2116.00,536,-0.52,203.00,617.75,154.00,1,168.33
2116.00,579,-0.03,49.00,615.10,0.00,0,14.41
2117.00,520,-0.40,261.00,596.93,215.00,1,229.10
2118.00,525,-0.25,244.00,596.93,197.00,1,213.03
2118.00,544,-0.08,176.00,617.75,127.00,1,142.95
2120.00,562,-0.34,114.00,617.75,66.00,1,80.07
2123.00,538,-0.66,203.00,596.93,152.00,1,168.00
2124.00,545,-0.65,179.00,596.93,129.00,1,148.14
2124.00,582,-0.74,47.00,617.75,0.00,0,11.37
2126.00,548,-0.36,170.00,596.93,120.00,1,142.36
2129.00,565,-0.05,112.00,586.83,61.00,1,79.14
2132.00,566,-0.62,112.00,596.93,58.00,1,77.11
2153.00,542,-0.94,219.00,617.75,175.00,1,186.60
2153.00,546,-0.22,204.00,596.93,158.00,1,171.29
2153.00,557,-0.49,165.00,615.10,119.00,1,131.88
2155.00,563,-0.91,146.00,615.10,98.00,2,113.72
2156.00,549,-0.93,197.00,596.93,150.00,1,163.01
2157.00,543,-0.51,219.00,617.75,170.00,1,182.59
2157.00,571,-0.47,119.00,615.10,74.00,1,87.44
2158.00,573,-0.61,113.00,615.10,60.00,1,78.20
2159.00,580,-0.60,89.00,615.10,43.00,1,55.49
2159.00,584,-0.88,75.00,615.10,24.00,1,46.35
2161.00,553,-0.21,187.00,596.93,134.00,1,148.57
2161.00,590,-0.30,55.00,615.10,9.00,1,24.47
2162.00,554,-0.78,185.00,596.93,132.00,1,149.58
2163.00,594,-0.58,43.00,615.10,0.00,0,12.65
2164.00,591,-0.87,55.00,617.75,5.00,1,23.30
2164.00,595,-0.15,40.00,615.10,0.00,0,11.03
2166.00,564,-0.48,153.00,596.93,98.00,1,114.83
2166.00,570,-0.90,132.00,596.93,81.00,1,106.10
2180.00,600,0.00,38.00,615.10,0.00,0,5.41
2199.00,605,-0.85,40.00,615.10,0.00,0,5.20
2200.00,604,-0.28,44.00,596.93,0.00,0,7.73
2230.00,613,-0.41,42.00,596.93,0.00,0,8.79
2266.00,577,-0.89,207.00,615.10,162.00,1,173.92
2268.00,568,-0.76,241.00,596.93,193.00,1,203.65
2269.00,569,-0.33,238.00,617.75,188.00,1,199.76
2269.00,589,-0.73,167.00,615.10,119.00,2,132.27
2270.00,581,-0.17,196.00,596.93,148.00,1,163.15
2270.00,601,-0.57,125.00,615.10,77.00,2,92.96
2271.00,587,-0.59,176.00,617.75,128.00,1,142.76
2271.00,593,-0.01,154.00,596.93,107.00,1,123.69
2271.00,614,-0.98,80.00,615.10,32.00,1,51.69
2272.00,610,-0.70,95.00,615.10,45.00,1,64.34
2274.00,597,-0.29,143.00,617.75,93.00,1,107.05
2274.00,606,-0.42,111.00,596.93,62.00,1,77.61
2275.00,607,-0.99,109.00,615.10,58.00,1,75.09
2276.00,626,-0.82,42.00,596.93,0.00,0,11.34
2278.00,609,-0.13,104.00,617.75,54.00,1,72.50
2301.00,635,-0.95,35.00,615.10,0.00,0,6.17
2323.00,639,-0.23,42.00,596.93,0.00,0,9.57
2337.00,643,-0.51,42.00,596.93,0.00,0,8.48
2350.00,586,-0.02,258.00,605.00,216.00,1,229.29
2351.00,583,-0.31,270.00,596.93,227.00,1,239.86
2353.00,588,-0.16,254.00,617.75,208.00,1,219.19
2354.00,585,-0.45,266.00,596.93,220.00,1,233.52
2354.00,603,-0.71,202.00,615.10,154.00,1,169.53
2355.00,592,-0.44,242.00,617.75,196.00,1,215.12
2355.00,611,-0.27,174.00,596.93,131.00,1,145.77
2357.00,596,-0.72,230.00,617.75,182.00,1,195.93
2357.00,627,-0.39,119.00,615.10,67.00,1,83.31
2358.00,632,-0.24,102.00,615.10,51.00,1,76.04
2359.00,616,-0.12,160.00,596.93,112.00,1,127.87
2360.00,646,-0.22,54.00,615.10,6.00,1,23.06
2361.00,608,-0.56,191.00,617.75,139.00,1,155.44
2363.00,615,-0.55,168.00,617.75,117.00,1,134.29
2364.00,619,-0.83,155.00,596.93,103.00,1,118.84
2365.00,618,-0.26,159.00,617.75,107.00,1,125.44
2365.00,625,-0.25,134.00,596.93,83.00,1,104.79
2366.00,620,-0.40,153.00,617.75,103.00,1,125.09
2368.00,622,-0.54,148.00,617.75,96.00,1,115.65
2369.00,652,-0.64,42.00,596.93,0.00,0,8.86
2373.00,598,-0.86,239.00,596.93,196.00,1,210.12
2375.00,612,-0.84,191.00,615.10,147.00,1,159.72
2377.00,617,-0.69,175.00,615.10,128.00,2,145.71
2377.00,630,-0.10,128.00,596.93,83.00,1,96.16
2378.00,599,-0.43,240.00,617.75,189.00,1,201.84
2378.00,621,-0.97,162.00,615.10,117.00,1,130.39
2378.00,642,-0.94,87.00,596.93,42.00,1,58.16
2379.00,602,-0.14,230.00,617.75,184.00,1,198.60
2379.00,634,-0.38,116.00,615.10,67.00,1,84.87
2382.00,644,-0.08,83.00,615.10,30.00,1,48.07
2383.00,628,-0.96,142.00,617.75,92.00,1,106.24
2384.00,651,-0.07,60.00,615.10,8.00,1,28.12
2385.00,633,-0.81,126.00,617.75,76.00,1,92.73
2386.00,636,-0.52,116.00,617.75,68.00,1,83.78
2386.00,645,-0.65,84.00,596.93,29.00,1,45.64
2389.00,637,-0.09,115.00,617.75,65.00,1,81.10
2398.00,638,-0.66,121.00,615.10,75.00,1,90.19
2400.00,629,-0.53,155.00,617.75,106.00,1,118.33
2401.00,640,-0.80,117.00,596.93,72.00,1,82.45
2401.00,663,-0.91,35.00,615.10,0.00,0,8.22
2402.00,631,-0.67,150.00,617.75,103.00,1,118.12
2404.00,641,-0.37,116.00,617.75,67.00,1,84.45
2405.00,653,-0.21,74.00,596.93,23.00,1,37.38
2406.00,650,-0.50,86.00,617.75,38.00,1,53.52
2407.00,660,-0.20,51.00,596.93,0.00,0,18.47
2412.00,659,-0.63,60.00,617.75,4.00,1,20.12
2419.00,667,-0.19,38.00,617.75,0.00,0,7.37
2423.00,668,-0.76,39.00,615.10,0.00,0,5.06
2429.00,669,-0.33,41.00,617.75,0.00,0,7.48
2432.00,670,-0.90,41.00,617.75,0.00,0,9.59
2447.00,674,-0.18,41.00,615.10,0.00,0,5.08
2457.00,677,-0.89,41.00,596.93,0.00,0,10.01
2462.00,679,-0.03,38.00,615.10,0.00,0,5.44
2465.00,681,-0.17,34.00,615.10,0.00,0,5.66
2477.00,656,-0.92,136.00,615.10,92.00,1,107.13
2478.00,647,-0.79,169.00,596.93,124.00,1,135.99
2478.00,654,-0.78,144.00,617.75,99.00,1,110.95
2481.00,648,-0.36,168.00,596.93,121.00,1,133.90
2484.00,658,-0.06,135.00,617.75,83.00,1,97.23
2486.00,649,-0.93,170.00,596.93,119.00,1,130.94
2486.00,661,-0.77,127.00,617.75,77.00,1,95.40
2488.00,672,-0.04,89.00,596.93,37.00,1,52.62
2489.00,662,-0.34,126.00,617.75,72.00,1,88.19
2490.00,686,-0.02,41.00,615.10,0.00,0,4.92
2494.00,657,-0.49,149.00,596.93,106.00,1,117.80
2495.00,623,-0.11,271.00,617.75,216.00,2,241.16
2496.00,682,-0.74,62.00,615.10,14.00,1,28.56
2497.00,624,-0.68,270.00,617.75,213.00,2,239.20
2497.00,673,-0.61,95.00,596.93,49.00,1,62.71
2497.00,685,-0.45,52.00,615.10,3.00,1,22.88
2498.00,676,-0.32,85.00,596.93,40.00,1,56.75
2500.00,689,-0.73,41.00,615.10,0.00,0,14.71
2501.00,655,-0.35,163.00,617.75,114.00,1,130.05
2502.00,678,-0.46,82.00,596.93,34.00,1,49.59
2503.00,666,-0.62,126.00,617.75,78.00,1,94.49
2504.00,671,-0.47,109.00,617.75,60.00,1,80.18
2505.00,692,-0.44,35.00,615.10,0.00,0,5.86
2520.00,694,-0.58,43.00,596.93,0.00,0,10.04
2534.00,699,-0.43,39.00,617.75,0.00,0,8.58
2537.00,700,0.00,38.00,615.10,0.00,0,5.69
2549.00,702,-0.14,43.00,617.75,0.00,0,6.82
2560.00,707,-0.99,37.00,615.10,0.00,0,4.94
2574.00,710,-0.70,40.00,617.75,0.00,0,8.11
2581.00,664,-0.48,211.00,617.75,165.00,1,179.54
2581.00,675,-0.75,172.00,615.10,127.00,1,144.57
2581.00,680,-0.60,154.00,615.10,108.00,1,122.05
2582.00,683,-0.31,144.00,596.93,98.00,1,111.59
2582.00,696,-0.72,98.00,615.10,53.00,1,69.04
2584.00,665,-0.05,210.00,617.75,162.00,1,176.17
2584.00,687,-0.59,132.00,596.93,87.00,1,103.36
2586.00,695,-0.15,105.00,617.75,58.00,1,73.53
2589.00,709,-0.13,58.00,615.10,4.00,1,17.19
2589.00,714,-0.98,41.00,617.75,0.00,0,7.31
2595.00,706,-0.42,75.00,615.10,29.00,1,42.78
2595.00,715,-0.55,43.00,617.75,0.00,0,14.21
2596.00,703,-0.71,87.00,615.10,41.00,1,53.93
2597.00,684,-0.88,156.00,615.10,108.00,1,120.81
2597.00,697,-0.29,109.00,596.93,64.00,1,77.15
2600.00,705,-0.85,84.00,596.93,36.00,1,51.91
2600.00,716,-0.12,44.00,617.75,0.00,0,9.95
2602.00,712,-0.84,61.00,596.93,12.00,1,29.52
2603.00,718,-0.26,40.00,617.75,0.00,0,11.06
2631.00,726,-0.82,40.00,596.93,0.00,0,8.53
2635.00,728,-0.96,37.00,615.10,0.00,0,5.65
2680.00,739,-0.23,42.00,615.10,0.00,0,5.41
2682.00,741,-0.37,37.00,617.75,0.00,0,7.19
2689.00,691,-0.87,223.00,615.10,179.00,1,193.25
2690.00,708,-0.56,163.00,615.10,115.00,1,133.37
2692.00,701,-0.57,190.00,617.75,142.00,1,154.13
2692.00,738,-0.66,58.00,615.10,11.00,1,28.23
2693.00,688,-0.16,237.00,596.93,187.00,1,196.63
2693.00,690,-0.30,230.00,615.10,182.00,1,194.70
2694.00,711,-0.27,156.00,615.10,111.00,1,127.43
2695.00,704,-0.28,182.00,607.65,133.00,1,147.61
2696.00,693,-0.01,222.00,596.93,174.00,1,187.54
2697.00,698,-0.86,206.00,596.93,159.00,1,178.84
2699.00,717,-0.69,140.00,596.93,92.00,1,112.64
2699.00,735,-0.95,76.00,617.75,28.00,1,42.59
2700.00,724,-0.68,116.00,596.93,70.00,1,87.44
2701.00,745,-0.65,42.00,617.75,0.00,0,10.87
2703.00,729,-0.53,101.00,596.93,51.00,1,71.18
2707.00,740,-0.80,66.00,596.93,13.00,1,33.40
2721.00,751,-0.07,40.00,596.93,0.00,0,10.26
2728.00,752,-0.64,44.00,596.93,0.00,0,8.22
2729.00,753,-0.21,41.00,617.75,0.00,0,8.92
2748.00,759,-0.63,39.00,615.10,0.00,0,5.02
2754.00,713,-0.41,209.00,615.10,166.00,1,179.08
2757.00,719,-0.83,191.00,615.10,142.00,1,155.54
2757.00,721,-0.97,184.00,596.93,137.00,1,149.83
2757.00,742,-0.94,109.00,615.10,64.00,1,77.78
2757.00,750,-0.50,80.00,615.10,31.00,1,51.36
2759.00,727,-0.39,164.00,617.75,112.00,1,123.68
2759.00,730,-0.10,153.00,596.93,107.00,1,121.03
2761.00,734,-0.38,141.00,596.93,94.00,1,109.45
2761.00,748,-0.36,91.00,617.75,42.00,1,60.79
2764.00,756,-0.92,66.00,617.75,15.00,1,29.84
2764.00,762,-0.34,44.00,615.10,0.00,0,11.27
2774.00,766,-0.62,40.00,617.75,0.00,0,7.42
2784.00,769,-0.33,39.00,615.10,0.00,0,5.77
2802.00,731,-0.67,193.00,615.10,153.00,1,168.32
2805.00,720,-0.40,235.00,617.75,189.00,1,202.28
2807.00,725,-0.25,219.00,596.93,170.00,1,181.97
2808.00,736,-0.52,181.00,615.10,130.00,1,146.64
2809.00,732,-0.24,196.00,596.93,149.00,1,164.49
2809.00,737,-0.09,178.00,615.10,128.00,2,149.72
2811.00,722,-0.54,234.00,617.75,182.00,1,195.54
2811.00,744,-0.08,155.00,596.93,107.00,1,119.85
2811.00,757,-0.49,109.00,615.10,59.00,1,78.12
2812.00,723,-0.11,231.00,617.75,181.00,1,199.99
2813.00,749,-0.93,140.00,596.93,91.00,1,106.49
2813.00,758,-0.06,107.00,615.10,56.00,2,74.86
2814.00,773,-0.61,55.00,615.10,6.00,2,27.08
2815.00,733,-0.81,199.00,617.75,147.00,1,164.33
2815.00,768,-0.76,74.00,596.93,23.00,1,42.05
2816.00,767,-0.19,78.00,615.10,29.00,1,49.38
2818.00,755,-0.35,123.00,617.75,69.00,1,85.73
2823.00,779,-0.03,42.00,617.75,0.00,0,7.82
2836.00,783,-0.31,41.00,615.10,0.00,0,4.99
2855.00,746,-0.22,192.00,596.93,146.00,1,158.55
2856.00,743,-0.51,204.00,617.75,157.00,1,170.58
2857.00,774,-0.18,94.00,615.10,44.00,1,56.83
2858.00,747,-0.79,192.00,596.93,146.00,1,158.84
2858.00,765,-0.05,127.00,617.75,81.00,1,92.16
2859.00,781,-0.17,71.00,615.10,20.00,2,38.69
2860.00,754,-0.78,169.00,596.93,123.00,1,136.11
2860.00,784,-0.88,62.00,617.75,15.00,1,30.05
2861.00,763,-0.91,138.00,596.93,92.00,1,107.46
2863.00,764,-0.48,136.00,596.93,90.00,1,106.04
2863.00,789,-0.73,47.00,617.75,0.00,0,13.14
2869.00,772,-0.04,113.00,596.93,59.00,1,76.58
2870.00,777,-0.89,97.00,586.83,46.00,1,65.72
2874.00,792,-0.44,47.00,596.93,0.00,0,13.86
2883.00,761,-0.77,167.00,617.75,124.00,1,137.37
2884.00,760,-0.20,171.00,615.10,126.00,1,140.90
2884.00,771,-0.47,132.00,615.10,86.00,1,99.18
2886.00,786,-0.02,80.00,615.10,31.00,2,48.64
2887.00,770,-0.90,139.00,617.75,92.00,1,104.03
2888.00,793,-0.01,57.00,615.10,8.00,1,24.39
2890.00,785,-0.45,88.00,615.10,35.00,1,45.59
2894.00,775,-0.75,128.00,617.75,84.00,1,98.78
2895.00,778,-0.46,118.00,617.75,61.00,1,73.87
2896.00,780,-0.60,112.00,615.10,66.00,1,82.11
2896.00,795,-0.15,58.00,615.10,10.00,1,24.03
2897.00,794,-0.58,63.00,596.93,17.00,1,31.07
2897.00,797,-0.29,52.00,615.10,5.00,1,22.94
2898.00,776,-0.32,128.00,617.75,82.00,1,95.97
2900.00,799,-0.43,48.00,596.93,0.00,0,14.03
2905.00,782,-0.74,114.00,617.75,59.00,1,71.47
2905.00,790,-0.30,85.00,617.75,34.00,1,50.59
2906.00,802,-0.14,43.00,615.10,0.00,0,9.10
2912.00,805,-0.85,39.00,596.93,0.00,0,9.36
2922.00,788,-0.16,109.00,615.10,63.00,1,75.93
2923.00,791,-0.87,100.00,596.93,56.00,1,68.86
2924.00,803,-0.71,58.00,617.75,8.00,1,20.14
2931.00,810,-0.70,40.00,615.10,0.00,0,5.16
2939.00,811,-0.27,44.00,615.10,0.00,0,5.68
2939.00,814,-0.98,34.00,615.10,0.00,0,6.42
2944.00,813,-0.41,42.00,615.10,0.00,0,5.39
2959.00,819,-0.83,36.00,615.10,0.00,0,6.08
2981.00,825,-0.25,36.00,615.10,0.00,0,6.99
3002.00,807,-0.99,122.00,615.10,81.00,1,94.32
3004.00,798,-0.86,156.00,596.93,111.00,1,122.09
3004.00,801,-0.57,145.00,617.75,99.00,1,113.47
3004.00,818,-0.26,84.00,615.10,41.00,1,55.13
3005.00,809,-0.13,117.00,596.93,73.00,1,88.70
3007.00,820,-0.40,80.00,615.10,30.00,1,45.80
3008.00,816,-0.12,95.00,596.93,50.00,1,64.18
3008.00,829,-0.53,49.00,615.10,2.00,1,16.55
3011.00,830,-0.10,48.00,617.75,0.00,0,14.20
3011.00,832,-0.24,41.00,596.93,0.00,0,9.00
3017.00,834,-0.38,40.00,617.75,0.00,0,7.07
3040.00,840,-0.80,42.00,596.93,0.00,0,10.05
3063.00,800,0.00,207.00,615.10,160.00,1,173.82
3063.00,812,-0.84,165.00,596.93,122.00,1,136.42
3064.00,787,-0.59,255.00,617.75,203.00,2,220.61
3064.00,804,-0.28,194.00,615.10,142.00,1,162.39
3065.00,808,-0.56,181.00,615.10,133.00,2,148.47
3066.00,815,-0.55,157.00,615.10,111.00,1,129.16
3067.00,817,-0.69,151.00,615.10,101.00,1,120.00
3068.00,823,-0.11,130.00,596.93,82.00,1,96.53
3069.00,796,-0.72,228.00,617.75,171.00,2,190.28
3069.00,831,-0.67,103.00,615.10,54.00,1,70.65
3071.00,821,-0.97,141.00,615.10,90.00,1,105.95
3072.00,844,-0.08,59.00,596.93,12.00,1,26.48
3073.00,826,-0.82,125.00,617.75,75.00,1,95.17
3074.00,828,-0.96,119.00,615.10,66.00,1,79.06
3076.00,846,-0.22,56.00,615.10,0.00,0,13.26
3078.00,850,-0.50,44.00,615.10,0.00,0,14.76
3079.00,841,-0.37,77.00,617.75,24.00,1,43.63
3081.00,835,-0.95,101.00,617.75,43.00,1,57.30
3083.00,849,-0.93,53.00,617.75,0.00,0,14.52
3089.00,853,-0.21,44.00,617.75,0.00,0,7.87
3092.00,855,-0.35,40.00,596.93,0.00,0,8.76
3109.00,858,-0.06,46.00,596.93,0.00,0,8.54
3116.00,859,-0.63,50.00,596.93,0.00,0,8.73
3116.00,861,-0.77,43.00,596.93,0.00,0,9.81
3118.00,862,-0.34,41.00,596.93,0.00,0,10.86
3118.00,863,-0.91,38.00,615.10,0.00,0,5.53
3133.00,822,-0.54,199.00,596.93,156.00,1,168.10
3135.00,806,-0.42,258.00,617.75,211.00,1,224.55
3135.00,824,-0.68,194.00,596.93,150.00,1,163.42
3136.00,827,-0.39,184.00,615.10,136.00,1,147.16
3136.00,833,-0.81,163.00,615.10,117.00,1,131.30
3137.00,839,-0.23,142.00,596.93,98.00,1,113.57
3138.00,865,-0.05,50.00,615.10,0.00,0,22.12
3143.00,842,-0.94,138.00,617.75,83.00,1,95.70
3147.00,870,-0.90,42.00,596.93,0.00,0,8.36
3150.00,871,-0.47,41.00,596.93,0.00,0,9.71
3218.00,888,-0.16,48.00,615.10,0.00,0,6.20
3219.00,836,-0.52,235.00,615.10,191.00,1,204.35
3219.00,845,-0.65,203.00,615.10,160.00,1,173.05
3220.00,837,-0.09,232.00,615.10,187.00,1,204.38
3222.00,838,-0.66,231.00,596.93,185.00,1,198.29
3222.00,854,-0.78,174.00,615.10,129.00,1,141.72
3222.00,856,-0.92,167.00,615.10,118.00,1,137.29
3223.00,843,-0.51,214.00,596.93,169.00,1,184.26
3226.00,860,-0.20,156.00,617.75,107.00,1,119.78
3226.00,868,-0.76,128.00,615.10,76.00,1,91.30
3227.00,869,-0.33,125.00,596.93,78.00,1,92.45
3228.00,881,-0.17,83.00,617.75,34.00,1,48.58
3229.00,879,-0.03,91.00,596.93,42.00,1,60.47
3229.00,893,-0.01,41.00,615.10,0.00,0,7.73
3230.00,882,-0.74,82.00,596.93,34.00,1,57.06
3236.00,886,-0.02,73.00,596.93,20.00,1,38.30
3241.00,896,-0.72,43.00,596.93,0.00,0,9.28
3253.00,899,-0.43,44.00,617.75,0.00,0,9.18
3273.00,904,-0.28,46.00,615.10,0.00,0,5.50
3281.00,908,-0.56,40.00,615.10,0.00,0,5.17
3288.00,909,-0.13,43.00,586.83,0.00,0,8.19
3292.00,912,-0.84,37.00,615.10,0.00,0,5.36
3316.00,918,-0.26,39.00,617.75,0.00,0,8.36
3322.00,920,-0.40,38.00,615.10,0.00,0,5.69
3343.00,847,-0.79,320.00,596.93,273.00,1,284.49
3343.00,848,-0.36,316.00,615.10,270.00,1,283.04
3343.00,851,-0.07,305.00,617.75,258.00,1,270.56
3343.00,864,-0.48,259.00,615.10,214.00,1,231.30
3345.00,876,-0.32,218.00,615.10,169.00,1,189.35
3346.00,852,-0.64,305.00,617.75,256.00,1,269.73
3346.00,874,-0.18,226.00,596.93,180.00,1,195.17
3347.00,857,-0.49,288.00,617.75,241.00,1,259.68
3348.00,878,-0.46,214.00,615.10,163.00,1,182.03
3349.00,867,-0.19,254.00,615.10,199.00,1,211.71
3349.00,873,-0.61,233.00,607.65,187.00,1,201.75
3349.00,880,-0.60,208.00,596.93,160.00,1,175.71
3351.00,883,-0.31,199.00,615.10,147.00,2,164.97
3351.00,885,-0.45,192.00,596.93,145.00,1,163.78
3352.00,889,-0.73,179.00,615.10,130.00,1,148.16
3352.00,891,-0.87,172.00,615.10,120.00,1,141.50
3353.00,877,-0.89,223.00,617.75,171.00,1,186.60
3354.00,917,-0.69,81.00,615.10,30.00,1,47.22
3356.00,895,-0.15,161.00,617.75,111.00,1,128.31
3357.00,897,-0.29,155.00,596.93,100.00,1,117.75
3358.00,906,-0.42,124.00,617.75,72.00,1,91.85
3358.00,928,-0.96,46.00,615.10,0.00,0,12.47
3360.00,898,-0.86,155.00,596.93,98.00,1,115.50
3361.00,900,0.00,148.00,596.93,95.00,1,116.63
3361.00,925,-0.25,59.00,617.75,6.00,1,24.84
3363.00,903,-0.71,140.00,596.93,85.00,1,108.95
3366.00,911,-0.27,114.00,596.93,57.00,1,79.44
3368.00,923,-0.11,73.00,596.93,15.00,1,44.26
3376.00,934,-0.38,42.00,617.75,0.00,0,9.30
3387.00,937,-0.09,42.00,617.75,0.00,0,8.63
3410.00,942,-0.94,48.00,596.93,0.00,0,8.90
3412.00,866,-0.62,321.00,596.93,276.00,1,288.74
3414.00,884,-0.88,259.00,617.75,212.00,1,226.06
3414.00,914,-0.98,152.00,615.10,104.00,1,117.31
3416.00,892,-0.44,232.00,617.75,185.00,1,199.27
3418.00,872,-0.04,305.00,596.93,254.00,1,267.54
3418.00,915,-0.55,152.00,615.10,101.00,1,113.44
3419.00,924,-0.68,121.00,617.75,73.00,1,86.98
3419.00,939,-0.23,67.00,615.10,18.00,1,36.89
3420.00,875,-0.75,297.00,596.93,248.00,1,267.82
3420.00,930,-0.10,100.00,615.10,46.00,1,63.34
3421.00,887,-0.59,255.00,596.93,206.00,1,223.76
3422.00,926,-0.82,117.00,617.75,68.00,1,85.05
3424.00,901,-0.57,208.00,596.93,157.00,1,174.47
3425.00,910,-0.70,177.00,596.93,127.00,1,147.39
3425.00,932,-0.24,98.00,617.75,46.00,1,61.98
3427.00,933,-0.81,97.00,617.75,45.00,1,60.09
3428.00,947,-0.79,48.00,617.75,0.00,0,16.41
3429.00,919,-0.83,149.00,596.93,96.00,1,116.03
3430.00,948,-0.36,46.00,615.10,0.00,0,5.21
3433.00,927,-0.39,124.00,596.93,69.00,1,87.50
3442.00,953,-0.21,40.00,596.93,0.00,0,8.76
3457.00,957,-0.49,41.00,596.93,0.00,0,9.03
3475.00,963,0.09,37.00,586.83,0.00,0,10.88
3480.00,962,-0.34,46.00,617.75,0.00,0,7.32
3483.00,966,-0.62,35.00,615.10,0.00,0,5.44
3486.00,965,-0.05,41.00,617.75,0.00,0,9.34
3513.00,894,-0.58,322.00,615.10,278.00,1,292.05
3513.00,902,-0.14,293.00,615.10,249.00,1,262.69
3514.00,890,-0.30,337.00,617.75,292.00,1,305.80
3515.00,907,-0.99,278.00,615.10,231.00,2,251.35
3515.00,913,-0.41,256.00,596.93,209.00,1,225.90
3518.00,905,-0.85,288.00,615.10,240.00,1,253.61
3519.00,921,-0.97,232.00,615.10,181.00,1,196.94
3520.00,922,-0.54,229.00,596.93,181.00,1,193.12
3521.00,916,-0.12,251.00,617.75,201.00,1,214.64
3522.00,950,-0.50,131.00,615.10,78.00,1,95.32
3523.00,935,-0.95,186.00,596.93,136.00,1,149.72
3523.00,936,-0.52,182.00,617.75,132.00,1,151.54
3523.00,956,-0.92,111.00,615.10,59.00,1,78.50
3524.00,944,-0.08,154.00,617.75,106.00,1,124.05
3524.00,954,-0.78,119.00,596.93,70.00,1,86.46
3525.00,958,-0.06,105.00,615.10,54.00,2,77.48
3526.00,949,-0.93,139.00,617.75,90.00,1,107.22
3526.00,960,-0.20,99.00,596.93,48.00,1,69.85
3530.00,968,-0.76,75.00,617.75,22.00,1,41.03
3545.00,981,-0.17,43.00,596.93,0.00,0,9.05
3562.00,987,-0.59,39.00,596.93,0.00,0,9.88
3568.00,988,-0.16,41.00,596.93,0.00,0,8.97
3571.00,990,-0.30,37.00,615.10,0.00,0,5.23
3585.00,992,-0.44,44.00,617.75,0.00,0,7.35
3590.00,993,-0.01,45.00,617.75,0.00,0,7.48
3611.00,998,-0.86,49.00,615.10,0.00,0,5.51
3612.00,931,-0.67,289.00,615.10,242.00,1,257.10
3613.00,929,-0.53,297.00,615.10,251.00,1,263.69
3613.00,938,-0.66,265.00,617.75,219.00,1,232.05
3614.00,952,-0.64,216.00,615.10,169.00,2,187.44
3614.00,964,-0.48,173.00,615.10,129.00,1,145.25
3615.00,946,-0.22,238.00,617.75,191.00,1,206.71
3615.00,967,-0.19,163.00,615.10,116.00,2,134.21
3617.00,940,-0.80,262.00,596.93,212.00,1,225.72
3618.00,941,-0.37,259.00,596.93,211.00,1,227.56
3620.00,971,-0.47,154.00,615.10,102.00,1,116.27
3620.00,972,-0.04,150.00,617.75,103.00,1,116.06
3621.00,943,-0.51,255.00,586.83,205.00,1,221.07
3622.00,973,-0.61,149.00,617.75,100.00,1,119.56
3622.00,975,-0.75,142.00,615.10,91.00,1,107.92
3623.00,959,-0.63,200.00,596.93,152.00,1,170.62
3623.00,974,-0.18,146.00,617.75,97.00,1,118.11
3623.00,976,-0.32,139.00,615.10,88.00,1,101.61
3624.00,961,-0.77,194.00,586.83,144.00,1,165.07
3625.00,982,-0.74,120.00,617.75,72.00,1,91.63
3628.00,997,-0.29,69.00,617.75,19.00,1,40.99
3629.00,980,-0.60,131.00,596.93,77.00,1,95.85
3631.00,986,-0.02,111.00,596.93,58.00,1,79.18
3661.00,1015,-0.55,38.00,617.75,0.00,0,10.27
3673.00,994,-0.58,125.00,615.10,83.00,1,95.45
3674.00,945,-0.65,301.00,617.75,258.00,1,270.31
3674.00,955,-0.35,265.00,596.93,220.00,1,230.72
3676.00,951,-0.07,281.00,617.75,236.00,1,251.84
3676.00,978,-0.46,185.00,596.93,140.00,1,153.27
3679.00,969,-0.33,220.00,607.65,173.00,1,190.03
3680.00,983,-0.31,171.00,596.93,122.00,1,135.64
3681.00,995,-0.15,129.00,605.00,76.00,1,87.52
3681.00,1001,-0.57,108.00,615.10,56.00,1,73.99
3682.00,970,-0.90,220.00,617.75,171.00,1,188.60
3682.00,989,-0.73,152.00,596.93,104.00,1,126.49
3683.00,1016,-0.12,56.00,615.10,2.00,1,23.20
3684.00,984,-0.88,172.00,617.75,124.00,1,143.89
3684.00,991,-0.87,147.00,596.93,97.00,1,115.39
3687.00,1004,-0.28,103.00,596.93,51.00,1,69.88
3688.00,996,-0.72,133.00,617.75,81.00,1,100.99
3690.00,1010,-0.70,85.00,617.75,32.00,1,52.55
3691.00,1005,-0.85,104.00,596.93,49.00,1,68.35
3691.00,1012,-0.84,79.00,617.75,27.00,1,49.45
3691.00,1022,-0.54,43.00,615.10,0.00,0,10.29
3694.00,1017,-0.69,64.00,617.75,12.00,1,34.10
3714.00,1029,-0.53,41.00,596.93,0.00,0,8.97
3723.00,1031,-0.67,43.00,617.75,0.00,0,9.37
3726.00,1033,-0.81,39.00,596.93,0.00,0,9.95
3744.00,1035,-0.95,50.00,596.93,0.00,0,7.31
3744.00,1037,-0.09,42.00,615.10,0.00,0,5.50
3757.00,977,-0.89,270.00,617.75,226.00,1,239.47
3757.00,985,-0.45,241.00,615.10,197.00,1,209.54
3758.00,979,-0.03,263.00,615.10,216.00,1,229.39
3758.00,1011,-0.27,149.00,596.93,106.00,1,117.98
3762.00,999,-0.43,196.00,617.75,146.00,1,160.26
3763.00,1023,-0.11,111.00,596.93,63.00,1,76.17
3765.00,1043,-0.51,42.00,615.10,0.00,0,8.98
3766.00,1027,-0.39,100.00,596.93,49.00,1,64.96
3767.00,1007,-0.99,173.00,617.75,119.00,1,130.52
3767.00,1032,-0.24,83.00,617.75,31.00,1,51.94
3768.00,1028,-0.96,99.00,596.93,49.00,1,66.26
3773.00,1000,0.00,203.00,596.93,159.00,1,172.31
3774.00,1002,-0.14,197.00,617.75,151.00,1,164.92
3775.00,1008,-0.56,177.00,596.93,133.00,1,147.27
3776.00,1013,-0.41,160.00,615.10,113.00,1,123.55
3777.00,1003,-0.71,197.00,617.75,150.00,1,163.03
3777.00,1014,-0.98,158.00,596.93,112.00,1,128.58
3778.00,1020,-0.40,137.00,615.10,85.00,1,102.76
3779.00,1021,-0.97,135.00,596.93,91.00,1,106.12
3779.00,1040,-0.80,67.00,615.10,17.00,1,33.78
3781.00,1006,-0.42,190.00,617.75,140.00,1,153.68
3782.00,1025,-0.25,123.00,596.93,77.00,1,92.24
3783.00,1009,-0.13,181.00,617.75,132.00,1,151.59
3786.00,1034,-0.38,95.00,617.75,43.00,1,60.65
3788.00,1041,-0.37,72.00,617.75,19.00,1,37.67
3790.00,1049,-0.93,46.00,617.75,0.00,0,11.14
3798.00,1019,-0.83,161.00,615.10,120.00,1,131.78
3799.00,1018,-0.26,165.00,615.10,123.00,1,136.29
3799.00,1024,-0.68,144.00,615.10,99.00,1,113.40
3801.00,1026,-0.82,139.00,615.10,95.00,1,109.95
3802.00,1030,-0.10,125.00,617.75,82.00,1,97.12
3802.00,1039,-0.23,93.00,615.10,43.00,1,59.01
3805.00,1036,-0.52,107.00,596.93,57.00,1,69.51
3808.00,1038,-0.66,103.00,617.75,54.00,1,72.42
3808.00,1047,-0.79,71.00,596.93,19.00,1,32.94
3808.00,1048,-0.36,67.00,615.10,14.00,1,25.05
3809.00,1042,-0.94,90.00,617.75,42.00,1,62.87
3809.00,1050,-0.50,61.00,615.10,8.00,1,26.08
3813.00,1044,-0.08,86.00,617.75,36.00,1,52.36
3814.00,1045,-0.65,84.00,617.75,33.00,1,56.93
3816.00,1054,-0.78,54.00,617.75,3.00,1,24.59
3828.00,1062,-0.34,37.00,596.93,0.00,0,10.91
3833.00,1063,-0.91,39.00,596.93,0.00,0,9.24
3856.00,1070,-0.90,37.00,615.10,0.00,0,5.61
3860.00,1071,-0.47,37.00,596.93,0.00,0,10.39
3871.00,1073,-0.61,41.00,596.93,0.00,0,9.63
3878.00,1051,-0.07,126.00,596.93,83.00,1,97.66
3880.00,1053,-0.21,121.00,615.10,76.00,1,90.33
3880.00,1058,-0.06,103.00,615.10,58.00,1,70.89
3882.00,1064,-0.48,84.00,596.93,38.00,1,52.50
3883.00,1060,-0.20,99.00,615.10,53.00,1,65.24
3883.00,1072,-0.04,56.00,596.93,12.00,1,26.40
3886.00,1069,-0.33,70.00,617.75,21.00,1,34.13
3887.00,1076,-0.32,46.00,617.75,0.00,0,17.60
3887.00,1077,-0.89,43.00,596.93,0.00,0,9.09
3889.00,1078,-0.46,41.00,617.75,0.00,0,11.04
3903.00,1082,-0.74,41.00,615.10,0.00,0,5.68
3929.00,1089,-0.73,42.00,617.75,0.00,0,9.68
3936.00,1091,-0.87,42.00,617.75,0.00,0,8.21
3939.00,1093,-0.01,37.00,615.10,0.00,0,5.80
3947.00,1095,-0.15,38.00,615.10,0.00,0,6.01
3957.00,1098,-0.86,38.00,615.10,0.00,0,5.43
3971.00,1052,-0.64,216.00,615.10,172.00,1,185.51
3972.00,1067,-0.19,163.00,617.75,119.00,1,132.84
3973.00,1046,-0.22,239.00,615.10,193.00,1,206.24
3974.00,1066,-0.62,169.00,615.10,123.00,1,135.69
3974.00,1084,-0.88,105.00,615.10,59.00,1,73.68
3976.00,1100,0.00,49.00,615.10,0.00,0,16.20
3977.00,1088,-0.16,93.00,617.75,47.00,1,62.05
3978.00,1068,-0.76,166.00,596.93,112.00,1,126.30
3979.00,1080,-0.60,124.00,596.93,72.00,1,90.38
3981.00,1090,-0.30,90.00,596.93,40.00,1,55.34
3982.00,1096,-0.72,70.00,617.75,18.00,1,32.53
3991.00,1105,-0.85,47.00,596.93,0.00,0,7.77
3992.00,1106,-0.42,44.00,596.93,0.00,0,12.89
3995.00,1108,-0.56,40.00,615.10,0.00,0,5.25
4010.00,1112,-0.84,41.00,596.93,0.00,0,9.51
4016.00,1114,-0.98,40.00,596.93,0.00,0,7.65
4030.00,1117,-0.69,43.00,607.65,0.00,0,8.46
4038.00,1120,-0.40,40.00,617.75,0.00,0,7.13
4059.00,1057,-0.49,286.00,615.10,243.00,1,259.27
4062.00,1055,-0.35,296.00,615.10,250.00,1,261.93
4062.00,1056,-0.92,293.00,617.75,247.00,1,260.50
4063.00,1074,-0.18,229.00,615.10,179.00,1,196.75
4064.00,1059,-0.63,284.00,596.93,238.00,1,249.87
4064.00,1061,-0.77,277.00,617.75,230.00,1,244.55
4065.00,1124,-0.68,53.00,615.10,2.00,1,19.43
4066.00,1081,-0.17,207.00,615.10,160.00,1,175.33
4067.00,1065,-0.05,265.00,596.93,216.00,1,229.88
4071.00,1075,-0.75,234.00,596.93,182.00,1,197.59
4075.00,1101,-0.57,145.00,596.93,92.00,1,113.03
4077.00,1115,-0.55,97.00,596.93,45.00,1,66.67
4079.00,1086,-0.02,202.00,596.93,140.00,1,154.41
4082.00,1118,-0.26,91.00,596.93,35.00,1,55.18
4082.00,1132,-0.24,41.00,617.75,0.00,0,10.15
4084.00,1134,-0.38,36.00,615.10,0.00,0,5.90
4097.00,1136,-0.52,42.00,615.10,0.00,0,4.81
4111.00,1141,-0.37,38.00,596.93,0.00,0,9.93
4117.00,1142,-0.94,41.00,615.10,0.00,0,6.01
4129.00,1145,-0.65,42.00,596.93,0.00,0,9.31
4133.00,1083,-0.31,267.00,615.10,225.00,1,237.84
4134.00,1079,-0.03,282.00,596.93,239.00,1,250.74
4136.00,1085,-0.45,263.00,596.93,217.00,1,232.50
4137.00,1092,-0.44,239.00,615.10,190.00,1,202.06
4139.00,1103,-0.71,202.00,615.10,151.00,1,164.61
4140.00,1094,-0.58,235.00,617.75,185.00,1,197.08
4140.00,1104,-0.28,199.00,615.10,149.00,1,167.67
4141.00,1110,-0.70,179.00,605.00,129.00,2,150.30
4143.00,1087,-0.59,263.00,596.93,212.00,1,224.95
4143.00,1123,-0.11,134.00,615.10,83.00,1,102.75
4144.00,1099,-0.43,221.00,617.75,172.00,1,185.04
4145.00,1111,-0.27,179.00,615.10,129.00,1,145.43
4145.00,1125,-0.25,129.00,615.10,77.00,1,91.03
4145.00,1137,-0.09,86.00,596.93,40.00,1,56.27
4146.00,1097,-0.29,230.00,617.75,174.00,1,186.22
4148.00,1113,-0.41,175.00,617.75,124.00,1,141.38
4148.00,1148,-0.36,50.00,596.93,0.00,0,18.02
4148.00,1149,-0.93,47.00,615.10,0.00,0,13.12
4150.00,1127,-0.39,127.00,617.75,75.00,1,94.96
4151.00,1150,-0.50,46.00,596.93,0.00,0,13.30
4153.00,1151,-0.07,44.00,596.93,0.00,0,14.00
4154.00,1129,-0.53,124.00,617.75,69.00,1,85.76
4155.00,1154,-0.78,36.00,615.10,0.00,0,5.91
4156.00,1130,-0.10,122.00,617.75,68.00,1,88.72
4158.00,1140,-0.80,89.00,617.75,33.00,1,53.11
4162.00,1144,-0.08,78.00,617.75,18.00,1,40.09
4189.00,1109,-0.13,230.00,596.93,189.00,1,201.43
4193.00,1102,-0.14,259.00,617.75,212.00,1,223.10
4193.00,1119,-0.83,199.00,596.93,151.00,1,164.75
4193.00,1121,-0.97,192.00,615.10,144.00,1,155.58
4194.00,1107,-0.99,243.00,617.75,197.00,1,211.63
4194.00,1135,-0.95,143.00,615.10,94.00,1,108.89
4196.00,1128,-0.96,170.00,596.93,122.00,1,136.42
4196.00,1138,-0.66,134.00,615.10,83.00,1,105.45
4198.00,1116,-0.12,214.00,617.75,163.00,1,177.77
4198.00,1157,-0.49,68.00,596.93,21.00,1,37.41
4200.00,1122,-0.54,195.00,617.75,147.00,1,167.98
4201.00,1168,-0.76,32.00,615.10,0.00,0,6.24
4203.00,1147,-0.79,109.00,617.75,55.00,1,73.74
4226.00,1173,-0.61,39.00,617.75,0.00,0,9.86
4242.00,1176,-0.32,44.00,596.93,0.00,0,8.74
4242.00,1178,-0.46,37.00,615.10,0.00,0,6.08
4245.00,1177,-0.89,44.00,617.75,0.00,0,7.25
4252.00,1179,-0.03,43.00,615.10,0.00,0,5.26
4261.00,1126,-0.82,242.00,615.10,198.00,1,211.77
4261.00,1146,-0.22,170.00,615.10,127.00,1,141.32
4264.00,1131,-0.67,227.00,617.75,178.00,1,192.08
4264.00,1139,-0.23,198.00,596.93,152.00,1,164.91
4264.00,1160,-0.20,123.00,615.10,74.00,2,90.79
4265.00,1172,-0.04,81.00,615.10,33.00,2,50.66
4266.00,1133,-0.81,222.00,617.75,175.00,1,190.04
4267.00,1161,-0.77,123.00,617.75,74.00,1,94.32
4267.00,1174,-0.18,76.00,615.10,27.00,2,47.92
4268.00,1143,-0.51,188.00,596.93,138.00,1,152.66
4270.00,1159,-0.63,133.00,596.93,85.00,1,98.80
4272.00,1163,-0.91,121.00,596.93,72.00,1,87.98
4274.00,1169,-0.33,101.00,617.75,47.00,1,61.12
4276.00,1164,-0.48,121.00,596.93,67.00,1,84.56
4306.00,1195,-0.15,40.00,615.10,0.00,0,4.98
4351.00,1153,-0.21,235.00,615.10,193.00,1,208.57
4351.00,1155,-0.35,228.00,615.10,183.00,1,197.13
4352.00,1175,-0.75,158.00,615.10,109.00,1,129.20
4354.00,1152,-0.64,242.00,617.75,192.00,1,203.28
4354.00,1156,-0.92,228.00,615.10,181.00,1,194.71
4354.00,1165,-0.05,195.00,596.93,150.00,1,166.79
4356.00,1158,-0.06,222.00,617.75,173.00,1,188.19
4357.00,1166,-0.62,195.00,617.75,146.00,1,159.79
4357.00,1186,-0.02,123.00,615.10,72.00,1,86.99
4358.00,1170,-0.90,182.00,596.93,134.00,1,150.84
4358.00,1192,-0.44,103.00,615.10,53.00,1,72.47
4359.00,1181,-0.17,143.00,617.75,94.00,1,110.84
4360.00,1183,-0.31,137.00,596.93,89.00,1,104.76
4360.00,1194,-0.58,98.00,615.10,45.00,2,63.83
4362.00,1185,-0.45,132.00,617.75,79.00,1,98.46
4362.00,1191,-0.87,111.00,596.93,62.00,1,83.52
4364.00,1201,-0.57,77.00,607.65,24.00,1,43.70
4367.00,1196,-0.72,98.00,596.93,46.00,1,64.08
4367.00,1203,-0.71,73.00,617.75,19.00,1,39.89
4368.00,1210,-0.70,49.00,617.75,0.00,0,18.51
4370.00,1198,-0.86,94.00,596.93,37.00,1,58.12
4371.00,1200,0.00,87.00,596.93,33.00,1,59.27
4373.00,1211,-0.27,50.00,617.75,0.00,0,16.34
4376.00,1205,-0.85,75.00,596.93,17.00,1,37.12
4378.00,1206,-0.42,73.00,596.93,16.00,1,44.45
4399.00,1220,-0.40,44.00,596.93,0.00,0,8.76
4405.00,1224,-0.68,36.00,615.10,0.00,0,5.66
4415.00,1225,-0.25,42.00,596.93,0.00,0,8.36
4422.00,1227,-0.39,42.00,596.93,0.00,0,8.81
4435.00,1232,-0.24,37.00,615.10,0.00,0,5.00
4442.00,1162,-0.34,294.00,596.93,254.00,1,265.67
4443.00,1180,-0.60,231.00,615.10,187.00,1,199.70
4445.00,1167,-0.19,279.00,617.75,232.00,1,242.78
4447.00,1171,-0.47,267.00,617.75,219.00,1,231.20
4447.00,1184,-0.88,221.00,615.10,169.00,1,185.53
4447.00,1190,-0.30,199.00,615.10,150.00,1,162.14
4448.00,1187,-0.59,211.00,615.10,164.00,1,176.44
4448.00,1199,-0.43,168.00,615.10,114.00,2,141.75
4449.00,1204,-0.28,151.00,615.10,97.00,1,117.85
4450.00,1213,-0.41,120.00,615.10,69.00,1,88.75
4451.00,1189,-0.73,207.00,617.75,158.00,1,172.66
4451.00,1233,-0.81,50.00,615.10,0.00,0,19.90
4452.00,1216,-0.12,111.00,596.93,61.00,1,75.20
4453.00,1193,-0.01,194.00,617.75,144.00,1,159.11
4453.00,1219,-0.83,102.00,596.93,52.00,1,70.27
4457.00,1217,-0.69,113.00,617.75,60.00,1,77.18
4459.00,1221,-0.97,101.00,617.75,48.00,1,66.45
4459.00,1226,-0.82,83.00,596.93,27.00,1,44.60
4460.00,1234,-0.38,55.00,596.93,1.00,1,21.78
4462.00,1228,-0.96,79.00,617.75,24.00,1,43.30
4482.00,1242,-0.94,49.00,596.93,0.00,0,8.86
4487.00,1244,-0.08,46.00,596.93,0.00,0,8.84
4521.00,1256,-0.92,38.00,615.10,0.00,0,4.84
4529.00,1258,-0.06,38.00,615.10,0.00,0,5.40
4532.00,1260,-0.20,34.00,615.10,0.00,0,5.71
4545.00,1261,-0.77,44.00,617.75,0.00,0,7.99
4556.00,1264,-0.48,44.00,617.75,0.00,0,9.45
4562.00,1182,-0.74,343.00,596.93,297.00,1,310.01
4563.00,1188,-0.16,322.00,617.75,277.00,1,288.83
4563.00,1197,-0.29,290.00,615.10,243.00,1,257.98
4564.00,1208,-0.56,252.00,615.10,203.00,1,220.98
4565.00,1202,-0.14,274.00,615.10,228.00,1,241.01
4565.00,1215,-0.55,228.00,615.10,176.00,3,196.88
4567.00,1223,-0.11,201.00,615.10,152.00,1,166.93
4567.00,1229,-0.53,180.00,615.10,126.00,1,149.63
4568.00,1207,-0.99,260.00,617.75,211.00,1,225.74
4568.00,1231,-0.67,174.00,615.10,124.00,1,142.33
4570.00,1218,-0.26,222.00,617.75,174.00,1,190.08
4571.00,1237,-0.09,155.00,615.10,103.00,1,116.01
4572.00,1235,-0.95,164.00,617.75,116.00,1,132.82
4572.00,1238,-0.66,153.00,596.93,103.00,1,119.36
4573.00,1240,-0.80,147.00,617.75,99.00,1,117.90
4577.00,1247,-0.79,126.00,617.75,74.00,1,94.22
4578.00,1239,-0.23,155.00,596.93,100.00,1,115.66
4578.00,1271,-0.47,41.00,615.10,0.00,0,12.50
4579.00,1259,-0.63,85.00,596.93,32.00,1,54.50
4580.00,1250,-0.50,118.00,617.75,64.00,1,83.91
4581.00,1263,-0.91,73.00,596.93,20.00,1,40.02
4583.00,1253,-0.21,110.00,617.75,54.00,1,73.50
4583.00,1269,-0.33,53.00,596.93,0.00,0,16.91
4586.00,1273,-0.61,42.00,596.93,0.00,0,8.36
4589.00,1274,-0.18,41.00,615.10,0.00,0,4.99
4597.00,1276,-0.32,42.00,596.93,0.00,0,8.68
4601.00,1277,-0.89,43.00,596.93,0.00,0,9.94
4613.00,1280,-0.60,44.00,617.75,0.00,0,7.75
4625.00,1286,-0.02,34.00,615.10,0.00,0,5.62
4627.00,1284,-0.88,44.00,617.75,0.00,0,7.15
4653.00,1209,-0.13,337.00,617.75,294.00,1,306.93
4654.00,1230,-0.10,263.00,596.93,216.00,1,229.22
4655.00,1236,-0.52,243.00,615.10,197.00,1,210.16
4656.00,1212,-0.84,330.00,617.75,286.00,1,298.07
4656.00,1248,-0.36,201.00,596.93,155.00,1,170.00
4656.00,1252,-0.64,187.00,615.10,140.00,1,154.85
4658.00,1255,-0.35,178.00,596.93,132.00,1,148.98
4659.00,1257,-0.49,172.00,615.10,121.00,1,135.97
4660.00,1278,-0.46,98.00,596.93,53.00,1,67.68
4661.00,1270,-0.90,128.00,615.10,78.00,1,97.30
4662.00,1214,-0.98,329.00,617.75,278.00,1,291.17
4662.00,1288,-0.16,64.00,615.10,12.00,1,34.00
4664.00,1222,-0.54,302.00,617.75,251.00,1,268.91
4665.00,1245,-0.65,221.00,617.75,170.00,1,190.82
4667.00,1281,-0.17,94.00,615.10,39.00,1,53.08
4668.00,1289,-0.73,67.00,596.93,15.00,1,30.81
4670.00,1290,-0.30,65.00,596.93,13.00,1,32.70
4671.00,1291,-0.87,63.00,596.93,11.00,1,32.93
4675.00,1292,-0.44,63.00,596.93,7.00,1,27.66
4677.00,1297,-0.29,47.00,596.93,0.00,0,21.17
4679.00,1299,-0.43,42.00,596.93,0.00,0,10.13
4691.00,1301,-0.57,47.00,605.00,0.00,0,5.76
4704.00,1308,-0.56,35.00,615.10,0.00,0,6.18
4710.00,1307,-0.99,45.00,617.75,0.00,0,7.51
4728.00,1313,-0.41,41.00,596.93,0.00,0,8.96
4731.00,1314,-0.98,41.00,596.93,0.00,0,8.79
4750.00,1241,-0.37,320.00,596.93,276.00,1,290.06
4751.00,1254,-0.78,275.00,615.10,232.00,1,246.67
4754.00,1251,-0.07,288.00,615.10,240.00,1,252.52
4755.00,1243,-0.51,318.00,596.93,271.00,1,283.21
4755.00,1262,-0.34,250.00,617.75,202.00,1,216.80
4756.00,1294,-0.58,137.00,615.10,85.00,1,103.12
4757.00,1266,-0.62,238.00,617.75,192.00,1,212.12
4757.00,1309,-0.13,84.00,615.10,35.00,1,52.82
4758.00,1246,-0.22,310.00,596.93,260.00,1,275.03
4759.00,1295,-0.15,136.00,617.75,87.00,1,103.12
4759.00,1310,-0.70,83.00,615.10,30.00,1,50.92
4764.00,1249,-0.93,306.00,596.93,251.00,1,265.64
4765.00,1272,-0.04,224.00,615.10,180.00,1,192.91
4766.00,1265,-0.05,250.00,596.93,204.00,1,216.39
4768.00,1279,-0.03,202.00,617.75,156.00,1,170.28
4769.00,1275,-0.75,218.00,615.10,167.00,1,178.80
4769.00,1285,-0.45,182.00,615.10,131.00,1,150.20
4771.00,1267,-0.19,248.00,596.93,197.00,1,208.96
4771.00,1282,-0.74,195.00,617.75,147.00,1,162.49
4771.00,1287,-0.59,177.00,615.10,126.00,1,145.59
4771.00,1293,-0.01,155.00,615.10,101.00,1,122.22
4772.00,1296,-0.72,146.00,615.10,96.00,2,114.87
4773.00,1306,-0.42,111.00,596.93,62.00,1,81.42
4775.00,1283,-0.31,195.00,617.75,145.00,1,159.31
4781.00,1302,-0.14,133.00,617.75,88.00,1,100.23
4781.00,1303,-0.71,130.00,596.93,81.00,1,93.28
4781.00,1311,-0.27,101.00,615.10,56.00,1,71.52
4782.00,1304,-0.28,127.00,615.10,79.00,1,90.82
4788.00,1312,-0.84,105.00,617.75,53.00,1,66.47
4789.00,1318,-0.26,84.00,617.75,34.00,1,51.78
4791.00,1324,-0.68,65.00,617.75,15.00,1,35.13
4799.00,1332,-0.24,44.00,596.93,0.00,0,9.10
4810.00,1336,-0.52,41.00,617.75,0.00,0,8.00
4817.00,1337,-0.09,44.00,596.93,0.00,0,8.51
4829.00,1328,-0.96,89.00,596.93,47.00,1,61.81
4830.00,1323,-0.11,107.00,615.10,63.00,1,73.66
4832.00,1320,-0.40,120.00,617.75,70.00,1,83.86
4832.00,1335,-0.95,67.00,615.10,18.00,1,36.42
4834.00,1321,-0.97,119.00,617.75,69.00,1,87.71
4835.00,1334,-0.38,73.00,615.10,21.00,1,31.03
4835.00,1341,-0.37,48.00,596.93,1.00,1,15.13
4836.00,1326,-0.82,103.00,617.75,55.00,1,69.70
4838.00,1330,-0.10,90.00,617.75,41.00,1,59.95
4841.00,1331,-0.67,90.00,617.75,40.00,1,57.05
4845.00,1346,-0.22,40.00,617.75,0.00,0,7.21
4853.00,1349,-0.93,38.00,615.10,0.00,0,4.95
4859.00,1350,-0.50,40.00,615.10,0.00,0,5.53
4883.00,1357,-0.49,39.00,615.10,0.00,0,5.10
4887.00,1358,-0.06,39.00,615.10,0.00,0,5.35
4896.00,1268,-0.76,370.00,596.93,319.00,2,340.49
4898.00,1348,-0.36,86.00,615.10,40.00,1,55.63
4899.00,1305,-0.85,241.00,617.75,186.00,2,207.85
4900.00,1347,-0.79,92.00,617.75,48.00,1,63.83
4902.00,1319,-0.83,194.00,596.93,138.00,2,157.85
4903.00,1342,-0.94,113.00,596.93,67.00,1,84.75
4905.00,1343,-0.51,111.00,596.93,62.00,1,81.67
4909.00,1359,-0.63,58.00,617.75,2.00,1,13.80
4933.00,1372,-0.04,35.00,615.10,0.00,0,6.07
4936.00,1371,-0.47,42.00,617.75,0.00,0,7.20
4940.00,1316,-0.12,242.00,596.93,191.00,2,214.44
4941.00,1329,-0.53,197.00,615.10,155.00,1,166.61
4942.00,1298,-0.86,309.00,617.75,256.00,2,277.31
4943.00,1338,-0.66,167.00,615.10,120.00,1,135.72
4945.00,1322,-0.54,226.00,596.93,172.00,2,191.09
4945.00,1339,-0.23,165.00,615.10,115.00,1,133.86
4947.00,1315,-0.55,253.00,617.75,195.00,2,223.03
4947.00,1325,-0.25,217.00,596.93,160.00,1,182.74
4947.00,1345,-0.65,146.00,615.10,97.00,1,117.34
4948.00,1351,-0.07,125.00,615.10,73.00,1,93.44
4949.00,1300,0.00,308.00,617.75,245.00,2,267.46
4950.00,1364,-0.48,81.00,615.10,29.00,1,46.39
4952.00,1317,-0.69,251.00,617.75,188.00,2,214.87
4952.00,1355,-0.35,115.00,596.93,67.00,1,85.13
4953.00,1354,-0.78,120.00,615.10,68.00,1,82.30
4954.00,1327,-0.39,217.00,617.75,159.00,1,180.24
4956.00,1333,-0.81,198.00,617.75,145.00,1,164.72
4956.00,1363,-0.91,91.00,596.93,41.00,1,59.62
4958.00,1367,-0.19,78.00,596.93,27.00,1,47.11
4960.00,1340,-0.80,177.00,617.75,122.00,1,142.53
4963.00,1353,-0.21,133.00,607.65,75.00,1,95.72
4966.00,1365,-0.05,93.00,617.75,35.00,1,56.36
4967.00,1370,-0.90,77.00,617.75,21.00,1,48.35
4969.00,1376,-0.32,57.00,617.75,1.00,1,26.04
4971.00,1377,-0.89,56.00,617.75,0.00,0,24.41
4974.00,1381,-0.17,44.00,607.65,0.00,0,12.28
4982.00,1385,-0.45,38.00,615.10,0.00,0,5.10
4993.00,1388,-0.16,38.00,617.75,0.00,0,7.94
4997.00,1389,-0.73,39.00,617.75,0.00,0,9.47
5001.00,1390,-0.30,39.00,596.93,0.00,0,9.34
5001.00,1391,-0.87,36.00,615.10,0.00,0,5.21
5011.00,1392,-0.44,42.00,617.75,0.00,0,6.74
5026.00,1369,-0.33,139.00,615.10,98.00,1,111.23
5027.00,1360,-0.20,172.00,617.75,128.00,1,142.81
5028.00,1344,-0.08,230.00,615.10,185.00,1,199.02
5029.00,1386,-0.02,81.00,615.10,33.00,1,49.14
5030.00,1352,-0.64,204.00,596.93,159.00,1,172.95
5030.00,1362,-0.34,168.00,617.75,123.00,1,135.81
5030.00,1387,-0.59,79.00,615.10,35.00,1,50.35
5035.00,1356,-0.92,195.00,596.93,145.00,1,158.97
5037.00,1366,-0.62,161.00,596.93,112.00,1,129.17
5038.00,1368,-0.76,155.00,596.93,106.00,1,124.60
5038.00,1395,-0.15,58.00,617.75,6.00,1,18.57
5040.00,1379,-0.03,117.00,596.93,67.00,1,85.25
5043.00,1403,-0.71,35.00,615.10,0.00,0,6.35
5047.00,1394,-0.58,71.00,596.93,14.00,1,32.70
5048.00,1398,-0.86,58.00,596.93,2.00,1,26.86
5052.00,1402,-0.14,47.00,596.93,0.00,0,9.84
5054.00,1404,-0.28,42.00,617.75,0.00,0,7.33
5066.00,1409,-0.13,36.00,615.10,0.00,0,5.34
5068.00,1408,-0.56,42.00,617.75,0.00,0,8.14
5073.00,1410,-0.70,40.00,617.75,0.00,0,7.61
5083.00,1412,-0.84,43.00,596.93,0.00,0,8.55
5094.00,1416,-0.12,39.00,615.10,0.00,0,5.45
5104.00,1419,-0.83,39.00,596.93,0.00,0,9.90
5118.00,1424,-0.68,35.00,615.10,0.00,0,6.13
5121.00,1423,-0.11,41.00,617.75,0.00,0,10.16
5135.00,1418,-0.26,73.00,615.10,28.00,2,44.32
5136.00,1361,-0.77,278.00,617.75,230.00,1,243.59
5136.00,1383,-0.31,199.00,596.93,152.00,1,165.26
5137.00,1393,-0.01,164.00,596.93,119.00,1,135.52
5137.00,1405,-0.85,122.00,615.10,72.00,1,85.23
5138.00,1399,-0.43,144.00,617.75,97.00,1,113.21
5145.00,1429,-0.53,44.00,586.83,0.00,0,9.51
5147.00,1415,-0.55,96.00,617.75,38.00,1,50.14
5161.00,1435,-0.95,39.00,615.10,0.00,0,6.01
5190.00,1443,-0.51,39.00,615.10,0.00,0,4.89
5197.00,1445,-0.65,39.00,596.93,0.00,0,9.15
5206.00,1447,-0.79,41.00,617.75,0.00,0,7.30
5212.00,1374,-0.18,307.00,617.75,261.00,1,276.05
5212.00,1384,-0.88,272.00,615.10,228.00,1,240.89
5213.00,1373,-0.61,312.00,615.10,265.00,1,276.28
5213.00,1396,-0.72,230.00,615.10,183.00,2,199.63
5215.00,1375,-0.75,307.00,596.93,259.00,1,272.29
5216.00,1378,-0.46,297.00,596.93,251.00,1,266.83
5217.00,1382,-0.74,284.00,617.75,234.00,1,248.00
5217.00,1397,-0.29,230.00,615.10,183.00,1,197.35
5218.00,1414,-0.98,171.00,615.10,121.00,1,133.73
5219.00,1407,-0.99,197.00,617.75,151.00,1,170.26
5219.00,1422,-0.54,143.00,615.10,92.00,1,112.66
5221.00,1380,-0.60,295.00,596.93,244.00,1,258.58
5221.00,1427,-0.39,127.00,615.10,75.00,1,91.19
5223.00,1406,-0.42,204.00,596.93,154.00,1,172.69
5223.00,1433,-0.81,108.00,615.10,57.00,1,73.80
5224.00,1411,-0.27,187.00,596.93,137.00,1,156.35
5224.00,1417,-0.69,166.00,617.75,114.00,1,134.28
5225.00,1439,-0.23,88.00,615.10,39.00,1,51.51
5227.00,1425,-0.25,140.00,617.75,87.00,1,104.79
5227.00,1441,-0.37,83.00,615.10,26.00,1,51.23
5227.00,1444,-0.08,72.00,615.10,19.00,1,42.52
5227.00,1450,-0.50,51.00,596.93,1.00,1,21.32
5229.00,1426,-0.82,139.00,617.75,86.00,1,108.02
5232.00,1430,-0.10,127.00,617.75,71.00,1,94.67
5232.00,1453,-0.21,45.00,615.10,0.00,0,13.68
5234.00,1434,-0.38,115.00,617.75,58.00,1,82.47
5237.00,1436,-0.52,111.00,617.75,54.00,1,76.63
5238.00,1440,-0.80,98.00,617.75,42.00,1,69.60
5242.00,1448,-0.36,73.00,617.75,12.00,1,39.94
5242.00,1458,-0.06,37.00,615.10,0.00,0,5.57
5244.00,1456,-0.92,47.00,617.75,0.00,0,14.35
5258.00,1462,-0.34,39.00,596.93,0.00,0,9.14
5292.00,1400,0.00,294.00,617.75,248.00,1,262.89
5292.00,1413,-0.41,248.00,615.10,203.00,1,216.47
5294.00,1442,-0.94,147.00,615.10,97.00,1,113.59
5296.00,1420,-0.40,227.00,617.75,180.00,1,193.03
5296.00,1454,-0.78,106.00,615.10,57.00,1,73.68
5296.00,1455,-0.35,102.00,596.93,55.00,1,74.23
5297.00,1401,-0.57,296.00,596.93,242.00,1,251.77
5297.00,1467,-0.19,60.00,615.10,10.00,1,32.42
5298.00,1421,-0.97,226.00,617.75,177.00,1,191.66
5298.00,1438,-0.66,165.00,615.10,113.00,1,124.87
5299.00,1465,-0.05,69.00,596.93,21.00,1,37.42
5299.00,1471,-0.47,48.00,615.10,0.00,0,16.75
5301.00,1451,-0.07,121.00,617.75,70.00,1,87.41
5303.00,1457,-0.49,102.00,617.75,52.00,1,70.30
5307.00,1459,-0.63,99.00,617.75,46.00,1,62.81
5309.00,1464,-0.48,83.00,617.75,29.00,1,48.84
5310.00,1476,-0.32,41.00,596.93,0.00,0,9.21
5311.00,1469,-0.33,67.00,617.75,13.00,1,32.73
5316.00,1478,-0.46,40.00,596.93,0.00,0,9.76
5324.00,1479,-0.03,44.00,617.75,0.00,0,7.73
5328.00,1483,-0.31,34.00,615.10,0.00,0,5.32
5330.00,1481,-0.17,43.00,596.93,0.00,0,8.45
5336.00,1482,-0.74,46.00,596.93,0.00,0,7.50
5347.00,1488,-0.16,35.00,615.10,0.00,0,5.56
5356.00,1489,-0.73,41.00,617.75,0.00,0,9.58
5391.00,1428,-0.96,294.00,615.10,247.00,1,263.24
5391.00,1446,-0.22,229.00,615.10,183.00,1,193.99
5392.00,1432,-0.24,280.00,617.75,232.00,1,243.81
5393.00,1431,-0.67,285.00,596.93,240.00,1,252.41
5393.00,1437,-0.09,263.00,617.75,216.00,1,232.25
5394.00,1460,-0.20,182.00,615.10,133.00,1,144.84
5394.00,1466,-0.62,161.00,596.93,116.00,1,132.84
5395.00,1452,-0.64,212.00,617.75,165.00,1,180.98
5396.00,1497,-0.29,52.00,615.10,2.00,1,25.18
5397.00,1486,-0.02,92.00,617.75,44.00,1,59.97
5397.00,1501,-0.57,39.00,615.10,0.00,0,8.97
5398.00,1492,-0.44,72.00,596.93,22.00,1,37.36
5400.00,1496,-0.72,60.00,596.93,11.00,1,29.30
5402.00,1502,-0.14,40.00,615.10,0.00,0,5.31
5415.00,1463,-0.91,193.00,615.10,150.00,1,163.68
5416.00,1449,-0.93,244.00,615.10,199.00,1,213.72
5416.00,1461,-0.77,201.00,617.75,156.00,1,169.94
5417.00,1475,-0.75,152.00,615.10,103.00,2,120.64
5419.00,1468,-0.76,179.00,596.93,131.00,1,144.39
5420.00,1470,-0.90,173.00,615.10,125.00,1,136.74
5420.00,1490,-0.30,101.00,615.10,52.00,1,69.64
5421.00,1472,-0.04,166.00,596.93,117.00,1,135.03
5421.00,1485,-0.45,120.00,615.10,73.00,1,90.16
5423.00,1487,-0.59,115.00,617.75,66.00,1,83.64
5423.00,1491,-0.87,101.00,596.93,52.00,1,68.77
5426.00,1499,-0.43,75.00,617.75,26.00,1,42.82
5427.00,1495,-0.15,90.00,596.93,38.00,1,55.12
5429.00,1503,-0.71,64.00,617.75,12.00,1,29.81
5429.00,1505,-0.85,57.00,596.93,7.00,1,25.53
5435.00,1473,-0.61,177.00,617.75,135.00,1,147.81
5436.00,1474,-0.18,174.00,615.10,130.00,1,141.90
5437.00,1477,-0.89,165.00,615.10,118.00,1,135.03
5438.00,1480,-0.60,155.00,617.75,111.00,1,123.26
5439.00,1500,0.00,84.00,615.10,33.00,1,50.56
5440.00,1494,-0.58,107.00,596.93,58.00,1,72.13
5443.00,1484,-0.88,146.00,617.75,95.00,1,110.09
5444.00,1493,-0.01,114.00,617.75,65.00,1,81.53
5475.00,1522,-0.54,42.00,596.93,0.00,0,9.69
5498.00,1529,-0.53,40.00,596.93,0.00,0,9.04
5520.00,1498,-0.86,173.00,596.93,132.00,1,144.26
5521.00,1509,-0.13,134.00,615.10,91.00,1,104.31
5522.00,1504,-0.28,153.00,617.75,108.00,1,121.75
5524.00,1510,-0.70,134.00,617.75,89.00,1,104.46
5524.00,1513,-0.41,123.00,596.93,78.00,1,89.52
5524.00,1516,-0.12,112.00,615.10,62.00,1,79.11
5527.00,1524,-0.68,87.00,617.75,40.00,1,57.32
5529.00,1523,-0.11,92.00,596.93,42.00,1,55.31
5530.00,1530,-0.10,68.00,596.93,20.00,1,37.80
5532.00,1534,-0.38,56.00,596.93,6.00,1,25.58
5532.00,1538,-0.66,42.00,617.75,0.00,0,8.36
5552.00,1506,-0.42,176.00,617.75,132.00,1,144.01
5552.00,1512,-0.84,155.00,615.10,109.00,1,121.46
5553.00,1508,-0.56,170.00,617.75,124.00,1,138.56
5553.00,1511,-0.27,159.00,615.10,111.00,1,121.40
5553.00,1519,-0.83,131.00,615.10,83.00,1,102.28
5555.00,1518,-0.26,136.00,617.75,90.00,1,103.13
5555.00,1520,-0.40,129.00,615.10,80.00,2,96.57
5557.00,1514,-0.98,153.00,596.93,101.00,1,112.38
5557.00,1527,-0.39,106.00,596.93,57.00,1,71.41
5558.00,1535,-0.95,79.00,615.10,30.00,1,44.30
5559.00,1543,-0.51,51.00,596.93,3.00,1,22.22
5560.00,1532,-0.24,91.00,617.75,41.00,1,55.07
5562.00,1533,-0.81,90.00,617.75,39.00,1,54.15
5563.00,1541,-0.37,62.00,617.75,13.00,1,33.28
5565.00,1542,-0.94,61.00,617.75,10.00,1,29.97
5568.00,1547,-0.79,46.00,617.75,0.00,0,11.76
5573.00,1550,-0.50,40.00,617.75,0.00,0,7.79
5585.00,1507,-0.99,206.00,596.93,151.00,1,176.14
5586.00,1521,-0.97,157.00,615.10,111.00,1,125.89
5587.00,1517,-0.69,172.00,615.10,126.00,1,136.53
5588.00,1515,-0.55,180.00,596.93,136.00,1,148.23
5588.00,1525,-0.25,144.00,615.10,99.00,1,116.62
5588.00,1526,-0.82,141.00,615.10,93.00,1,111.07
5591.00,1531,-0.67,126.00,615.10,78.00,1,91.60
5591.00,1545,-0.65,76.00,615.10,25.00,1,40.58
5593.00,1540,-0.80,96.00,617.75,49.00,1,65.26
5594.00,1528,-0.96,140.00,596.93,88.00,1,101.94
5595.00,1539,-0.23,101.00,596.93,51.00,1,70.02
5596.00,1548,-0.36,70.00,617.75,21.00,1,39.71
5597.00,1549,-0.93,68.00,596.93,18.00,1,39.78
5607.00,1559,-0.63,42.00,596.93,0.00,0,7.82
5607.00,1560,-0.20,38.00,615.10,0.00,0,4.66
5625.00,1564,-0.48,42.00,617.75,0.00,0,7.92
5629.00,1566,-0.62,39.00,596.93,0.00,0,9.68
5645.00,1569,-0.33,44.00,617.75,0.00,0,7.26
5652.00,1572,-0.04,40.00,617.75,0.00,0,9.34
5653.00,1574,-0.18,34.00,615.10,0.00,0,5.63
5685.00,1536,-0.52,202.00,586.83,159.00,1,172.73
5686.00,1537,-0.09,199.00,617.75,157.00,1,171.42
5687.00,1554,-0.78,140.00,615.10,94.00,1,108.83
5688.00,1544,-0.08,176.00,596.93,132.00,1,144.74
5689.00,1546,-0.22,170.00,617.75,127.00,1,142.01
5691.00,1582,-0.74,44.00,615.10,0.00,0,7.41
5693.00,1553,-0.21,149.00,596.93,100.00,1,115.06
5695.00,1555,-0.35,144.00,617.75,93.00,1,108.39
5695.00,1558,-0.06,133.00,596.93,84.00,1,100.08
5698.00,1561,-0.77,126.00,596.93,74.00,1,91.52
5698.00,1563,-0.91,119.00,617.75,67.00,1,81.50
5699.00,1568,-0.76,102.00,617.75,53.00,1,71.90
5700.00,1562,-0.34,124.00,596.93,71.00,1,91.85
5700.00,1585,-0.45,42.00,615.10,0.00,0,9.56
5701.00,1570,-0.90,97.00,596.93,47.00,1,68.98
5701.00,1573,-0.61,86.00,617.75,34.00,1,51.94
5702.00,1576,-0.32,76.00,617.75,25.00,1,43.71
5705.00,1578,-0.46,72.00,617.75,19.00,1,39.21
5706.00,1571,-0.47,98.00,596.93,43.00,1,64.43
5707.00,1577,-0.89,78.00,596.93,25.00,1,50.35
5707.00,1579,-0.03,70.00,617.75,16.00,1,37.65
5709.00,1580,-0.60,69.00,596.93,14.00,1,39.44
5709.00,1584,-0.88,55.00,617.75,3.00,1,22.97
5713.00,1588,-0.16,44.00,596.93,0.00,0,10.30
5714.00,1589,-0.73,42.00,596.93,0.00,0,16.26
5714.00,1591,-0.87,35.00,615.10,0.00,0,6.03
5725.00,1551,-0.07,188.00,615.10,144.00,1,157.18
5725.00,1552,-0.64,185.00,617.75,141.00,1,154.01
5726.00,1556,-0.92,172.00,596.93,128.00,1,142.72
5727.00,1557,-0.49,169.00,617.75,123.00,1,136.47
5729.00,1592,-0.44,46.00,596.93,0.00,0,14.71
5739.00,1598,-0.86,35.00,615.10,0.00,0,5.71
5768.00,1605,-0.85,39.00,596.93,0.00,0,9.68
5777.00,1606,-0.42,44.00,596.93,0.00,0,8.52
5779.00,1607,-0.99,43.00,596.93,0.00,0,9.51
5802.00,1565,-0.05,215.00,596.93,170.00,1,180.56
5803.00,1567,-0.19,209.00,615.10,163.00,1,177.72
5803.00,1575,-0.75,181.00,615.10,134.00,1,146.74
5803.00,1581,-0.17,159.00,596.93,115.00,1,127.79
5805.00,1586,-0.02,143.00,615.10,96.00,1,107.76
5805.00,1587,-0.59,140.00,596.93,95.00,1,110.35
5806.00,1609,-0.13,62.00,615.10,10.00,2,29.16
5808.00,1603,-0.71,86.00,596.93,39.00,1,55.64
5811.00,1604,-0.28,85.00,596.93,36.00,1,52.63
5811.00,1611,-0.27,60.00,617.75,7.00,1,20.75
5814.00,1617,-0.69,42.00,596.93,0.00,0,11.90
5814.00,1619,-0.83,35.00,615.10,0.00,0,5.96
5837.00,1608,-0.56,97.00,615.10,51.00,1,63.93
5838.00,1602,-0.14,119.00,596.93,75.00,1,88.75
5839.00,1583,-0.31,188.00,615.10,140.00,1,151.58
5839.00,1613,-0.41,81.00,615.10,34.00,2,53.94
5841.00,1590,-0.30,165.00,617.75,113.00,1,125.33
5841.00,1621,-0.97,55.00,615.10,6.00,1,24.98
5844.00,1625,-0.25,43.00,615.10,0.00,0,10.64
5845.00,1600,0.00,133.00,617.75,79.00,1,89.25
5846.00,1610,-0.70,99.00,617.75,45.00,1,59.83
5848.00,1614,-0.98,87.00,617.75,33.00,1,47.55
5850.00,1618,-0.26,74.00,617.75,22.00,1,42.56
5851.00,1620,-0.40,68.00,617.75,15.00,1,36.27
5862.00,1631,-0.67,40.00,596.93,0.00,0,9.75
5869.00,1633,-0.81,40.00,617.75,0.00,0,7.44
5875.00,1635,-0.95,39.00,617.75,0.00,0,8.55
5890.00,1640,-0.80,36.00,596.93,0.00,0,8.62
5899.00,1593,-0.01,212.00,596.93,167.00,1,178.63
5899.00,1595,-0.15,205.00,615.10,160.00,1,172.30
5900.00,1601,-0.57,185.00,615.10,137.00,1,150.71
5901.00,1594,-0.58,211.00,596.93,166.00,1,178.38
5902.00,1639,-0.23,51.00,615.10,4.00,1,22.32
5903.00,1596,-0.72,206.00,596.93,162.00,1,177.53
5905.00,1612,-0.84,151.00,617.75,99.00,1,112.64
5907.00,1597,-0.29,206.00,596.93,156.00,1,172.26
5907.00,1615,-0.55,142.00,617.75,91.00,1,106.77
5907.00,1643,-0.51,42.00,615.10,0.00,0,11.00
5908.00,1629,-0.53,93.00,617.75,43.00,1,58.36
5909.00,1599,-0.43,201.00,596.93,154.00,1,173.20
5911.00,1622,-0.54,121.00,596.93,71.00,1,89.21
5913.00,1630,-0.10,94.00,596.93,43.00,1,64.42
5944.00,1623,-0.11,150.00,615.10,107.00,1,121.91
5945.00,1616,-0.12,176.00,617.75,133.00,1,145.47
5946.00,1624,-0.68,149.00,596.93,107.00,1,119.72
5947.00,1634,-0.38,114.00,617.75,71.00,1,83.70
5947.00,1641,-0.37,89.00,615.10,41.00,1,60.65
5949.00,1626,-0.82,145.00,615.10,95.00,1,106.98
5951.00,1645,-0.65,79.00,617.75,32.00,1,48.76
5951.00,1648,-0.36,68.00,615.10,17.00,1,36.83
5952.00,1642,-0.94,91.00,596.93,42.00,1,56.07
5952.00,1654,-0.78,48.00,615.10,2.00,1,20.46
5956.00,1647,-0.79,77.00,617.75,26.00,1,39.18
5965.00,1659,-0.63,43.00,596.93,0.00,0,7.89
5996.00,1669,-0.33,38.00,615.10,0.00,0,5.06
6028.00,1677,-0.89,42.00,617.75,0.00,0,7.75
6051.00,1683,-0.31,43.00,596.93,0.00,0,9.87
6067.00,1627,-0.39,259.00,615.10,215.00,1,228.24
6068.00,1636,-0.52,228.00,615.10,183.00,1,196.93
6068.00,1637,-0.09,224.00,617.75,179.00,1,192.14
6071.00,1646,-0.22,195.00,617.75,148.00,1,160.99
6072.00,1628,-0.96,261.00,596.93,214.00,1,225.70
6075.00,1632,-0.24,249.00,596.93,199.00,1,213.78
6075.00,1656,-0.92,164.00,617.75,114.00,1,128.00
6076.00,1638,-0.66,229.00,596.93,180.00,1,197.95
6077.00,1664,-0.48,137.00,617.75,87.00,1,105.13
6081.00,1644,-0.08,212.00,596.93,158.00,1,173.87
6081.00,1670,-0.90,120.00,617.75,67.00,1,81.81
6082.00,1675,-0.75,103.00,617.75,52.00,1,67.66
6083.00,1649,-0.93,197.00,596.93,145.00,1,165.50
6083.00,1682,0.26,78.00,597.55,27.00,1,47.26
6085.00,1686,-0.02,66.00,617.75,14.00,1,38.85
6087.00,1660,-0.20,161.00,596.93,103.00,1,122.00
6088.00,1681,-0.17,87.00,596.93,32.00,1,57.14
6088.00,1691,-0.87,52.00,617.75,0.00,0,17.91
6090.00,1684,-0.88,79.00,596.93,21.00,1,45.72
6091.00,1692,-0.44,51.00,596.93,0.00,0,21.41
6099.00,1697,-0.29,41.00,617.75,0.00,0,6.66
6113.00,1700,0.00,44.00,617.75,0.00,0,7.51
6120.00,1703,-0.71,41.00,596.93,0.00,0,9.42
6121.00,1702,-0.14,45.00,617.75,0.00,0,6.87
6135.00,1708,-0.56,38.00,596.93,0.00,0,9.24
6141.00,1710,-0.70,37.00,596.93,0.00,0,10.27
6148.00,1712,-0.84,37.00,615.10,0.00,0,5.24
6159.00,1650,-0.50,269.00,615.10,226.00,1,239.82
6161.00,1651,-0.07,267.00,617.75,221.00,1,234.23
6163.00,1652,-0.64,266.00,615.10,217.00,1,229.03
6164.00,1653,-0.21,263.00,596.93,214.00,1,228.80
6164.00,1661,-0.77,235.00,617.75,186.00,1,199.49
6164.00,1665,-0.05,220.00,615.10,171.00,1,189.63
6165.00,1663,-0.91,229.00,617.75,181.00,1,199.62
6166.00,1657,-0.49,251.00,596.93,200.00,1,216.90
6167.00,1671,-0.47,202.00,615.10,152.00,1,164.01
6167.00,1678,-0.46,177.00,617.75,129.00,1,144.67
6169.00,1667,-0.19,218.00,596.93,167.00,1,184.55
6171.00,1679,-0.03,177.00,596.93,127.00,1,144.49
6172.00,1717,-0.69,43.00,615.10,0.00,0,14.29
6173.00,1689,-0.73,144.00,617.75,91.00,1,106.19
6173.00,1694,-0.58,126.00,596.93,75.00,1,97.53
6174.00,1690,-0.30,141.00,617.75,89.00,1,107.83
6176.00,1695,-0.15,125.00,617.75,73.00,1,94.60
6178.00,1696,-0.72,124.00,596.93,68.00,1,88.07
6178.00,1707,-0.99,85.00,617.75,33.00,1,52.53
6180.00,1706,-0.42,90.00,596.93,35.00,1,57.80
6183.00,1721,-0.97,40.00,596.93,0.00,0,9.68
6198.00,1726,-0.82,37.00,617.75,0.00,0,8.34
6223.00,1731,-0.67,44.00,617.75,0.00,0,8.12
6228.00,1733,-0.81,42.00,617.75,0.00,0,7.35
6232.00,1735,-0.95,39.00,596.93,0.00,0,9.94
6245.00,1738,-0.66,41.00,596.93,0.00,0,9.19
6249.00,1655,-0.35,341.00,615.10,301.00,1,310.47
6259.00,1658,-0.06,340.00,615.10,301.00,1,309.62
6276.00,1668,-0.76,322.00,615.10,269.00,3,289.97
6276.00,1672,-0.04,307.00,596.93,257.00,2,273.61
6277.00,1666,-0.62,330.00,615.10,286.00,1,299.80
6278.00,1705,-0.85,192.00,615.10,142.00,2,158.82
6280.00,1673,-0.61,308.00,615.10,262.00,1,274.69
6281.00,1680,-0.60,284.00,596.93,232.00,2,251.33
6281.00,1704,-0.28,198.00,615.10,140.00,3,162.51
6282.00,1676,-0.32,299.00,615.10,242.00,2,258.45
6282.00,1688,-0.16,256.00,596.93,205.00,2,227.52
6282.00,1709,-0.13,181.00,615.10,124.00,2,148.58
6283.00,1662,-0.34,350.00,617.75,294.00,1,304.70
6284.00,1674,-0.18,308.00,617.75,259.00,1,274.64
6284.00,1693,-0.01,240.00,596.93,187.00,2,209.83
6284.00,1739,-0.23,76.00,615.10,19.00,2,43.91
6286.00,1685,-0.45,271.00,617.75,223.00,1,240.58
6287.00,1723,-0.11,136.00,596.93,82.00,2,105.60
6291.00,1701,-0.57,219.00,617.75,165.00,1,180.83
6292.00,1734,-0.38,102.00,596.93,43.00,2,67.24
6293.00,1725,-0.25,135.00,617.75,80.00,1,101.83
6293.00,1740,-0.80,82.00,596.93,22.00,2,50.63
6294.00,1727,-0.39,129.00,617.75,76.00,1,98.08
6298.00,1729,-0.53,126.00,617.75,68.00,1,90.39
6299.00,1744,-0.08,73.00,617.75,18.00,1,39.45
6310.00,1757,-0.49,38.00,615.10,0.00,0,5.03
6343.00,1698,-0.86,282.00,596.93,238.00,1,251.24
6344.00,1699,-0.43,279.00,596.93,236.00,1,250.21
6344.00,1711,-0.27,236.00,615.10,191.00,1,204.52
6345.00,1732,-0.24,162.00,615.10,113.00,1,130.63
6347.00,1687,-0.59,325.00,617.75,276.00,1,287.70
6347.00,1713,-0.41,232.00,596.93,186.00,1,202.67
6347.00,1719,-0.83,211.00,615.10,162.00,1,177.54
6349.00,1736,-0.52,152.00,615.10,106.00,1,119.36
6352.00,1747,-0.79,116.00,617.75,66.00,1,81.28
6355.00,1720,-0.40,215.00,596.93,163.00,1,176.27
6356.00,1728,-0.96,188.00,596.93,136.00,1,154.03
6357.00,1760,-0.20,74.00,617.75,22.00,1,35.73
6358.00,1746,-0.22,125.00,596.93,74.00,1,93.69
6359.00,1763,-0.91,66.00,617.75,12.00,1,29.79
6360.00,1765,-0.05,59.00,596.93,6.00,1,26.09
6362.00,1764,-0.48,65.00,617.75,9.00,1,27.31
6362.00,1770,-0.90,44.00,596.93,0.00,0,11.62
6366.00,1772,-0.04,40.00,617.75,0.00,0,8.90
6371.00,1773,-0.61,42.00,617.75,0.00,0,7.31
6387.00,1776,-0.32,47.00,596.93,0.00,0,7.83
6406.00,1716,-0.12,280.00,617.75,235.00,1,249.59
6407.00,1714,-0.98,289.00,615.10,241.00,1,254.20
6408.00,1722,-0.54,261.00,617.75,218.00,1,232.72
6409.00,1715,-0.55,287.00,596.93,240.00,1,253.84
6409.00,1730,-0.10,233.00,615.10,184.00,1,195.39
6410.00,1741,-0.37,195.00,615.10,146.00,1,161.65
6411.00,1724,-0.68,257.00,617.75,211.00,1,225.74
6412.00,1718,-0.26,279.00,596.93,229.00,1,245.42
6412.00,1742,-0.94,194.00,615.10,141.00,1,159.05
6413.00,1737,-0.09,212.00,596.93,165.00,1,183.50
6413.00,1748,-0.36,173.00,615.10,122.00,1,143.76
6414.00,1743,-0.51,192.00,615.10,142.00,1,157.14
6415.00,1750,-0.50,168.00,615.10,117.00,2,136.93
6416.00,1753,-0.21,158.00,615.10,106.00,1,125.33
6416.00,1762,-0.34,126.00,615.10,78.00,2,96.68
6417.00,1745,-0.65,188.00,617.75,138.00,1,153.67
6419.00,1751,-0.07,168.00,617.75,115.00,1,135.01
6419.00,1759,-0.63,140.00,615.10,90.00,1,109.59
6419.00,1784,-0.88,51.00,615.10,0.00,0,17.32
6420.00,1749,-0.93,177.00,596.93,122.00,1,138.35
6420.00,1786,-0.02,44.00,615.10,0.00,0,14.10
6421.00,1755,-0.35,156.00,596.93,101.00,1,121.99
6423.00,1761,-0.77,137.00,596.93,84.00,1,104.84
6424.00,1766,-0.62,120.00,596.93,66.00,1,88.97
6424.00,1768,-0.76,113.00,617.75,61.00,1,77.26
6424.00,1790,-0.30,34.00,615.10,0.00,0,6.51
6426.00,1785,-0.45,54.00,617.75,0.00,0,20.89
6427.00,1771,-0.47,105.00,596.93,50.00,1,71.80
6429.00,1774,-0.18,96.00,596.93,41.00,1,64.89
6433.00,1775,-0.75,97.00,596.93,39.00,1,62.53
6436.00,1792,-0.44,39.00,615.10,0.00,0,5.23
6443.00,1795,-0.15,35.00,615.10,0.00,0,5.82
6456.00,1752,-0.64,202.00,617.75,157.00,1,170.60
6456.00,1754,-0.78,195.00,615.10,150.00,1,164.65
6458.00,1767,-0.19,150.00,596.93,104.00,1,118.25
6458.00,1778,-0.46,111.00,615.10,63.00,1,76.57
6459.00,1779,-0.03,108.00,615.10,62.00,1,77.19
6460.00,1756,-0.92,192.00,617.75,144.00,1,158.85
6461.00,1758,-0.06,185.00,617.75,138.00,1,156.15
6461.00,1797,-0.29,46.00,615.10,0.00,0,13.88
6462.00,1777,-0.89,119.00,596.93,69.00,1,83.71
6463.00,1787,-0.59,84.00,617.75,36.00,1,51.59
6463.00,1798,-0.86,45.00,596.93,0.00,0,15.93
6473.00,1769,-0.33,158.00,596.93,107.00,1,118.96
6473.00,1780,-0.60,119.00,617.75,70.00,1,81.34
6473.00,1781,-0.17,115.00,596.93,69.00,1,84.60
6474.00,1783,-0.31,109.00,617.75,62.00,1,76.67
6476.00,1793,-0.01,75.00,596.93,26.00,1,39.98
6476.00,1794,-0.58,72.00,617.75,25.00,1,39.03
6478.00,1796,-0.72,67.00,596.93,18.00,1,35.38
6479.00,1799,-0.43,57.00,596.93,8.00,1,26.60
6491.00,1806,-0.42,44.00,617.75,0.00,0,7.87
6524.00,1817,-0.69,38.00,615.10,0.00,0,5.38
6527.00,1818,-0.26,37.00,617.75,0.00,0,7.83
6564.00,1803,-0.71,128.00,615.10,83.00,1,100.23
6566.00,1789,-0.73,180.00,617.75,133.00,1,146.18
6566.00,1820,-0.40,69.00,615.10,22.00,1,39.52
6567.00,1802,-0.14,134.00,596.93,89.00,1,104.90
6568.00,1782,-0.74,207.00,596.93,157.00,1,167.37
6568.00,1810,-0.70,107.00,617.75,61.00,1,73.37
6570.00,1819,-0.83,77.00,596.93,31.00,1,44.89
6572.00,1826,-0.82,54.00,617.75,3.00,1,17.86
6574.00,1831,-0.67,38.00,617.75,0.00,0,8.09
6588.00,1807,-0.99,138.00,615.10,93.00,1,106.42
6589.00,1805,-0.85,146.00,596.93,99.00,1,109.44
6590.00,1829,-0.53,61.00,596.93,17.00,1,35.63
6591.00,1811,-0.27,126.00,615.10,76.00,1,91.87
6593.00,1800,0.00,167.00,617.75,114.00,1,125.35
6594.00,1808,-0.56,140.00,617.75,91.00,1,103.47
6596.00,1813,-0.41,124.00,617.75,71.00,1,86.66
6597.00,1815,-0.55,118.00,617.75,68.00,1,84.66
6599.00,1824,-0.68,88.00,617.75,38.00,1,53.49
6602.00,1830,-0.10,69.00,617.75,20.00,1,39.18
6605.00,1827,-0.39,83.00,617.75,26.00,1,41.88
6607.00,1832,-0.24,67.00,617.75,13.00,1,33.34
6610.00,1836,-0.52,56.00,617.75,0.00,0,20.62
6617.00,1809,-0.13,159.00,615.10,114.00,1,126.94
6618.00,1801,-0.57,189.00,615.10,141.00,1,154.56
6619.00,1823,-0.11,111.00,615.10,63.00,1,78.74
6620.00,1788,-0.16,237.00,617.75,180.00,2,198.58
6620.00,1804,-0.28,180.00,596.93,133.00,1,145.24
6621.00,1814,-0.98,146.00,596.93,100.00,1,115.44
6621.00,1825,-0.25,106.00,615.10,57.00,1,73.97
6622.00,1791,-0.87,229.00,617.75,172.00,2,196.24
6622.00,1828,-0.96,97.00,615.10,49.00,1,66.26
6623.00,1812,-0.84,155.00,617.75,106.00,1,121.72
6625.00,1816,-0.12,142.00,617.75,93.00,1,110.69
6625.00,1833,-0.81,82.00,615.10,26.00,1,46.66
6625.00,1839,-0.23,60.00,596.93,13.00,1,29.12
6628.00,1821,-0.97,128.00,617.75,77.00,1,93.73
6630.00,1822,-0.54,126.00,617.75,75.00,1,94.48
6633.00,1845,-0.65,47.00,617.75,0.00,0,13.32
6641.00,1849,-0.93,41.00,596.93,0.00,0,8.83
6654.00,1852,-0.64,43.00,596.93,0.00,0,8.07
6657.00,1853,-0.21,42.00,615.10,0.00,0,5.38
6664.00,1856,-0.92,39.00,615.10,0.00,0,6.29
6672.00,1859,-0.63,36.00,615.10,0.00,0,5.53
6698.00,1865,-0.05,40.00,596.93,0.00,0,9.14
6705.00,1841,-0.37,133.00,617.75,90.00,1,103.59
6706.00,1837,-0.09,148.00,615.10,104.00,1,115.62
6706.00,1850,-0.50,102.00,615.10,57.00,1,71.22
6707.00,1855,-0.35,85.00,596.93,41.00,1,55.54
6707.00,1861,-0.77,64.00,615.10,17.00,1,39.10
6710.00,1862,-0.34,63.00,615.10,12.00,2,31.89
6711.00,1846,-0.22,121.00,617.75,71.00,1,82.48
6713.00,1860,-0.20,73.00,617.75,24.00,1,41.40
6714.00,1869,-0.33,42.00,615.10,0.00,0,14.74
6715.00,1864,-0.48,61.00,617.75,13.00,1,29.00
6751.00,1879,-0.03,43.00,615.10,0.00,0,5.58
6763.00,1882,-0.74,45.00,617.75,0.00,0,8.45
6770.00,1886,-0.02,37.00,615.10,0.00,0,5.32
6779.00,1889,-0.73,36.00,615.10,0.00,0,6.04
6788.00,1891,-0.87,38.00,617.75,0.00,0,7.78
6803.00,1895,-0.15,38.00,615.10,0.00,0,5.56
6814.00,1835,-0.95,264.00,596.93,222.00,1,234.77
6816.00,1838,-0.66,255.00,615.10,210.00,1,222.88
6817.00,1834,-0.38,270.00,617.75,224.00,1,235.98
6817.00,1842,-0.94,242.00,615.10,194.00,1,212.07
6819.00,1840,-0.80,251.00,617.75,204.00,1,218.49
6820.00,1848,-0.36,223.00,615.10,167.00,1,187.09
6820.00,1874,-0.18,130.00,615.10,80.00,1,96.68
6822.00,1877,-0.89,122.00,615.10,72.00,1,93.49
6823.00,1843,-0.51,244.00,617.75,193.00,1,208.31
6823.00,1854,-0.78,205.00,615.10,153.00,1,166.39
6823.00,1857,-0.49,194.00,596.93,147.00,1,160.86
6824.00,1844,-0.08,241.00,607.65,191.00,1,208.67
6824.00,1897,-0.29,52.00,615.10,1.00,1,18.61
6828.00,1872,-0.04,145.00,596.93,93.00,1,109.41
6829.00,1875,-0.75,136.00,596.93,87.00,1,110.78
6830.00,1847,-0.79,237.00,617.75,183.00,1,198.43
6831.00,1858,-0.06,198.00,617.75,144.00,1,169.62
6831.00,1880,-0.60,120.00,596.93,68.00,1,89.45
6832.00,1884,-0.88,107.00,596.93,57.00,1,77.56
6833.00,1863,-0.91,183.00,617.75,129.00,1,147.28
6834.00,1892,-0.44,80.00,596.93,28.00,1,50.07
6835.00,1871,-0.47,156.00,617.75,102.00,1,123.64
6837.00,1902,-0.14,47.00,617.75,0.00,0,12.32
6904.00,1851,-0.07,296.00,596.93,253.00,1,263.45
6905.00,1867,-0.19,240.00,615.10,195.00,1,207.83
6905.00,1868,-0.76,237.00,615.10,190.00,1,204.81
6906.00,1866,-0.62,245.00,586.83,201.00,1,213.21
6907.00,1878,-0.46,203.00,615.10,156.00,1,171.51
6908.00,1883,-0.31,186.00,615.10,136.00,2,156.69
6910.00,1888,-0.16,170.00,596.93,122.00,1,135.93
6910.00,1893,-0.01,152.00,615.10,104.00,1,121.26
6912.00,1870,-0.90,237.00,617.75,184.00,1,195.54
6912.00,1915,-0.55,76.00,615.10,27.00,1,43.93
6913.00,1873,-0.61,227.00,617.75,177.00,1,193.84
6913.00,1896,-0.72,145.00,615.10,91.00,1,113.91
6913.00,1916,-0.12,73.00,615.10,20.00,1,42.47
6915.00,1881,-0.17,200.00,617.75,149.00,1,164.92
6916.00,1921,-0.97,59.00,615.10,7.00,1,25.04
6917.00,1887,-0.59,181.00,617.75,130.00,1,145.77
6918.00,1904,-0.28,121.00,596.93,69.00,1,83.25
6919.00,1890,-0.30,172.00,617.75,119.00,1,137.46
6919.00,1910,-0.70,101.00,596.93,48.00,1,70.65
6921.00,1894,-0.58,160.00,617.75,107.00,1,127.97
6921.00,1911,-0.27,99.00,596.93,45.00,1,64.62
6923.00,1914,-0.98,91.00,596.93,37.00,1,58.86
6925.00,1905,-0.85,125.00,617.75,69.00,1,89.11
6926.00,1918,-0.26,79.00,596.93,24.00,1,45.62
6927.00,1925,-0.25,55.00,617.75,0.00,0,21.23
6950.00,1913,-0.41,121.00,615.10,80.00,1,93.65
6952.00,1900,0.00,169.00,617.75,126.00,1,138.16
6953.00,1932,-0.24,56.00,605.00,8.00,1,27.86
6954.00,1876,-0.32,257.00,615.10,208.00,1,221.69
6955.00,1885,-0.45,226.00,596.93,177.00,1,191.57
6955.00,1908,-0.56,144.00,617.75,99.00,1,109.75
6958.00,1924,-0.68,90.00,617.75,42.00,1,55.86
6959.00,1907,-0.99,152.00,596.93,102.00,1,116.90
6961.00,1909,-0.13,146.00,596.93,96.00,1,112.40
6965.00,1917,-0.69,122.00,596.93,67.00,1,84.46
6967.00,1919,-0.83,117.00,596.93,64.00,1,82.07
6971.00,1941,-0.37,42.00,617.75,0.00,0,8.38
6972.00,1920,-0.40,118.00,596.93,59.00,1,78.35
6973.00,1933,-0.81,73.00,596.93,16.00,1,38.35
6977.00,1935,-0.95,70.00,596.93,12.00,1,30.87
6977.00,1944,-0.08,37.00,617.75,0.00,0,8.90
6979.00,1936,-0.52,68.00,596.93,9.00,1,35.20
6980.00,1938,-0.66,62.00,596.93,6.00,1,31.34
6984.00,1942,-0.94,52.00,596.93,0.00,0,14.68
6990.00,1899,-0.43,211.00,617.75,168.00,1,179.74
6991.00,1901,-0.57,205.00,615.10,159.00,1,171.84
6992.00,1903,-0.71,199.00,596.93,152.00,1,169.16
6992.00,1912,-0.84,167.00,617.75,121.00,1,139.08
6992.00,1928,-0.96,110.00,615.10,61.00,1,76.72
6994.00,1898,-0.86,219.00,596.93,168.00,1,178.36
6994.00,1945,-0.65,51.00,615.10,0.00,0,17.49
6996.00,1906,-0.42,192.00,596.93,144.00,1,159.68
6997.00,1923,-0.11,132.00,596.93,85.00,1,103.84
6997.00,1930,-0.10,107.00,615.10,57.00,1,72.38
6999.00,1931,-0.67,106.00,596.93,58.00,1,77.89
7013.00,1952,-0.64,45.00,596.93,0.00,0,8.35
7014.00,1953,-0.21,42.00,596.93,0.00,0,14.64
7016.00,1954,-0.78,41.00,615.10,0.00,0,5.17
7016.00,1955,-0.35,37.00,615.10,0.00,0,5.38
7048.00,1962,-0.34,44.00,596.93,0.00,0,8.21
7058.00,1967,-0.19,36.00,615.10,0.00,0,5.59
7059.00,1966,-0.62,41.00,596.93,0.00,0,9.04
7070.00,1927,-0.39,191.00,615.10,145.00,1,159.39
7071.00,1922,-0.54,210.00,615.10,164.00,1,175.63
7071.00,1926,-0.82,196.00,617.75,148.00,1,161.49
7072.00,1934,-0.38,168.00,615.10,123.00,1,135.72
7073.00,1929,-0.53,187.00,596.93,139.00,1,152.65
7073.00,1947,-0.79,123.00,615.10,73.00,2,93.02
7074.00,1943,-0.51,138.00,596.93,91.00,1,107.59
7075.00,1957,-0.49,89.00,615.10,40.00,1,56.69
7075.00,1960,-0.20,78.00,615.10,34.00,1,49.75
7077.00,1961,-0.77,77.00,596.93,29.00,1,44.46
7079.00,1963,-0.91,72.00,615.10,18.00,1,33.45
7083.00,1956,-0.92,101.00,617.75,41.00,1,52.78
7084.00,1937,-0.09,169.00,615.10,123.00,1,135.45
7085.00,1939,-0.23,163.00,596.93,120.00,1,132.69
7087.00,1940,-0.80,162.00,596.93,117.00,1,132.48
7087.00,1971,-0.47,51.00,617.75,2.00,1,13.68
7089.00,1972,-0.04,49.00,617.75,0.00,0,16.19
7090.00,1948,-0.36,136.00,596.93,91.00,1,106.99
7093.00,1949,-0.93,136.00,596.93,88.00,1,105.43
7094.00,1973,-0.61,51.00,617.75,0.00,0,10.44
7096.00,1975,-0.75,46.00,617.75,0.00,0,7.87
7097.00,1959,-0.63,104.00,596.93,51.00,1,69.37
7100.00,1969,-0.33,71.00,596.93,18.00,1,37.32
7142.00,1988,-0.16,45.00,617.75,0.00,0,6.43
7145.00,1989,-0.73,45.00,596.93,0.00,0,7.79
7155.00,1991,-0.87,48.00,617.75,0.00,0,8.29
7168.00,1950,-0.50,207.00,615.10,164.00,1,178.89
7170.00,1980,-0.60,102.00,615.10,55.00,1,74.45
7171.00,1951,-0.07,206.00,617.75,161.00,1,172.07
7174.00,1958,-0.06,184.00,615.10,137.00,1,147.22
7175.00,1946,-0.22,228.00,615.10,175.00,1,185.09
7175.00,1995,-0.15,53.00,615.10,3.00,1,24.06
7176.00,1990,-0.30,72.00,615.10,14.00,1,44.17
7178.00,1968,-0.76,153.00,617.75,103.00,1,114.88
7179.00,1976,-0.32,125.00,617.75,76.00,1,94.63
7180.00,1999,-0.43,44.00,596.93,0.00,0,8.02
7181.00,1981,-0.17,109.00,617.75,59.00,1,77.39
7181.00,2001,-0.57,38.00,615.10,0.00,0,5.98
7190.00,2002,-0.14,43.00,615.10,0.00,0,5.48
7284.00,1986,-0.02,194.00,596.93,146.00,1,157.13
7284.00,1987,-0.59,191.00,615.10,143.00,1,157.94
7284.00,2006,-0.42,123.00,615.10,76.00,1,94.75
7286.00,1970,-0.90,254.00,617.75,206.00,1,217.17
7287.00,1992,-0.44,176.00,615.10,126.00,1,138.44
7287.00,1997,-0.29,158.00,596.93,111.00,1,126.95
7287.00,2007,-0.99,123.00,615.10,72.00,1,90.27
7289.00,1974,-0.18,242.00,617.75,191.00,1,205.90
7290.00,1979,-0.03,225.00,617.75,177.00,1,192.99
7291.00,2008,-0.56,123.00,596.93,74.00,1,87.94
7293.00,1985,-0.45,207.00,617.75,156.00,1,171.19
7294.00,2010,-0.70,119.00,596.93,68.00,1,85.82
7295.00,1994,-0.58,177.00,617.75,125.00,1,142.25
7298.00,1998,-0.86,166.00,617.75,112.00,1,131.98
7300.00,2005,-0.85,143.00,617.75,89.00,1,109.62
7301.00,2012,-0.84,119.00,617.75,65.00,1,87.72
7334.00,1965,-0.05,319.00,615.10,266.00,2,286.03
7335.00,1964,-0.48,324.00,615.10,270.00,2,289.39
7335.00,1978,-0.46,274.00,615.10,225.00,1,237.54
7335.00,1982,-0.74,260.00,617.75,216.00,1,228.13
7336.00,1977,-0.89,279.00,596.93,231.00,1,244.18
7337.00,1984,-0.88,255.00,615.10,210.00,1,223.04
7340.00,1983,-0.31,261.00,615.10,207.00,1,218.70
7340.00,1993,-0.01,225.00,617.75,178.00,1,194.75
7341.00,2004,-0.28,187.00,615.10,134.00,1,156.93
7341.00,2009,-0.13,169.00,596.93,117.00,1,131.89
7345.00,1996,-0.72,220.00,617.75,167.00,1,182.29
7411.00,2000,0.00,271.00,615.10,227.00,1,243.20
7412.00,2015,-0.55,219.00,615.10,175.00,1,188.22
7413.00,2003,-0.71,263.00,596.93,220.00,1,234.90
7415.00,2016,-0.12,218.00,605.00,173.00,1,185.57
7416.00,2011,-0.27,237.00,617.75,187.00,1,198.90
7419.00,2013,-0.41,233.00,596.93,184.00,1,198.49
7420.00,2014,-0.98,231.00,596.93,182.00,1,200.09
