step,veh_id,ttime
55,8,40
57,7,45
57,13,34
70,16,42
71,18,39
75,20,40
86,26,40
88,27,39
99,37,33
101,34,41
107,38,38
116,43,40
120,46,38
128,19,94
130,0,130
131,31,76
132,4,125
135,35,73
136,14,111
138,41,65
139,44,61
140,15,112
141,56,41
142,57,39
144,23,103
147,24,103
149,47,65
152,62,42
159,67,40
163,69,40
174,74,42
177,79,35
181,78,42
182,81,37
206,91,44
206,93,40
208,94,39
221,2,217
222,12,200
222,28,172
223,3,216
224,1,223
227,39,158
228,25,184
228,29,175
230,5,220
230,65,112
231,64,116
232,11,213
233,32,176
233,71,105
234,49,147
235,40,163
235,54,139
237,66,116
241,6,231
242,21,205
242,30,189
244,9,228
245,36,181
245,42,170
246,10,227
247,59,141
248,45,168
248,61,139
249,17,219
250,22,210
250,88,93
251,55,153
251,102,69
252,33,193
253,107,62
254,58,151
255,76,119
255,110,59
257,48,172
259,85,107
260,50,171
262,80,119
263,82,117
264,104,78
265,83,116
265,115,60
267,87,112
268,117,59
269,128,40
270,113,68
272,118,60
272,130,40
275,120,61
275,131,40
278,135,37
279,133,41
282,137,37
290,140,40
294,143,39
306,51,215
306,68,185
306,84,156
309,75,175
311,52,217
311,98,136
312,53,215
312,92,148
314,100,135
315,103,131
315,134,76
317,72,189
317,109,122
317,139,69
318,73,187
318,114,114
320,121,104
321,90,160
322,95,152
323,124,102
324,145,65
330,127,103
332,142,78
333,147,70
335,162,46
335,165,40
339,166,41
341,167,40
342,168,38
343,170,36
353,174,42
355,176,40
355,177,37
365,136,122
366,101,186
366,105,179
368,106,178
369,108,176
369,138,122
371,112,171
371,148,107
372,154,97
372,155,94
373,116,166
374,144,117
374,163,83
375,161,87
376,119,163
376,171,70
378,175,65
378,181,55
379,126,154
379,183,52
380,156,99
383,164,89
386,179,66
392,195,43
409,206,41
410,207,39
414,210,39
435,220,42
466,239,39
470,240,40
473,244,37
483,60,376
484,125,260
485,70,360
487,63,375
488,86,335
488,129,258
489,77,352
489,141,237
491,89,332
492,96,321
492,158,208
494,173,185
495,97,321
495,198,141
497,99,320
497,111,299
497,229,86
499,122,281
499,132,263
499,237,75
500,123,279
501,243,67
502,146,241
502,248,57
503,152,231
504,157,223
507,153,232
510,149,244
510,159,226
512,150,243
513,151,241
513,169,211
515,172,208
516,178,198
516,205,150
517,180,195
517,188,179
518,209,144
519,224,119
520,197,168
521,230,110
521,231,107
522,186,190
522,232,105
523,233,103
524,252,73
526,187,191
526,235,100
526,250,79
527,269,46
528,189,187
529,242,94
530,245,92
531,190,187
533,193,186
534,203,171
536,221,141
536,259,73
538,270,54
539,273,51
543,222,145
544,234,121
545,236,116
546,285,36
547,238,116
550,241,117
554,246,113
555,263,85
558,291,38
559,267,82
560,292,37
561,277,66
564,296,35
569,284,61
575,298,42
580,301,42
587,307,38
591,311,35
605,317,38
611,182,286
612,192,268
612,194,265
615,184,286
615,200,256
617,199,261
618,185,286
618,204,251
620,191,279
620,201,258
620,212,241
621,202,256
622,218,230
622,254,167
623,268,144
624,215,228
625,214,242
625,275,133
627,216,241
627,223,228
627,279,128
628,217,239
628,288,112
630,227,224
630,253,178
630,295,102
631,300,94
633,282,129
634,258,173
634,310,80
635,313,74
636,264,164
637,287,124
637,318,68
639,302,99
639,326,56
640,276,144
640,312,82
640,332,46
642,293,118
642,315,78
643,299,108
643,336,42
645,303,102
649,338,44
650,322,74
652,324,73
653,342,41
675,354,42
675,356,38
685,359,43
689,361,43
694,367,38
704,371,40
712,249,267
714,266,237
715,261,248
716,265,242
716,286,205
717,278,220
718,290,199
719,280,218
719,297,188
720,255,264
721,283,215
721,334,124
722,271,237
722,339,116
723,304,179
724,319,153
724,346,104
726,305,179
726,352,96
727,355,92
729,321,155
729,369,69
730,325,149
730,341,120
731,377,57
732,327,147
732,360,88
733,357,94
734,330,144
734,365,80
736,345,119
739,391,40
742,347,119
742,364,91
744,392,42
746,387,54
750,396,42
762,404,39
782,414,41
785,416,38
789,272,303
790,196,440
791,289,274
792,160,505
793,211,416
793,294,267
794,208,422
794,314,232
795,213,414
798,219,406
798,225,396
800,226,395
800,247,358
800,323,222
801,228,393
801,362,154
803,368,145
805,251,356
805,399,91
806,262,338
806,405,82
807,256,349
808,257,347
808,411,70
809,260,344
809,316,244
809,427,45
811,320,239
813,274,323
813,331,221
814,281,312
816,306,269
817,333,221
818,308,267
818,340,210
820,309,266
821,344,206
823,350,197
825,353,194
826,351,197
830,370,168
831,328,244
833,329,243
835,335,236
835,337,232
836,343,223
836,375,165
838,348,216
838,349,213
838,381,157
839,366,184
839,397,129
840,358,200
841,413,102
841,443,49
842,372,177
845,378,169
846,419,96
848,382,164
848,426,86
850,383,163
854,384,167
855,374,186
855,376,182
856,385,166
857,380,176
857,403,135
858,402,139
860,408,130
860,412,123
861,422,104
862,379,184
863,389,167
863,420,112
863,421,109
864,435,86
865,395,158
866,398,154
866,438,82
867,423,107
867,449,64
868,460,45
870,428,104
872,442,81
876,467,41
884,472,40
884,473,37
887,474,37
895,476,42
901,486,32
908,484,42
911,487,39
914,489,39
921,493,39
935,415,191
938,418,188
938,424,180
941,436,161
942,431,170
942,447,142
943,425,182
944,430,175
944,450,139
948,453,138
949,363,299
949,464,117
950,394,245
951,373,284
951,488,78
952,393,249
953,400,236
954,401,234
959,452,150
960,386,270
962,388,268
962,455,148
963,434,187
963,440,176
964,461,139
965,390,267
965,444,170
967,469,128
968,470,126
969,406,243
969,465,137
970,480,109
971,445,173
971,459,149
971,497,81
973,483,109
973,501,77
974,494,90
975,511,59
976,504,74
976,519,47
977,466,142
978,458,159
978,508,68
981,478,126
982,510,69
983,479,125
984,525,45
986,495,99
988,513,69
991,526,49
994,507,87
994,530,46
995,534,40
1002,520,72
1003,500,108
1003,541,35
1005,509,94
1009,529,63
1012,542,41
1019,543,45
1026,550,42
1036,556,41
1044,433,269
1044,492,161
1045,471,202
1045,477,192
1046,437,263
1046,485,178
1046,498,155
1048,499,154
1049,506,143
1050,468,213
1050,518,123
1051,523,115
1052,481,192
1052,531,102
1053,490,176
1053,533,98
1054,545,79
1055,546,77
1056,491,176
1057,554,66
1058,552,70
1059,555,65
1060,502,162
1060,560,57
1061,505,158
1062,559,62
1062,572,39
1063,512,147
1069,515,148
1069,573,43
1069,576,38
1070,521,138
1072,532,119
1074,540,108
1077,544,104
1077,577,43
1079,547,98
1083,549,100
1085,558,87
1086,586,36
1087,570,67
1088,585,41
1091,582,50
1092,583,49
1092,590,36
1096,592,37
1102,593,40
1112,601,37
1114,602,36
1118,599,46
1126,607,40
1133,409,401
1133,514,213
1134,410,399
1136,407,408
1136,432,363
1137,417,391
1137,517,211
1138,557,141
1139,429,372
1140,561,136
1141,441,352
1142,589,88
1143,439,358
1143,457,324
1143,595,77
1144,446,346
1144,463,315
1145,598,74
1146,606,62
1148,475,298
1149,448,348
1151,451,344
1151,516,228
1153,524,216
1154,454,341
1155,527,212
1156,456,340
1157,625,39
1158,462,332
1159,482,297
1160,535,203
1161,496,274
1161,536,201
1164,503,264
1166,630,39
1167,553,178
1168,563,159
1169,522,235
1170,565,156
1171,528,225
1172,548,192
1173,566,156
1174,584,129
1176,551,190
1176,594,113
1177,562,170
1177,632,46
1180,634,46
1182,564,170
1183,578,149
1184,639,41
1185,597,116
1187,600,113
1188,642,39
1190,608,102
1192,615,92
1193,616,91
1197,647,39
1199,619,91
1200,645,46
1201,627,79
1213,656,39
1228,575,198
1230,574,203
1230,581,189
1231,580,193
1232,537,271
1233,538,270
1233,596,167
1233,605,149
1234,609,144
1234,617,130
1235,539,270
1236,620,127
1237,640,92
1238,644,86
1239,568,223
1241,588,189
1242,653,72
1243,604,162
1244,658,67
1245,636,107
1246,664,58
1247,650,84
1250,652,83
1251,674,45
1255,659,75
1256,672,54
1256,679,41
1259,682,39
1267,684,43
1267,685,40
1275,691,39
1280,696,35
1297,701,43
1300,703,42
1303,704,42
1310,571,288
1311,567,297
1312,579,276
1313,603,234
1313,638,170
1315,618,209
1315,651,150
1316,569,298
1317,671,116
1318,587,268
1318,675,110
1319,591,262
1319,628,195
1320,715,41
1321,633,188
1322,629,195
1323,643,173
1324,637,184
1326,657,150
1327,641,180
1328,665,138
1331,661,148
1331,705,70
1333,649,172
1333,706,69
1335,667,142
1335,708,66
1337,681,119
1338,687,109
1341,689,108
1342,725,45
1346,732,36
1347,690,111
1348,694,106
1350,697,103
1352,707,85
1357,709,85
1358,737,39
1359,712,85
1359,738,37
1360,716,79
1362,717,78
1364,720,76
1367,742,39
1368,733,55
1373,748,35
1376,750,34
1388,754,39
1396,756,43
1398,611,304
1399,610,308
1399,612,302
1400,614,297
1401,621,290
1402,646,246
1403,613,303
1403,623,286
1404,622,290
1406,624,286
1406,626,284
1406,648,247
1407,655,234
1408,662,224
1410,631,281
1410,666,218
1411,635,275
1411,660,230
1412,663,225
1412,673,208
1413,680,196
1414,676,204
1415,654,245
1415,698,166
1416,711,144
1417,669,220
1418,683,196
1418,730,112
1420,678,207
1420,699,168
1420,761,58
1421,713,145
1422,765,53
1424,693,184
1425,740,101
1426,695,182
1426,745,93
1429,702,173
1429,746,94
1430,723,136
1431,753,84
1433,728,130
1433,763,68
1436,736,119
1438,743,109
1439,778,47
1441,784,37
1443,755,92
1444,757,89
1446,766,74
1447,787,39
1448,776,59
1450,789,38
1453,783,52
1460,793,41
1471,677,260
1472,668,277
1472,670,273
1472,692,234
1475,688,244
1475,700,222
1476,734,163
1478,686,251
1479,710,209
1480,727,179
1480,739,158
1481,718,196
1481,751,137
1482,729,178
1482,747,145
1483,791,66
1484,792,64
1485,721,195
1485,771,105
1486,796,60
1487,749,147
1488,802,53
1490,774,105
1491,752,144
1491,788,81
1491,800,59
1492,812,38
1493,762,130
1493,797,64
1494,775,106
1497,790,83
1499,794,76
1499,811,48
1499,813,42
1500,816,37
1501,815,41
1502,819,36
1510,821,41
1513,825,34
1515,823,42
1517,824,41
1528,831,41
1532,836,36
1543,841,38
1550,724,255
1551,714,273
1552,719,265
1552,731,244
1553,726,254
1554,764,187
1555,722,263
1555,735,240
1556,770,178
1557,741,231
1561,785,156
1561,822,90
1562,744,231
1563,782,164
1564,806,122
1565,852,40
1566,838,66
1567,854,39
1581,858,46
1581,865,33
1586,861,45
1587,859,49
1592,866,41
1598,758,242
1599,759,240
1599,767,227
1599,769,221
1600,760,238
1600,779,206
1601,773,217
1602,795,179
1604,768,229
1604,804,164
1605,777,215
1607,827,127
1608,772,227
1608,833,117
1609,780,212
1609,798,181
1610,834,116
1611,805,168
1611,845,99
1612,781,212
1613,851,90
1614,786,208
1614,829,131
1615,843,107
1615,853,89
1616,874,52
1619,803,182
1619,847,103
1620,809,172
1620,868,67
1621,876,53
1622,817,160
1624,826,146
1624,880,49
1626,830,140
1628,873,66
1628,887,41
1637,893,39
1640,894,39
1646,896,42
1653,903,37
1662,905,43
1688,920,42
1695,807,251
1696,814,239
1697,818,233
1698,799,268
1698,810,248
1699,801,266
1700,832,211
1701,808,254
1703,850,182
1704,820,237
1704,828,222
1706,837,208
1706,842,199
1708,839,207
1708,840,204
1709,835,215
1710,867,159
1712,863,168
1712,898,105
1713,848,196
1714,846,200
1714,904,96
1715,870,158
1715,912,83
1716,855,186
1717,857,183
1717,878,146
1717,917,76
1719,879,145
1720,909,92
1722,884,140
1722,919,77
1725,895,123
1728,899,118
1732,908,107
1733,913,98
1735,936,60
1737,937,59
1739,946,46
1742,947,46
1745,953,40
1752,958,38
1758,961,38
1762,964,37
1764,967,34
1772,856,240
1773,844,263
1773,910,145
1774,860,235
1774,882,196
1775,869,220
1777,849,258
1778,916,139
1779,862,237
1779,923,126
1780,864,234
1780,890,184
1781,926,122
1783,871,224
1783,901,171
1784,885,200
1785,907,161
1787,918,144
1789,886,202
1789,976,42
1790,925,134
1793,931,127
1796,888,206
1796,934,125
1798,875,232
1800,883,220
1801,872,241
1801,900,190
1802,881,226
1803,877,234
1803,892,206
1804,891,210
1805,940,123
1806,902,192
1806,945,115
1808,963,85
1809,897,204
1810,911,180
1811,921,163
1812,914,176
1812,924,159
1817,915,178
1817,942,131
1819,930,155
1819,943,130
1820,951,118
1825,929,160
1826,928,164
1827,949,128
1828,927,169
1829,956,118
1829,957,115
1830,932,162
1831,948,135
1832,933,161
1832,970,96
1833,971,94
1834,935,160
1834,972,92
1834,993,57
1836,941,152
1838,965,111
1839,997,55
1839,998,52
1841,978,91
1843,995,62
1844,986,80
1844,1004,47
1847,1005,47
1871,1023,40
1877,1026,41
1880,1030,37
1883,1028,43
1887,1032,40
1918,982,160
1919,968,186
1920,984,159
1921,974,178
1922,980,167
1924,979,172
1924,992,148
1925,991,152
1925,1015,107
1927,996,145
1927,1019,103
1928,999,140
1929,1027,91
1930,1003,135
1931,1000,140
1931,1038,73
1935,1040,74
1936,1058,43
1937,1007,135
1937,1011,128
1937,1044,69
1939,1012,127
1939,1045,68
1941,1014,126
1942,1062,42
1948,889,355
1948,985,185
1950,906,329
1950,939,270
1951,944,262
1951,990,178
1953,1001,162
1955,1022,126
1956,922,306
1956,950,256
1956,1024,124
1958,952,254
1958,955,249
1958,1031,113
1959,969,225
1960,975,215
1961,987,195
1961,988,193
1962,1036,108
1963,989,192
1963,1041,100
1965,1002,171
1965,1006,165
1965,1047,90
1967,1009,161
1967,1052,84
1968,1018,146
1968,1054,79
1970,1065,64
1971,1070,56
1972,1037,115
1972,1039,112
1973,1042,107
1973,1043,104
1976,1046,104
1976,1055,84
1977,1053,91
1979,1056,84
1980,1059,82
1981,1074,59
1982,1085,40
1985,1077,58
1987,1079,56
1993,1091,41
2011,1101,41
2019,1103,45
2020,1104,44
2024,1110,38
2037,1114,43
2044,1118,43
2055,938,376
2056,1010,249
2057,954,350
2058,1017,237
2059,959,343
2059,1021,231
2060,960,341
2061,962,340
2061,1025,227
2063,966,334
2063,994,284
2064,1029,223
2065,1013,252
2065,1033,216
2066,973,325
2067,1016,249
2068,977,320
2068,1034,216
2070,1020,245
2071,1050,190
2072,1061,173
2073,981,318
2075,1049,197
2076,983,317
2076,1048,201
2077,1008,273
2077,1071,160
2078,1072,158
2078,1097,115
2078,1115,83
2080,1106,100
2081,1063,179
2081,1134,50
2083,1075,158
2083,1133,55
2084,1035,229
2084,1076,156
2085,1064,181
2086,1142,42
2087,1073,164
2088,1078,157
2089,1094,131
2091,1099,124
2092,1082,156
2094,1083,156
2096,1105,119
2096,1107,113
2096,1111,108
2098,1112,108
2099,1120,95
2100,1146,49
2101,1117,102
2102,1126,87
2105,1147,52
2106,1128,87
2110,1144,63
2111,1157,40
2112,1148,57
2116,1152,54
2124,1164,41
2126,1166,39
2150,1177,44
2154,1181,41
2164,1184,45
2167,1051,286
2168,1057,276
2168,1067,259
2172,1060,275
2173,1092,219
2175,1113,183
2176,1068,262
2176,1132,150
2177,1080,244
2177,1093,220
2178,1116,181
2178,1155,111
2182,1086,239
2182,1102,210
2182,1121,176
2183,1135,152
2184,1108,201
2185,1109,199
2185,1137,150
2188,1119,185
2188,1140,148
2190,1141,147
2190,1145,141
2190,1198,46
2191,1149,135
2192,1180,80
2194,1156,124
2196,1162,117
2197,1165,112
2200,1205,44
2200,1207,40
2201,1167,113
2203,1170,109
2204,1173,105
2212,1213,41
2215,1214,41
2216,1218,36
2221,1216,44
2229,1222,42
2229,1224,36
2233,1223,43
2237,1066,329
2237,1081,303
2238,1069,325
2238,1084,298
2239,1089,288
2241,1096,278
2242,1095,282
2242,1122,234
2244,1098,278
2245,1087,300
2245,1179,134
2246,1182,131
2247,1088,299
2247,1123,236
2249,1090,295
2249,1130,227
2249,1187,122
2250,1100,281
2250,1190,114
2252,1138,215
2252,1221,67
2253,1143,208
2253,1233,46
2255,1139,215
2257,1153,194
2258,1169,166
2259,1174,158
2261,1171,165
2261,1178,153
2262,1185,141
2264,1188,134
2265,1186,141
2267,1189,134
2267,1211,100
2268,1235,58
2269,1236,56
2270,1247,38
2274,1242,51
2275,1239,58
2290,1259,37
2292,1256,44
2304,1265,40
2309,1270,36
2311,1267,44
2311,1268,41
2320,1127,303
2321,1124,310
2322,1131,298
2322,1160,244
2323,1154,258
2325,1125,311
2325,1161,244
2326,1176,220
2327,1208,165
2328,1129,308
2329,1163,245
2329,1209,164
2330,1136,297
2330,1168,240
2330,1253,88
2332,1150,274
2332,1191,201
2332,1260,77
2333,1151,272
2334,1269,63
2335,1158,263
2336,1279,47
2337,1195,198
2338,1200,190
2339,1159,264
2340,1206,182
2341,1172,244
2342,1175,239
2342,1240,123
2348,1199,202
2350,1192,217
2350,1194,213
2350,1196,210
2351,1197,208
2351,1201,202
2353,1203,200
2353,1204,197
2353,1212,184
2354,1210,189
2355,1246,125
2358,1215,184
2358,1220,173
2360,1225,168
2360,1249,125
2361,1251,120
2362,1217,184
2362,1234,154
2363,1264,101
2364,1219,182
2364,1273,86
2365,1229,166
2367,1237,153
2368,1281,76
2369,1230,167
2369,1238,152
2370,1241,149
2370,1245,142
2370,1294,54
2372,1250,134
2373,1252,129
2374,1262,116
2375,1266,109
2377,1298,54
2385,1301,57
2385,1304,51
2391,1228,192
2391,1231,188
2392,1226,196
2392,1282,98
2393,1258,142
2394,1232,188
2395,1254,151
2395,1263,135
2395,1284,97
2397,1286,93
2397,1288,90
2399,1285,98
2400,1302,70
2401,1257,151
2402,1271,127
2404,1307,65
2405,1274,125
2405,1324,36
2407,1276,123
2407,1319,46
2409,1295,91
2410,1328,33
2414,1300,87
2416,1312,68
2417,1315,64
2420,1320,56
2422,1326,49
2428,1332,44
2428,1333,41
2432,1336,41
2434,1339,38
2438,1340,39
2441,1344,36
2448,1346,39
2451,1348,39
2471,1356,44
2478,1361,42
2481,1364,40
2485,1368,37
2502,1376,39
2508,1272,232
2508,1278,221
2509,1287,206
2511,1309,168
2512,1292,200
2513,1289,206
2513,1293,198
2513,1313,163
2514,1331,132
2516,1323,148
2516,1337,123
2517,1310,171
2518,1341,118
2518,1342,115
2519,1358,89
2520,1325,149
2520,1362,83
2522,1355,97
2522,1374,63
2524,1334,137
2526,1379,57
2527,1363,87
2527,1365,84
2528,1378,62
2529,1359,96
2530,1389,44
2531,1387,49
2532,1390,43
2542,1395,45
2549,1403,38
2555,1183,438
2556,1290,247
2557,1248,324
2558,1296,239
2559,1193,424
2559,1297,237
2560,1299,235
2561,1202,410
2561,1277,276
2561,1306,223
2564,1227,368
2565,1305,230
2565,1321,201
2565,1322,198
2566,1335,177
2567,1243,343
2568,1329,190
2568,1345,161
2569,1255,323
2569,1338,174
2569,1370,115
2571,1244,345
2571,1369,121
2573,1353,152
2573,1385,93
2575,1261,317
2575,1404,62
2577,1412,50
2578,1357,149
2579,1371,125
2581,1275,299
2581,1280,289
2581,1372,126
2583,1283,287
2584,1382,110
2585,1291,273
2586,1393,93
2588,1423,40
2590,1303,258
2591,1308,250
2592,1411,67
2593,1318,234
2595,1347,184
2595,1420,54
2596,1401,89
2598,1349,184
2598,1429,41
2601,1350,184
2603,1366,158
2605,1381,134
2610,1316,255
2611,1311,265
2614,1314,262
2614,1327,239
2614,1351,196
2615,1343,212
2615,1360,181
2617,1352,196
2618,1317,260
2619,1373,162
2619,1383,144
2620,1330,240
2621,1396,123
2621,1400,115
2624,1408,104
2625,1354,201
2625,1367,179
2626,1410,103
2627,1415,95
2627,1433,62
2628,1375,167
2630,1386,150
2630,1421,87
2631,1398,129
2631,1440,54
2635,1442,54
2636,1405,122
2638,1407,120
2640,1416,105
2643,1455,39
2644,1457,36
2651,1459,40
2652,1462,36
2654,1463,35
2662,1466,38
2673,1377,207
2673,1388,189
2675,1391,186
2676,1380,206
2677,1392,185
2678,1427,124
2679,1435,111
2681,1448,90
2682,1394,187
2682,1402,173
2682,1449,88
2684,1413,155
2684,1414,152
2684,1465,62
2685,1424,137
2686,1425,135
2686,1475,46
2687,1450,90
2688,1432,125
2688,1452,88
2689,1473,53
2690,1481,40
2691,1454,88
2694,1458,85
2696,1478,51
2704,1489,39
2713,1492,43
2716,1497,37
2735,1437,162
2736,1417,200
2737,1406,221
2737,1409,215
2737,1426,185
2737,1461,122
2740,1419,200
2741,1428,185
2743,1430,184
2743,1482,91
2744,1436,174
2745,1431,183
2745,1488,82
2746,1500,61
2747,1445,161
2749,1439,173
2749,1513,41
2751,1446,162
2751,1474,113
2752,1480,103
2753,1456,147
2754,1501,66
2756,1514,46
2759,1502,68
2761,1504,67
2763,1505,66
2765,1509,64
2768,1518,51
2771,1522,47
2776,1523,49
2783,1531,43
2787,1533,43
2789,1536,40
2791,1537,39
2793,1538,38
2799,1384,322
2800,1444,216
2801,1441,222
2803,1397,303
2804,1443,222
2804,1447,214
2805,1399,301
2805,1451,208
2806,1468,178
2807,1418,269
2807,1493,135
2808,1453,208
2809,1422,264
2810,1494,135
2811,1464,191
2811,1499,128
2813,1434,247
2813,1510,111
2815,1470,184
2816,1471,182
2816,1511,111
2817,1515,106
2818,1483,164
2819,1530,81
2820,1438,246
2821,1460,208
2821,1467,196
2821,1491,153
2823,1477,180
2824,1503,134
2825,1485,167
2826,1520,106
2827,1487,166
2830,1527,97
2832,1495,154
2832,1540,76
2834,1534,89
2837,1555,54
2848,1569,40
2876,1589,32
2878,1585,41
2880,1587,40
2890,1592,40
2893,1590,46
2895,1593,42
2897,1594,41
2901,1595,42
2901,1596,39
2904,1598,39
2911,1601,43
2917,1469,288
2917,1472,283
2917,1476,275
2918,1498,237
2919,1506,224
2919,1519,200
2920,1479,273
2921,1521,199
2923,1524,196
2923,1549,151
2924,1484,268
2924,1525,194
2925,1486,266
2925,1528,190
2926,1547,157
2927,1550,152
2927,1562,132
2928,1490,261
2929,1496,252
2930,1565,129
2931,1554,150
2932,1586,94
2933,1574,116
2934,1516,221
2934,1597,76
2935,1588,93
2935,1604,64
2936,1535,189
2936,1602,69
2937,1546,170
2937,1608,58
2939,1551,161
2940,1609,58
2942,1556,157
2943,1577,121
2949,1607,73
2950,1620,51
2958,1628,44
2960,1631,41
2966,1636,38
2971,1507,274
2972,1526,241
2973,1508,273
2975,1529,239
2976,1512,270
2976,1517,261
2976,1542,215
2977,1548,207
2978,1532,236
2979,1543,215
2979,1558,189
2980,1541,222
2981,1552,203
2981,1561,186
2983,1563,185
2984,1553,203
2985,1557,198
2985,1573,169
2986,1560,193
2986,1572,173
2986,1578,161
2987,1564,186
2989,1568,183
2989,1576,167
2993,1600,128
2993,1616,101
2994,1575,175
2994,1632,73
2995,1582,164
2995,1640,60
2996,1579,168
2997,1635,71
2998,1599,136
2999,1605,127
2999,1647,51
3001,1613,114
3004,1618,108
3008,1625,100
3009,1627,97
3013,1653,55
3021,1665,41
3025,1668,40
3026,1669,38
3033,1673,39
3038,1675,40
3040,1677,39
3046,1539,288
3048,1544,285
3048,1559,258
3049,1566,246
3050,1570,240
3051,1545,285
3051,1584,214
3052,1567,246
3053,1571,240
3053,1619,155
3054,1580,226
3054,1581,223
3054,1624,146
3055,1591,208
3056,1621,155
3058,1634,132
3059,1583,225
3060,1633,137
3061,1610,180
3062,1643,120
3063,1614,174
3063,1617,168
3064,1615,172
3064,1646,113
3066,1623,161
3067,1642,128
3068,1630,151
3068,1670,79
3069,1672,77
3070,1638,138
3071,1639,137
3071,1644,126
3071,1690,45
3072,1648,118
3072,1654,112
3073,1689,50
3075,1645,127
3077,1691,48
3080,1652,123
3080,1676,80
3080,1682,70
3082,1661,109
3082,1683,69
3083,1664,105
3084,1684,68
3085,1692,53
3087,1694,52
3090,1695,53
3091,1706,38
3092,1698,53
3111,1714,43
3116,1721,36
3117,1718,42
3124,1724,39
3128,1726,39
3133,1729,39
3152,1738,41
3158,1603,287
3161,1606,287
3162,1622,259
3164,1611,281
3164,1612,278
3164,1626,254
3165,1629,250
3165,1650,212
3166,1651,210
3167,1655,205
3167,1663,191
3169,1674,173
3170,1658,203
3170,1671,179
3170,1688,148
3171,1679,166
3172,1704,121
3173,1703,125
3174,1659,204
3174,1725,87
3175,1666,193
3175,1715,106
3177,1751,43
3178,1667,193
3178,1719,101
3181,1687,162
3181,1754,42
3183,1727,92
3185,1758,39
3185,1759,36
3195,1760,43
3203,1767,41
3214,1769,48
3214,1770,45
3221,1777,41
3223,1778,40
3231,1786,35
3252,1795,39
3258,1797,42
3263,1637,332
3263,1641,326
3266,1649,315
3266,1656,302
3267,1657,300
3268,1722,186
3269,1678,266
3270,1701,226
3271,1660,300
3271,1680,264
3272,1731,174
3273,1662,299
3273,1686,256
3274,1741,158
3275,1693,245
3276,1742,157
3277,1697,240
3277,1702,230
3278,1723,193
3278,1744,156
3279,1699,238
3280,1734,177
3280,1764,123
3281,1710,221
3282,1752,146
3282,1761,130
3283,1766,120
3284,1774,108
3285,1712,221
3285,1765,125
3286,1794,75
3287,1768,121
3289,1773,116
3289,1804,60
3291,1720,213
3291,1737,182
3293,1747,166
3295,1782,106
3296,1755,155
3297,1791,92
3298,1783,106
3299,1787,101
3299,1808,63
3302,1789,100
3304,1802,79
3304,1824,40
3308,1806,75
3310,1816,60
3316,1832,37
3339,1681,331
3340,1685,324
3342,1707,287
3344,1696,309
3344,1700,301
3344,1732,244
3345,1705,294
3345,1708,287
3346,1709,285
3347,1743,228
3348,1711,284
3348,1748,220
3349,1713,282
3350,1753,213
3351,1716,280
3352,1771,182
3353,1717,279
3353,1730,257
3354,1785,159
3355,1735,249
3356,1750,224
3356,1792,149
3358,1728,265
3358,1781,171
3358,1811,117
3359,1836,73
3360,1733,257
3361,1837,72
3362,1736,253
3362,1788,162
3362,1841,67
3363,1739,251
3364,1858,39
3365,1793,155
3366,1798,148
3366,1846,62
3368,1745,245
3368,1859,40
3369,1756,226
3370,1813,125
3371,1796,157
3371,1834,89
3373,1839,81
3374,1819,118
3375,1820,117
3377,1863,43
3378,1866,38
3380,1826,112
3382,1844,82
3386,1848,79
3386,1871,37
3387,1860,56
3409,1883,39
3434,1896,41
3443,1901,41
3447,1740,333
3448,1746,323
3451,1749,321
3451,1763,295
3452,1757,307
3453,1762,300
3453,1772,282
3455,1775,278
3455,1780,268
3455,1809,217
3456,1779,272
3457,1817,205
3458,1790,254
3458,1828,185
3459,1776,279
3460,1784,267
3460,1829,184
3461,1807,227
3461,1840,168
3463,1801,240
3463,1818,208
3463,1851,150
3464,1810,223
3467,1821,208
3467,1831,185
3467,1854,149
3468,1830,189
3469,1861,138
3470,1827,200
3470,1842,173
3471,1838,181
3471,1870,124
3473,1862,139
3473,1879,109
3475,1843,175
3475,1864,138
3475,1865,135
3476,1898,79
3477,1912,55
3482,1799,262
3482,1803,255
3483,1814,236
3484,1822,223
3486,1835,202
3487,1815,237
3488,1800,265
3488,1823,224
3489,1805,259
3490,1852,175
3491,1812,248
3491,1833,210
3492,1873,140
3492,1890,108
3493,1825,226
3493,1897,98
3494,1850,183
3494,1886,119
3495,1899,96
3496,1889,115
3496,1900,94
3502,1856,180
3503,1867,162
3504,1845,202
3505,1884,133
3506,1857,181
3507,1869,162
3508,1847,202
3508,1919,73
3509,1877,149
3510,1849,201
3512,1920,74
3513,1853,197
3513,1885,138
3514,1927,65
3515,1874,161
3516,1922,75
3518,1876,160
3518,1931,62
3519,1943,42
3520,1941,46
3522,1888,143
3524,1909,107
3525,1939,55
3529,1953,34
3543,1957,40
3546,1960,38
3549,1961,38
3556,1967,36
3574,1971,46
3576,1974,43
3578,1977,40
3587,1982,40
3594,1987,38
3604,1902,199
3604,1910,186
3604,1914,177
3605,1923,163
3606,1908,191
3608,1916,178
3608,1928,157
3609,1911,188
3611,1913,187
3614,1868,271
3616,1878,255
3617,1872,267
3618,1892,232
3619,1880,252
3620,1893,232
3620,1946,137
3620,1951,127
3621,1955,122
3623,1881,253
3623,1979,81
3624,1895,232
3625,1998,49
3626,1887,249
3626,1903,220
3626,2000,44
3628,1915,201
3630,1921,192
3631,1926,184
3633,1936,168
3635,1942,159
3636,1950,146
3639,1973,108
3640,1952,144
3641,1985,88
3641,2007,49
3641,2011,42
3646,1992,81
3648,1999,69
3649,2014,44
3649,2017,39
3656,2021,39
3672,2029,41
3678,2032,41
3692,2040,41
3694,2041,40
3702,1855,382
3703,1891,316
3704,1875,348
3705,1906,291
3707,1907,290
3709,1904,301
3709,1924,266
3711,1882,343
3711,1905,300
3712,1894,322
3713,1935,249
3714,1932,256
3715,1917,284
3715,1925,269
3715,1929,263
3716,1938,246
3716,1944,237
3718,1934,257
3718,1949,229
3718,1962,207
3719,1966,200
3721,1937,254
3721,2004,134
3722,1948,236
3722,2012,121
3723,1964,208
3724,1972,195
3724,1981,177
3724,2019,109
3726,1976,189
3726,1993,159
3726,2016,116
3727,1980,183
3727,2028,96
3729,1994,159
3729,2026,103
3731,2035,88
3731,2045,71
3732,1984,181
3732,2001,151
3734,1990,172
3737,2002,153
3738,2010,139
3740,2009,144
3741,2013,137
3741,2018,128
3742,2027,113
3743,2015,136
3746,2034,106
3747,2022,128
3748,2043,92
3748,2047,84
3749,2060,62
3750,2072,42
3752,2076,36
3756,2078,37
3772,1997,197
3774,1991,211
3774,2023,153
3775,1988,216
3775,2055,97
3776,2038,127
3776,2042,121
3777,2063,85
3778,1996,206
3779,2080,56
3780,2005,192
3780,2049,113
3781,2033,142
3782,2057,100
3784,2020,169
3789,1933,329
3790,1930,336
3791,1918,358
3791,1940,319
3792,1945,311
3792,1947,307
3793,1963,280
3795,1970,267
3797,1954,300
3797,1959,290
3799,1983,250
3800,1978,260
3800,1986,246
3800,1995,229
3802,1958,298
3802,2031,167
3804,1965,287
3804,1989,244
3804,2036,160
3805,1956,304
3805,2059,119
3806,1968,284
3806,2006,216
3807,2025,182
3807,2061,118
3808,1969,283
3809,2065,113
3810,2039,161
3810,2099,53
3812,1975,277
3812,2058,129
3813,2068,112
3814,2003,229
3815,2082,89
3816,2008,222
3819,2024,197
3820,2030,187
3821,2113,39
3824,2050,155
3826,2069,122
3829,2070,123
3830,2075,116
3832,2077,115
3833,2100,73
3838,2051,167
3840,2046,178
3840,2048,175
3840,2054,161
3840,2056,157
3842,2052,168
3842,2071,135
3843,2067,144
3844,2053,167
3846,2073,136
3848,2079,127
3850,2062,160
3850,2090,109
3850,2093,103
3850,2101,90
3851,2074,137
3851,2095,101
3852,2088,115
3852,2118,61
3854,2092,110
3854,2125,51
3855,2102,92
3857,2103,91
3858,2098,103
3858,2108,85
3863,2114,79
3864,2115,77
3871,2083,143
3871,2121,75
3873,2085,141
3873,2091,131
3874,2087,139
3874,2126,69
3875,2089,136
3876,2117,87
3877,2130,65
3878,2139,50
3880,2136,56
3880,2149,34
3882,2135,61
3883,2144,46
3893,2154,38
3902,2158,40
3908,2161,40
3919,2166,42
3922,2167,42
3926,2168,43
3930,2172,43
3938,2181,35
3945,2182,39
3949,2179,49
3951,2183,42
3962,2064,267
3962,2094,214
3964,2037,318
3964,2110,188
3965,2081,239
3966,2084,236
3966,2112,184
3968,2044,310
3969,2066,271
3969,2086,236
3970,2140,140
3971,2096,220
3972,2175,79
3973,2097,219
3973,2185,62
3975,2189,56
3976,2106,207
3977,2104,211
3977,2107,205
3979,2111,200
3979,2120,185
3981,2201,42
3982,2116,195
3984,2137,159
3985,2132,169
3985,2146,144
3985,2204,40
3987,2133,168
3987,2153,134
3988,2147,144
3991,2155,134
3995,2105,228
3995,2119,202
3996,2124,195
3997,2109,222
3997,2127,190
3997,2131,181
3999,2138,172
4000,2134,181
4001,2142,166
4002,2150,154
4003,2122,205
4003,2141,171
4004,2180,102
4005,2128,195
4006,2129,193
4006,2191,85
4007,2143,169
4007,2208,55
4008,2148,164
4010,2151,159
4011,2152,157
4011,2160,145
4013,2157,152
4014,2173,125
4016,2196,86
4017,2198,83
4018,2215,54
4019,2219,47
4019,2224,38
4021,2221,46
4022,2222,44
4026,2225,42
4028,2229,39
4034,2123,234
4037,2163,166
4038,2145,199
4038,2174,147
4038,2177,142
4040,2159,176
4040,2197,108
4041,2169,159
4042,2212,83
4043,2184,134
4044,2178,145
4046,2186,134
4046,2194,118
4046,2214,81
4047,2226,63
4048,2190,128
4049,2193,124
4053,2223,74
4054,2213,92
4055,2234,55
4056,2216,88
4056,2217,85
4056,2243,42
4059,2227,72
4062,2233,65
4062,2248,39
4064,2249,38
4069,2200,130
4071,2203,128
4073,2192,150
4073,2209,119
4074,2207,124
4075,2195,146
4075,2231,82
4076,2199,140
4077,2218,107
4077,2236,75
4077,2238,71
4078,2210,121
4078,2244,62
4080,2252,49
4081,2240,72
4082,2247,60
4087,2260,42
4088,2250,61
4091,2264,39
4093,2266,37
4100,2267,41
4103,2270,38
4104,2269,42
4105,2271,37
4116,2274,45
4118,2277,43
4123,2282,39
4145,2294,39
4147,2291,47
4154,2237,150
4155,2164,282
4156,2156,296
4156,2165,280
4156,2228,168
4158,2162,289
4158,2254,124
4159,2171,273
4159,2280,78
4160,2170,276
4161,2188,245
4161,2281,77
4162,2176,266
4163,2187,249
4163,2205,215
4166,2202,224
4168,2206,217
4168,2220,195
4170,2230,179
4171,2242,158
4172,2211,215
4173,2272,107
4174,2232,179
4176,2284,88
4178,2245,160
4180,2246,159
4180,2289,83
4180,2311,41
4182,2296,73
4185,2251,156
4185,2316,40
4186,2253,154
4186,2309,53
4188,2263,138
4188,2310,52
4192,2279,113
4194,2317,46
4203,2326,40
4205,2327,39
4211,2331,39
4215,2329,46
4218,2338,33
4230,2339,42
4231,2341,40
4232,2342,38
4236,2345,39
4247,2235,247
4249,2239,242
4250,2258,209
4252,2241,241
4253,2262,205
4253,2265,199
4254,2276,180
4256,2259,212
4256,2278,179
4257,2287,163
4258,2286,167
4259,2295,151
4260,2301,142
4262,2256,223
4263,2275,191
4264,2261,217
4264,2292,162
4265,2255,229
4267,2257,225
4267,2283,181
4268,2290,169
4270,2314,128
4271,2268,212
4271,2273,203
4272,2285,182
4273,2288,178
4273,2320,120
4274,2297,163
4275,2293,170
4275,2343,82
4276,2302,156
4277,2300,160
4277,2352,67
4279,2321,123
4279,2358,59
4280,2304,156
4282,2306,155
4282,2350,76
4283,2367,45
4284,2308,153
4284,2366,49
4289,2319,138
4290,2346,91
4290,2373,43
4291,2374,41
4310,2384,43
4316,2388,42
4319,2390,41
4332,2400,36
4342,2401,43
4342,2407,33
4345,2406,39
4353,2411,38
4356,2408,44
4362,2415,40
4376,2298,263
4376,2307,247
4377,2303,255
4378,2323,220
4380,2313,240
4380,2315,237
4380,2333,203
4381,2318,232
4382,2349,177
4383,2328,216
4383,2348,181
4384,2325,223
4385,2330,215
4385,2387,113
4386,2334,206
4388,2332,214
4388,2395,101
4390,2416,65
4391,2337,208
4391,2368,153
4391,2417,62
4392,2340,204
4392,2375,141
4394,2362,167
4394,2404,90
4394,2420,59
4395,2363,165
4395,2421,57
4397,2419,65
4398,2413,79
4399,2364,166
4400,2414,78
4401,2433,46
4404,2369,163
4408,2351,200
4409,2383,143
4411,2355,196
4411,2389,135
4412,2422,77
4413,2359,191
4414,2356,196
4414,2377,160
4415,2371,171
4416,2382,153
4417,2380,157
4418,2386,148
4418,2424,80
4421,2394,136
4424,2430,75
4425,2431,73
4426,2402,127
4427,2418,99
4427,2434,71
4429,2436,69
4431,2441,62
4431,2442,59
4433,2454,41
4435,2443,60
4439,2347,238
4441,2299,326
4441,2305,316
4442,2365,209
4443,2312,305
4444,2324,285
4445,2322,289
4445,2370,203
4446,2335,267
4447,2353,236
4447,2379,188
4448,2357,229
4448,2397,157
4449,2336,267
4450,2344,255
4450,2405,146
4451,2455,57
4452,2354,238
4452,2361,225
4453,2360,229
4453,2456,56
4454,2381,192
4454,2461,48
4456,2392,175
4459,2372,214
4459,2393,175
4460,2376,207
4461,2398,167
4462,2378,206
4463,2412,146
4465,2385,196
4468,2391,189
4468,2428,122
4470,2435,112
4472,2396,184
4473,2399,176
4473,2457,73
4475,2460,72
4476,2409,164
4478,2423,141
4480,2483,36
4481,2439,116
4486,2446,108
4487,2466,73
4489,2475,59
4490,2477,57
4491,2488,38
4517,2444,143
4518,2425,178
4518,2427,174
4518,2438,154
4518,2448,137
4520,2490,62
4521,2494,56
4523,2432,170
4523,2498,52
4524,2467,109
4524,2503,43
4526,2502,48
4528,2451,141
4528,2452,138
4528,2470,107
4529,2459,128
4529,2474,101
4534,2465,122
4534,2481,94
4535,2472,109
4535,2485,87
4537,2489,82
4538,2487,87
4538,2513,40
4542,2437,180
4544,2449,161
4545,2403,244
4546,2410,233
4546,2469,127
4548,2426,206
4548,2440,181
4548,2473,122
4549,2445,173
4549,2480,109
4551,2508,60
4552,2450,166
4552,2516,49
4553,2429,206
4554,2453,164
4555,2447,175
4555,2458,156
4556,2484,110
4558,2497,89
4559,2462,153
4562,2521,50
4565,2463,157
4566,2468,149
4566,2482,124
4568,2478,133
4569,2471,146
4570,2491,112
4571,2504,89
4573,2492,112
4577,2512,81
4578,2505,95
4578,2514,78
4579,2510,87
4580,2515,77
4580,2519,71
4581,2522,66
4581,2528,56
4583,2524,65
4584,2520,72
4586,2529,56
4587,2531,57
4588,2542,37
4589,2526,68
4591,2532,59
4591,2534,56
4592,2541,44
4597,2545,42
4597,2546,40
4605,2493,143
4606,2495,138
4606,2547,47
4607,2518,99
4608,2535,71
4610,2537,69
4614,2517,109
4614,2540,64
4615,2511,121
4615,2556,40
4616,2543,63
4617,2538,73
4619,2539,72
4621,2551,55
4629,2464,219
4629,2527,106
4629,2530,101
4630,2476,198
4631,2548,71
4633,2533,99
4635,2479,198
4635,2549,72
4636,2553,67
4637,2486,188
4638,2500,163
4640,2506,155
4641,2572,38
4643,2507,155
4646,2509,152
4649,2578,35
4650,2525,131
4651,2564,62
4662,2583,39
4663,2585,36
4671,2496,204
4673,2499,200
4674,2559,94
4675,2501,199
4675,2544,122
4676,2523,160
4677,2574,70
4677,2575,67
4678,2582,57
4679,2579,63
4681,2536,142
4683,2554,112
4684,2562,99
4686,2566,93
4687,2599,35
4689,2577,76
4692,2593,51
4702,2606,38
4714,2611,41
4721,2616,39
4724,2617,39
4729,2620,38
4731,2619,43
4731,2623,36
4748,2629,43
4749,2633,36
4750,2627,48
4753,2630,45
4756,2635,37
4757,2634,41
4769,2644,37
4776,2552,208
4776,2558,198
4778,2550,214
4779,2560,197
4780,2561,195
4780,2571,178
4782,2588,150
4783,2555,210
4783,2567,189
4784,2565,193
4784,2592,144
4785,2598,135
4786,2568,189
4787,2626,87
4788,2628,84
4789,2580,171
4790,2591,153
4790,2639,67
4791,2595,146
4791,2622,98
4792,2601,137
4792,2631,83
4794,2605,132
4794,2648,55
4794,2656,40
4797,2613,120
4799,2657,42
4802,2658,42
4807,2662,43
4812,2667,39
4828,2675,40
4832,2676,41
4834,2681,36
4836,2679,41
4869,2557,291
4870,2696,45
4873,2570,272
4874,2563,287
4875,2573,270
4875,2586,247
4876,2607,210
4877,2569,279
4877,2590,241
4877,2612,202
4879,2597,230
4879,2625,181
4880,2576,269
4880,2618,194
4880,2652,133
4884,2581,265
4884,2637,164
4885,2584,260
4887,2596,241
4887,2668,112
4887,2672,105
4888,2640,162
4889,2610,218
4889,2678,95
4890,2684,86
4891,2659,132
4891,2694,69
4893,2614,214
4893,2701,55
4895,2638,172
4895,2685,88
4897,2641,168
4898,2687,88
4898,2713,42
4899,2642,167
4900,2709,51
4901,2645,166
4901,2692,83
4903,2693,83
4904,2663,138
4906,2717,41
4907,2669,129
4907,2702,71
4909,2677,118
4909,2711,57
4911,2719,43
4912,2700,79
4914,2714,56
4916,2716,54
4926,2726,47
4928,2728,45
4932,2732,42
4938,2609,267
4939,2587,309
4941,2602,284
4942,2589,308
4942,2650,199
4944,2594,301
4944,2660,183
4946,2615,266
4947,2600,293
4947,2621,256
4948,2665,178
4949,2603,289
4949,2624,253
4949,2683,146
4951,2632,240
4951,2697,124
4952,2604,289
4953,2654,203
4953,2731,64
4954,2738,53
4955,2608,287
4955,2673,171
4956,2636,238
4957,2682,157
4958,2643,228
4963,2695,139
4964,2705,121
4965,2710,115
4966,2646,230
4966,2674,179
4967,2752,41
4968,2689,155
4968,2730,82
4969,2740,65
4970,2698,140
4971,2699,138
4971,2750,49
4973,2704,133
4975,2753,46
4976,2707,130
4978,2755,43
4982,2647,244
4984,2655,232
4985,2653,237
4987,2649,246
4987,2661,224
4988,2651,243
4988,2664,220
4988,2670,209
4990,2666,218
4990,2680,193
4991,2686,184
4993,2671,211
4993,2691,175
4993,2703,155
4995,2688,184
4995,2708,148
4996,2690,181
4996,2722,124
4997,2720,129
4997,2759,58
4998,2729,114
4999,2734,106
5000,2715,141
5001,2735,105
5001,2751,77
5003,2774,37
5004,2743,95
5006,2745,93
5007,2758,71
5008,2768,54
5008,2773,45
5011,2769,54
5017,2779,43
5026,2782,47
5034,2793,35
5035,2789,43
5049,2796,45
5056,2803,39
5058,2804,38
5066,2718,201
5068,2706,225
5068,2733,176
5069,2723,195
5069,2737,169
5071,2725,194
5071,2736,174
5073,2742,165
5073,2744,162
5073,2747,156
5075,2749,155
5075,2767,123
5076,2756,143
5076,2808,50
5077,2762,133
5078,2761,136
5081,2776,112
5082,2783,101
5082,2801,69
5084,2811,53
5086,2815,48
5088,2819,42
5091,2824,37
5092,2820,43
5096,2826,38
5101,2827,40
5121,2838,41
5127,2843,39
5131,2845,39
5139,2846,44
5143,2739,241
5143,2746,228
5144,2741,238
5145,2764,197
5146,2760,206
5147,2757,212
5149,2766,198
5149,2771,189
5150,2775,183
5150,2777,180
5152,2763,207
5152,2799,142
5154,2788,164
5154,2802,139
5155,2772,192
5156,2829,93
5157,2781,180
5157,2795,153
5157,2830,91
5158,2784,175
5159,2835,85
5160,2813,125
5161,2794,160
5161,2854,53
5162,2859,45
5163,2816,123
5164,2800,149
5166,2809,138
5166,2825,109
5167,2863,41
5168,2821,119
5169,2861,46
5170,2822,118
5171,2823,117
5174,2856,62
5175,2867,44
5176,2832,107
5178,2860,58
5179,2864,50
5184,2876,36
5197,2881,41
5201,2878,50
5228,2892,52
5231,2899,42
5232,2902,38
5249,2712,395
5249,2787,258
5250,2765,301
5251,2790,257
5252,2770,294
5253,2721,383
5253,2798,244
5254,2724,379
5256,2785,271
5257,2817,215
5258,2727,377
5258,2786,270
5259,2848,160
5260,2792,260
5261,2748,343
5262,2754,330
5263,2858,146
5264,2778,292
5264,2868,131
5265,2797,259
5266,2870,129
5267,2780,291
5268,2875,122
5269,2791,272
5270,2840,187
5270,2879,117
5271,2880,115
5272,2844,182
5273,2851,170
5273,2885,109
5273,2908,67
5274,2857,160
5276,2805,256
5278,2806,255
5279,2810,250
5282,2814,245
5282,2828,220
5282,2831,215
5283,2818,239
5284,2837,206
5284,2841,199
5285,2834,213
5285,2842,197
5287,2839,206
5287,2874,142
5289,2853,183
5290,2866,160
5290,2919,65
5291,2873,149
5292,2920,64
5293,2923,59
5294,2883,134
5295,2895,113
5296,2884,133
5298,2889,127
5299,2928,58
5300,2890,126
5300,2898,113
5303,2905,104
5304,2914,88
5309,2921,78
5311,2943,44
5318,2946,45
5320,2947,44
5330,2957,37
5334,2959,38
5335,2961,35
5350,2967,40
5354,2971,36
5361,2973,40
5369,2978,39
5372,2980,36
5377,2979,44
5381,2983,42
5391,2894,210
5392,2852,287
5393,2850,291
5394,2849,295
5394,2872,254
5394,2916,175
5395,2887,228
5396,2855,286
5396,2925,161
5397,2901,203
5398,2862,276
5399,2900,208
5400,2869,265
5400,2933,150
5401,2929,159
5401,2931,155
5403,2941,138
5404,2937,145
5405,2944,136
5406,2938,144
5406,2950,126
5407,2960,109
5408,2893,230
5408,2896,224
5408,2970,92
5409,2981,74
5410,2906,209
5411,2977,79
5412,2911,202
5413,2934,160
5413,2962,112
5413,2976,84
5413,2985,70
5415,2935,159
5415,2988,67
5418,2982,80
5419,2996,57
5420,2954,133
5422,2974,99
5425,2975,99
5426,3009,38
5427,2991,74
5428,3010,37
5430,3007,48
5430,3013,36
5432,3008,47
5439,2912,227
5440,2913,225
5441,2909,234
5442,2917,221
5444,3000,74
5445,2924,212
5445,3006,65
5446,2926,209
5446,2932,198
5448,2936,193
5453,2865,325
5454,2927,215
5454,2930,210
5454,2951,172
5456,2969,140
5457,2807,433
5458,2812,425
5458,2871,318
5459,2833,388
5460,2997,96
5461,2836,385
5462,2877,313
5462,2999,93
5463,2891,289
5464,2897,279
5466,2847,370
5467,2882,308
5468,2904,269
5469,2886,302
5471,3034,41
5473,2907,270
5474,2910,265
5475,2888,305
5475,2918,252
5476,2903,280
5476,2922,246
5476,3036,41
5478,2939,218
5479,2915,262
5479,2948,203
5481,2965,174
5483,2940,221
5485,2949,206
5487,2955,198
5487,2972,168
5489,2990,137
5490,2993,133
5491,2966,181
5492,2968,179
5492,2998,125
5493,3001,121
5495,3016,96
5496,2994,136
5497,3004,120
5499,3027,80
5501,3035,68
5502,3005,122
5503,3015,107
5504,3048,49
5505,3026,89
5507,3028,86
5513,3032,86
5515,3037,77
5517,3041,74
5522,2992,167
5523,2987,177
5524,3002,151
5525,3011,136
5525,3017,125
5526,3039,87
5527,3014,132
5527,3045,77
5528,3019,124
5529,3056,58
5530,3025,116
5530,3029,109
5535,3018,133
5535,3054,66
5538,3022,128
5539,3021,132
5540,3047,86
5542,3023,129
5542,3050,83
5544,3030,121
5544,3052,81
5549,2952,265
5550,3033,121
5552,3043,106
5553,2942,287
5554,3044,105
5555,2945,284
5555,2953,268
5555,3062,73
5556,2956,265
5558,2964,252
5558,3061,79
5559,2958,265
5559,2984,218
5561,2963,258
5561,2986,217
5563,3003,188
5565,3024,153
5566,2989,216
5567,2995,206
5569,3012,178
5569,3040,128
5571,3020,166
5571,3049,114
5573,3086,50
5575,3057,103
5576,3091,44
5577,3063,93
5578,3072,80
5580,3074,78
5583,3075,78
5583,3096,42
5585,3099,38
5586,3079,75
5586,3097,42
5589,3103,35
5591,3100,41
5596,3104,39
5602,3060,125
5603,3065,117
5603,3068,112
5605,3081,91
5608,3078,99
5608,3084,85
5609,3070,114
5609,3082,92
5610,3094,72
5611,3083,91
5612,3095,71
5614,3090,83
5615,3107,54
5616,3118,34
5619,3114,45
5619,3117,40
5650,3134,41
5650,3135,38
5658,3137,43
5676,3150,38
5688,3155,41
5703,3069,210
5704,3046,251
5706,3055,238
5706,3077,199
5707,3031,282
5707,3071,210
5707,3085,185
5709,3051,248
5709,3093,173
5710,3080,197
5711,3059,236
5711,3113,139
5713,3157,61
5714,3064,230
5714,3087,189
5716,3098,171
5716,3167,48
5717,3123,127
5719,3129,119
5720,3102,168
5720,3170,46
5721,3106,162
5722,3131,118
5723,3109,158
5723,3147,90
5724,3110,156
5725,3154,80
5728,3159,73
5730,3124,137
5731,3143,106
5732,3162,71
5733,3156,84
5734,3160,76
5734,3165,69
5736,3171,59
5737,3168,66
5739,3175,56
5741,3176,55
5746,3183,49
5753,3188,47
5754,3185,53
5755,3038,317
5757,3053,291
5757,3089,227
5758,3042,313
5759,3111,191
5762,3101,212
5763,3058,290
5763,3126,168
5764,3066,276
5764,3067,273
5764,3121,177
5765,3115,190
5767,3120,183
5767,3128,167
5768,3142,143
5770,3076,264
5770,3146,136
5771,3073,271
5771,3158,119
5772,3122,182
5774,3130,171
5775,3088,248
5775,3133,167
5775,3173,96
5776,3092,242
5776,3177,90
5778,3140,158
5778,3189,70
5779,3192,65
5780,3138,163
5780,3144,152
5781,3127,184
5781,3193,64
5782,3149,145
5783,3141,160
5783,3205,46
5784,3206,44
5786,3145,155
5786,3191,75
5786,3208,43
5788,3163,127
5789,3201,60
5791,3184,92
5792,3204,57
5801,3220,38
5809,3148,175
5810,3108,247
5811,3105,251
5813,3116,236
5814,3112,244
5814,3153,168
5815,3119,232
5815,3182,120
5816,3136,203
5821,3178,133
5822,3172,145
5822,3174,141
5822,3179,131
5824,3180,130
5825,3181,128
5825,3195,106
5825,3198,97
5826,3197,101
5827,3196,105
5828,3202,94
5829,3199,98
5829,3216,73
5830,3203,93
5830,3210,85
5831,3213,80
5835,3207,95
5835,3225,63
5836,3223,67
5837,3230,56
5837,3238,40
5839,3233,52
5840,3231,56
5841,3237,47
5849,3249,34
5865,3255,39
5881,3218,121
5882,3190,172
5884,3239,87
5886,3211,139
5886,3214,133
5887,3212,137
5888,3245,80
5890,3252,69
5890,3265,46
5891,3219,128
5892,3232,107
5892,3254,68
5894,3235,104
5896,3246,85
5897,3268,48
5899,3259,66
5900,3271,44
5901,3270,48
5903,3273,43
5909,3279,40
5919,3286,38
5927,3288,40
5933,3287,49
5933,3290,43
5937,3296,38
5943,3299,37
5949,3300,40
5951,3298,48
5956,3301,44
5956,3302,41
5958,3304,40
5967,3306,47
5976,3314,44
5980,3318,41
5981,3319,39
5982,3321,37
5993,3224,223
5993,3226,219
5995,3258,161
5996,3227,219
5996,3234,208
5996,3244,190
5997,3253,175
5997,3281,125
5999,3305,84
6000,3308,79
6001,3242,198
6002,3266,156
6002,3317,65
6004,3275,142
6004,3320,62
6005,3251,186
6005,3256,177
6006,3291,116
6006,3324,57
6007,3257,176
6007,3331,45
6008,3294,112
6010,3260,173
6012,3276,147
6012,3297,111
6013,3283,137
6014,3328,57
6015,3312,87
6018,3313,88
6024,3343,41
6032,3348,38
6034,3347,43
6038,3351,40
6041,3187,336
6043,3125,450
6043,3152,400
6045,3132,439
6045,3194,328
6045,3215,291
6047,3139,429
6047,3186,345
6048,3221,283
6049,3228,271
6051,3236,259
6053,3151,413
6053,3217,295
6054,3222,286
6055,3161,397
6055,3243,250
6056,3164,393
6056,3240,257
6056,3241,254
6057,3247,245
6058,3166,391
6058,3262,218
6060,3280,189
6061,3285,181
6063,3169,391
6063,3295,165
6064,3248,249
6064,3250,246
6064,3310,139
6066,3200,338
6066,3263,223
6066,3323,118
6067,3357,57
6068,3209,324
6068,3269,217
6068,3336,97
6070,3229,289
6073,3292,181
6074,3264,228
6075,3261,238
6077,3277,212
6077,3284,199
6078,3309,155
6079,3316,143
6081,3278,213
6081,3333,114
6082,3303,170
6085,3346,96
6086,3311,157
6087,3350,91
6089,3315,156
6090,3364,68
6091,3326,138
6092,3368,64
6093,3327,137
6099,3332,135
6099,3386,39
6100,3356,93
6104,3360,90
6104,3363,85
6110,3372,75
6110,3391,41
6112,3374,73
6113,3393,40
6126,3401,39
6136,3402,46
6138,3408,38
6140,3405,46
6143,3411,38
6150,3272,294
6150,3274,290
6154,3282,280
6154,3293,260
6155,3267,308
6155,3399,70
6156,3340,177
6157,3289,270
6157,3307,238
6161,3325,210
6162,3338,187
6163,3329,205
6163,3341,183
6163,3345,176
6165,3358,155
6166,3385,107
6167,3365,144
6168,3349,174
6168,3375,127
6168,3389,101
6171,3362,154
6172,3367,146
6173,3381,122
6175,3377,131
6175,3383,120
6176,3426,44
6177,3371,143
6178,3388,114
6179,3397,99
6182,3400,96
6182,3410,77
6183,3422,58
6184,3409,82
6185,3428,49
6186,3419,66
6187,3429,48
6188,3430,46
6195,3435,47
6198,3436,47
6201,3355,194
6202,3352,201
6202,3354,198
6204,3366,179
6204,3384,147
6205,3361,189
6205,3395,127
6208,3359,196
6209,3373,172
6210,3370,178
6210,3396,129
6211,3376,168
6211,3379,163
6212,3403,121
6213,3382,159
6213,3412,106
6215,3413,105
6216,3414,103
6217,3380,166
6217,3392,146
6217,3394,142
6218,3421,95
6218,3441,55
6219,3404,125
6220,3390,152
6221,3406,124
6222,3418,103
6222,3444,57
6223,3416,107
6224,3423,97
6227,3452,48
6228,3417,112
6228,3433,83
6229,3450,54
6229,3453,47
6230,3457,42
6231,3437,79
6236,3454,51
6238,3460,45
6238,3461,42
6242,3466,38
6244,3464,44
6253,3474,35
6264,3477,41
6268,3478,42
6276,3482,44
6281,3489,36
6286,3491,38
6296,3496,39
6302,3500,36
6304,3503,34
6305,3499,42
6318,3505,45
6324,3508,45
6329,3509,47
6329,3513,41
6330,3516,37
6346,3322,400
6346,3407,248
6347,3334,380
6348,3330,388
6351,3335,381
6351,3425,220
6352,3339,376
6353,3342,371
6353,3451,176
6354,3337,381
6354,3488,111
6355,3344,370
6356,3353,355
6356,3495,99
6357,3369,327
6357,3502,89
6360,3387,298
6361,3378,315
6361,3515,70
6362,3420,241
6362,3522,58
6363,3398,281
6364,3424,236
6364,3530,46
6365,3415,253
6366,3431,225
6368,3442,207
6369,3463,171
6370,3443,206
6372,3469,163
6372,3470,160
6373,3534,46
6374,3475,154
6376,3540,40
6377,3494,123
6377,3541,38
6378,3533,54
6382,3536,52
6383,3546,36
6397,3551,41
6407,3561,33
6409,3556,44
6415,3565,34
6424,3566,40
6427,3572,34
6430,3567,43
6441,3574,44
6441,3578,37
6452,3446,283
6453,3449,278
6454,3445,288
6456,3462,260
6457,3447,285
6457,3468,250
6458,3479,231
6459,3476,237
6460,3480,230
6462,3471,249
6462,3483,228
6462,3484,225
6463,3492,213
6465,3501,199
6466,3473,250
6466,3498,205
6467,3490,220
6467,3511,183
6468,3543,125
6470,3486,230
6470,3518,173
6470,3564,90
6471,3507,194
6471,3558,103
6471,3573,76
6472,3532,150
6473,3512,186
6475,3519,175
6475,3559,104
6477,3528,162
6479,3531,159
6482,3563,105
6483,3575,84
6485,3535,158
6485,3582,74
6486,3542,146
6487,3586,69
6488,3553,129
6490,3554,128
6490,3591,63
6494,3570,104
6495,3576,94
6500,3583,87
6502,3592,73
6502,3612,37
6515,3616,43
6523,3439,366
6524,3440,364
6525,3472,311
6526,3432,383
6526,3448,355
6526,3493,274
6528,3434,382
6528,3506,253
6529,3427,395
6529,3455,345
6530,3438,376
6531,3510,249
6532,3456,345
6532,3525,222
6533,3465,331
6534,3458,344
6534,3539,199
6535,3481,305
6536,3459,343
6536,3485,298
6536,3577,134
6537,3604,85
6538,3467,333
6538,3497,279
6539,3487,298
6539,3602,90
6540,3623,54
6542,3514,252
6543,3517,248
6543,3635,37
6544,3504,272
6545,3529,229
6546,3520,246
6548,3538,215
6550,3524,243
6550,3544,207
6552,3549,200
6553,3569,165
6556,3579,150
6557,3550,202
6558,3562,183
6559,3584,144
6560,3585,142
6560,3588,138
6561,3595,126
6563,3597,125
6565,3599,123
6566,3601,120
6567,3600,123
6569,3606,114
6570,3614,101
6571,3609,111
6571,3611,108
6573,3650,40
6576,3622,93
6577,3630,80
6578,3655,36
6579,3632,78
6600,3666,38
6607,3537,276
6608,3521,306
6608,3523,302
6609,3527,294
6611,3545,266
6612,3571,220
6614,3594,180
6615,3547,266
6615,3555,252
6615,3607,159
6616,3608,157
6617,3526,306
6617,3548,265
6618,3552,260
6618,3557,251
6620,3560,248
6620,3638,107
6623,3568,237
6623,3587,203
6623,3654,83
6624,3668,59
6625,3580,217
6625,3590,198
6626,3598,186
6626,3669,58
6627,3675,49
6628,3610,166
6629,3617,155
6630,3581,219
6631,3589,207
6632,3628,138
6634,3593,203
6635,3619,157
6635,3637,125
6637,3633,134
6640,3641,121
6641,3640,125
6642,3661,89
6642,3688,41
6643,3644,121
6643,3689,39
6644,3647,116
6644,3673,70
6648,3663,92
6648,3676,67
6650,3679,65
6650,3682,60
6653,3693,43
6653,3695,39
6654,3697,37
6665,3698,45
6671,3703,43
6675,3704,44
6718,3731,40
6725,3615,255
6727,3613,260
6727,3618,251
6728,3639,215
6729,3596,293
6729,3643,209
6731,3625,242
6732,3603,283
6733,3651,198
6734,3605,282
6734,3634,230
6735,3665,175
6736,3624,250
6736,3674,159
6737,3648,208
6738,3700,115
6739,3631,240
6739,3714,91
6741,3672,167
6741,3717,87
6742,3671,171
6743,3681,155
6743,3720,85
6744,3649,212
6745,3645,221
6745,3723,78
6748,3652,210
6749,3653,208
6750,3692,142
6750,3707,115
6751,3657,205
6752,3711,110
6753,3715,102
6754,3658,206
6755,3725,85
6756,3660,205
6758,3730,82
6760,3670,191
6762,3705,131
6762,3741,66
6763,3721,102
6764,3722,100
6769,3728,96
6769,3760,39
6771,3736,84
6773,3746,68
6775,3750,63
6778,3764,41
6790,3770,42
6797,3776,38
6802,3774,47
6803,3778,41
6806,3779,41
6817,3785,42
6821,3620,342
6822,3627,329
6824,3642,305
6824,3659,275
6825,3621,343
6825,3626,335
6826,3629,330
6826,3662,272
6826,3667,263
6827,3687,228
6829,3636,321
6829,3701,205
6831,3712,187
6832,3677,251
6833,3719,176
6834,3683,242
6835,3646,309
6835,3656,291
6835,3685,239
6836,3733,153
6837,3716,186
6837,3753,120
6838,3664,280
6839,3729,165
6840,3680,253
6842,3691,236
6842,3749,132
6844,3800,41
6845,3803,38
6846,3732,166
6847,3791,62
6848,3747,141
6850,3758,124
6852,3794,61
6854,3797,58
6857,3799,57
6860,3804,50
6861,3813,36
6863,3810,42
6864,3809,46
6883,3823,40
6888,3824,42
6890,3825,41
6893,3829,40
6906,3836,39
6912,3835,48
6922,3686,325
6924,3678,341
6925,3702,299
6926,3684,332
6926,3709,286
6927,3690,322
6928,3694,316
6928,3724,263
6930,3696,315
6930,3713,284
6931,3699,310
6931,3734,248
6932,3706,299
6933,3708,296
6934,3718,279
6934,3742,236
6935,3710,292
6935,3738,243
6936,3748,228
6937,3755,216
6939,3726,270
6939,3759,211
6940,3751,226
6941,3765,202
6942,3777,182
6944,3727,272
6944,3782,172
6945,3737,256
6946,3789,164
6947,3739,252
6947,3757,222
6947,3801,144
6949,3767,207
6949,3768,204
6949,3807,135
6950,3771,200
6950,3837,82
6952,3855,52
6953,3772,200
6954,3781,185
6955,3773,200
6956,3780,190
6959,3744,257
6961,3756,238
6961,3796,167
6962,3745,257
6962,3754,243
6962,3761,230
6963,3735,278
6963,3762,228
6965,3740,271
6968,3743,269
6971,3787,193
6971,3788,190
6971,3808,155
6973,3790,189
6973,3817,141
6973,3839,100
6975,3802,170
6977,3844,96
6977,3848,90
6978,3867,57
6979,3854,81
6981,3805,171
6981,3846,97
6982,3827,132
6982,3856,80
6983,3878,41
6985,3833,124
6985,3875,49
6986,3880,41
6987,3834,123
6990,3838,120
6992,3843,114
6996,3849,106
6997,3851,104
7000,3863,86
7001,3872,71
7004,3876,65
7005,3893,37
7009,3881,61
7011,3887,54
7020,3899,41
7037,3845,155
7037,3860,127
7038,3866,117
7039,3850,148
7039,3865,121
7040,3857,136
7041,3898,63
7043,3892,77
7044,3858,137
7046,3861,133
7046,3894,76
7048,3903,62
7049,3868,125
7049,3917,37
7051,3869,124
7052,3911,52
7053,3920,37
7056,3897,81
7058,3900,77
7062,3912,59
7063,3916,54
7065,3922,45
7066,3925,41
7092,3942,36
7100,3944,41
7101,3945,39
7114,3818,280
7115,3784,340
7115,3879,172
7117,3815,289
7118,3819,282
7118,3882,170
7119,3890,156
7120,3841,244
7121,3822,280
7122,3830,267
7122,3915,113
7123,3924,100
7124,3831,267
7125,3873,193
7125,3927,96
7126,3840,253
7126,3886,171
7126,3932,88
7127,3877,188
7128,3904,140
7128,3934,84
7131,3891,165
7134,3752,418
7134,3769,388
7136,3763,398
7136,3786,360
7137,3766,396
7140,3775,383
7140,3783,369
7140,3792,353
7142,3814,315
7143,3793,353
7143,3820,306
7144,3795,351
7145,3798,347
7145,3821,305
7146,3811,325
7147,3806,335
7147,3828,295
7148,3812,325
7148,3816,318
7148,3842,271
7149,3832,290
7150,3852,255
7151,3847,265
7151,3859,244
7153,3826,305
7153,3853,255
7153,3871,224
7155,3883,205
7157,3895,185
7158,3930,124
7163,3906,172
7163,3918,150
7163,3948,97
7164,3955,84
7165,3931,128
7166,3909,169
7166,3938,117
7168,3910,168
7168,3950,98
7170,3921,152
7173,3923,151
7174,3951,101
7175,3954,98
7175,3957,92
7177,3961,87
7177,3966,78
7178,3972,69
7180,3962,87
7181,3973,70
7182,3980,58
7184,3986,50
7186,3987,49
7186,3993,39
7188,3983,59
7190,3991,47
7199,3999,41
7205,4001,44
7207,4005,39
7217,4009,41
7224,4013,41
7226,4015,40
7233,4018,41
7254,3956,173
7255,3958,171
7255,3975,139
7256,3953,181
7258,3967,158
7259,3978,137
7260,3992,114
7261,3976,142
7261,3990,118
7262,3969,158
7262,3994,113
7262,3998,106
7263,3984,132
7265,3971,157
7266,4000,106
7266,4008,92
7267,3974,154
7268,4002,105
7270,3979,145
7271,3989,131
7271,4010,94
7274,4016,86
7280,3908,285
7280,3943,223
7282,3896,309
7283,3913,279
7284,3902,300
7284,3949,216
7285,3939,235
7286,3952,212
7287,3940,234
7287,3970,181
7289,3905,298
7289,3995,138
7290,3914,283
7290,4014,105
7292,3933,251
7293,3959,207
7294,3977,176
7296,3937,249
7296,3981,171
7298,4003,133
7300,3988,162
7301,4006,131
7303,4020,108
7341,3864,425
7342,3919,327
7343,3862,431
7345,3870,418
7346,3874,412
7346,3929,312
7347,3884,394
7347,3947,281
7348,3885,392
7349,3946,286
7351,3968,249
7352,3888,393
7352,3889,390
7352,3965,255
7353,3907,360
7355,3982,228
7356,3901,374
7356,3926,329
7357,3928,326
7357,4012,175
7358,3935,315
7358,4017,168
7359,3941,305
7360,3936,315
7360,4021,163
7361,3985,228
7363,3996,211
7364,3960,276
7364,3997,209
7366,3963,273
7366,4004,199
7368,4011,189
7369,3964,274
7371,4007,199
7376,4022,176
7427,4019,233
