step,tl_id,reward_type,previous,current,max,reward
25,0,avg_vehicle_number,0.3333333333333333,0.3333333333333333,32.45866666666668,0.9897305290831416
25,0,throughput_queueratio,0.0,1.0,3,0.3333333333333333
84,0,avg_vehicle_number,0.9166666666666666,0.9166666666666666,36.59555555555555,0.9749514209375759
84,0,throughput_queueratio,0.16666666666666666,0.9750598563447725,3,0.4361310632260353
107,0,avg_vehicle_number,1.0277777777777777,1.0277777777777777,35.32266666666666,0.970903165735568
107,0,throughput_queueratio,0.4499999999999999,0.9688248204309656,3,0.6229416068103218
214,0,avg_vehicle_number,1.9722222222222223,1.9722222222222223,38.5048888888889,0.948779952906413
214,0,throughput_queueratio,0.15000000000000002,0.9438846767757382,3,0.4146282255919127
261,0,avg_vehicle_number,1.6388888888888888,1.6388888888888888,38.504888888888885,0.9574368622743432
261,0,throughput_queueratio,0.8500000000000002,0.9501197126895451,3,0.8833732375631819
299,0,avg_vehicle_number,1.5833333333333333,1.5833333333333333,36.595555555555556,0.9567342725285402
299,0,throughput_queueratio,0.35,0.9563547486033519,3,0.5521182495344507
391,0,avg_vehicle_number,1.9722222222222223,1.9722222222222223,36.91377777777777,0.9465721922558273
391,0,throughput_queueratio,0.275,0.9376496408619314,3,0.49588321362064375
444,0,avg_vehicle_number,1.6388888888888888,1.6388888888888888,36.91377777777779,0.955602244268927
444,0,throughput_queueratio,0.7250000000000001,0.9501197126895451,3,0.8000399042298484
461,0,avg_vehicle_number,1.1666666666666667,1.1666666666666667,35.640888888888895,0.9672660614525139
461,0,throughput_queueratio,0.4,0.9563547486033519,3,0.585451582867784
544,0,avg_vehicle_number,1.8611111111111112,1.8611111111111112,36.913777777777774,0.9495822095935272
544,0,throughput_queueratio,0.1,0.9314146049481244,3,0.3771382016493748
663,0,avg_vehicle_number,2.5555555555555554,2.5555555555555554,38.18666666666666,0.9330772811918063
663,0,throughput_queueratio,0.6499999999999999,0.9314146049481244,3,0.7438048683160415
755,0,avg_vehicle_number,2.361111111111111,2.361111111111111,36.9137777777778,0.9360371315738779
755,0,throughput_queueratio,0.95,0.9376496408619314,3,0.9458832136206438
820,0,avg_vehicle_number,1.4444444444444444,1.4444444444444444,35.640888888888895,0.9594722665602554
820,0,throughput_queueratio,0.7250000000000001,0.9501197126895451,3,0.8000399042298484
927,0,avg_vehicle_number,2.111111111111111,2.111111111111111,38.504888888888885,0.9451729073364421
927,0,throughput_queueratio,0.5,0.9376496408619314,3,0.6458832136206438
962,0,avg_vehicle_number,1.8333333333333333,1.8333333333333333,38.18666666666666,0.9519902234636871
962,0,throughput_queueratio,0.8500000000000002,0.9501197126895451,3,0.8833732375631819
994,0,avg_vehicle_number,1.5,1.5,35.64088888888891,0.9579135075818037
994,0,throughput_queueratio,0.25,0.9563547486033519,3,0.48545158286778395
1089,0,avg_vehicle_number,1.75,1.75,36.913777777777774,0.9525922269312271
1089,0,throughput_queueratio,0.22499999999999995,0.9376496408619314,3,0.4625498802873104
1172,0,avg_vehicle_number,1.6388888888888888,1.6388888888888888,39.77777777777778,0.9587988826815642
1172,0,throughput_queueratio,0.75,0.9563547486033519,3,0.8187849162011173
1276,0,avg_vehicle_number,2.2222222222222223,2.2222222222222223,38.504888888888885,0.9422872708804654
1276,0,throughput_queueratio,0.6499999999999999,0.9314146049481244,3,0.7438048683160415
1326,0,avg_vehicle_number,1.6666666666666667,1.6666666666666667,37.23200000000001,0.9552356395931815
1326,0,throughput_queueratio,0.825,0.9501197126895451,3,0.866706570896515
1400,0,avg_vehicle_number,1.6944444444444444,1.6944444444444444,37.86844444444445,0.9552544481479743
1400,0,throughput_queueratio,0.375,0.9501197126895451,3,0.566706570896515
1483,0,avg_vehicle_number,1.6388888888888888,1.6388888888888888,36.595555555555556,0.9552161768277873
1483,0,throughput_queueratio,0.575,0.9563547486033519,3,0.7021182495344506
1530,0,avg_vehicle_number,1.0277777777777777,1.0277777777777777,36.595555555555556,0.97191522953607
1530,0,throughput_queueratio,0.6499999999999999,0.9750598563447725,3,0.7583532854482575
1643,0,avg_vehicle_number,2.0833333333333335,2.0833333333333335,38.18666666666668,0.94544343575419
1643,0,throughput_queueratio,0.35,0.9376496408619314,3,0.5458832136206437
1660,0,avg_vehicle_number,1.8333333333333333,1.8333333333333333,37.86844444444445,0.951586779963382
1660,0,throughput_queueratio,0.8999999999999998,0.9438846767757382,3,0.9146282255919126
1740,0,avg_vehicle_number,2.0833333333333335,2.0833333333333335,36.913777777777774,0.9435621749181275
1740,0,throughput_queueratio,0.1,0.9376496408619314,3,0.37921654695397716
1838,0,avg_vehicle_number,2.138888888888889,2.138888888888889,37.232,0.942552404144583
1838,0,throughput_queueratio,0.625,0.9438846767757382,3,0.7312948922585795
1858,0,avg_vehicle_number,1.6388888888888888,1.6388888888888888,35.640888888888895,0.9540166101356744
1858,0,throughput_queueratio,0.7749999999999998,0.9563547486033519,3,0.8354515828677839
1887,0,avg_vehicle_number,1.1666666666666667,1.1666666666666667,35.640888888888895,0.9672660614525139
1887,0,throughput_queueratio,0.125,0.9625897845171588,3,0.4041965948390529
1904,0,avg_vehicle_number,0.6944444444444444,0.6944444444444444,35.32266666666667,0.9803399768483567
1904,0,throughput_queueratio,0.2,0.9875299281723863,3,0.4625099760574621
1951,0,avg_vehicle_number,1.1111111111111112,1.1111111111111112,35.004444444444445,0.968257998984256
1951,0,throughput_queueratio,0.1,0.9625897845171588,3,0.3875299281723863
2055,0,avg_vehicle_number,2.138888888888889,2.138888888888889,36.59555555555558,0.9415533155210105
2055,0,throughput_queueratio,0.35,0.9438846767757382,3,0.547961558925246
2087,0,avg_vehicle_number,2.111111111111111,2.111111111111111,36.277333333333345,0.941806331471136
2087,0,throughput_queueratio,0.825,0.9501197126895451,3,0.866706570896515
2149,0,avg_vehicle_number,1.8055555555555556,1.8055555555555556,37.86844444444445,0.9523203136003004
2149,0,throughput_queueratio,0.22499999999999995,0.9501197126895451,3,0.466706570896515
2268,0,avg_vehicle_number,2.25,2.25,37.86844444444444,0.9405837754096051
2268,0,throughput_queueratio,0.475,0.9314146049481244,3,0.6271382016493748
2297,0,avg_vehicle_number,2.0,2.0,37.23200000000002,0.9462827675118178
2297,0,throughput_queueratio,0.95,0.9376496408619314,3,0.9458832136206438
2419,0,avg_vehicle_number,2.2222222222222223,2.2222222222222223,36.913777777777774,0.9397996532460027
2419,0,throughput_queueratio,0.2,0.9438846767757382,3,0.4479615589252461
2448,0,avg_vehicle_number,1.3888888888888888,1.3888888888888888,35.32266666666666,0.9606799536967134
2448,0,throughput_queueratio,0.9750000000000002,0.9625897845171588,3,0.9708632615057198
2540,0,avg_vehicle_number,1.6944444444444444,1.6944444444444444,36.913777777777774,0.9540972356000771
2540,0,throughput_queueratio,0.2,0.9563547486033519,3,0.4521182495344506
2653,0,avg_vehicle_number,1.8333333333333333,1.8333333333333333,37.55022222222224,0.951176498437648
2653,0,throughput_queueratio,0.7250000000000001,0.9501197126895451,3,0.8000399042298484
2712,0,avg_vehicle_number,2.0833333333333335,2.0833333333333335,38.18666666666667,0.94544343575419
2712,0,throughput_queueratio,0.8999999999999998,0.9438846767757382,3,0.9146282255919126
2792,0,avg_vehicle_number,2.138888888888889,2.138888888888889,36.595555555555556,0.9415533155210104
2792,0,throughput_queueratio,0.4499999999999999,0.9314146049481244,3,0.610471534982708
2866,0,avg_vehicle_number,1.8333333333333333,1.8333333333333333,38.18666666666666,0.9519902234636871
2866,0,throughput_queueratio,0.625,0.9376496408619314,3,0.7292165469539772
2907,0,avg_vehicle_number,1.5555555555555556,1.5555555555555556,37.55022222222223,0.958573998674368
2907,0,throughput_queueratio,0.575,0.9438846767757382,3,0.697961558925246
2921,0,avg_vehicle_number,1.1388888888888888,1.1388888888888888,36.59555555555557,0.968879038134564
2921,0,throughput_queueratio,0.30000000000000004,0.9625897845171588,3,0.5208632615057196
3028,0,avg_vehicle_number,2.0277777777777777,2.0277777777777777,38.504888888888885,0.9473371346784246
3028,0,throughput_queueratio,0.07500000000000001,0.9376496408619314,3,0.36254988028731044
3066,0,avg_vehicle_number,1.75,1.75,36.91377777777777,0.9525922269312271
3066,0,throughput_queueratio,0.8500000000000002,0.9376496408619314,3,0.8792165469539772
3152,0,avg_vehicle_number,2.0555555555555554,2.0555555555555554,37.23200000000002,0.9447906221649238
3152,0,throughput_queueratio,0.275,0.9376496408619314,3,0.49588321362064375
3259,0,avg_vehicle_number,2.2222222222222223,2.2222222222222223,35.640888888888895,0.9376496408619314
3259,0,throughput_queueratio,0.675,0.9251795690343176,3,0.758393189678106
3324,0,avg_vehicle_number,1.8888888888888888,1.8888888888888888,35.64088888888889,0.9470021947326417
3324,0,throughput_queueratio,0.8500000000000002,0.9438846767757382,3,0.8812948922585795
3344,0,avg_vehicle_number,1.0277777777777777,1.0277777777777777,36.59555555555555,0.9719152295360699
3344,0,throughput_queueratio,0.5,0.9688248204309656,3,0.6562749401436552
3364,0,avg_vehicle_number,0.7777777777777778,0.7777777777777778,35.00444444444445,0.9777805992889792
3364,0,throughput_queueratio,0.125,0.9812948922585794,3,0.41043163075285977
3405,0,avg_vehicle_number,1.1388888888888888,1.1388888888888888,37.86844444444445,0.9699251208863434
3405,0,throughput_queueratio,0.125,0.9688248204309656,3,0.40627494014365517
3464,0,avg_vehicle_number,1.2777777777777777,1.2777777777777777,35.64088888888889,0.9641485434956105
3464,0,throughput_queueratio,0.30000000000000004,0.9625897845171588,3,0.5208632615057196
3553,0,avg_vehicle_number,1.6111111111111112,1.6111111111111112,38.18666666666666,0.9578095903165735
3553,0,throughput_queueratio,0.4499999999999999,0.9501197126895451,3,0.616706570896515
3567,0,avg_vehicle_number,1.1111111111111112,1.1111111111111112,36.277333333333345,0.969371753405861
3567,0,throughput_queueratio,0.7,0.9688248204309656,3,0.7896082734769885
3623,0,avg_vehicle_number,1.9166666666666667,1.9166666666666667,37.86844444444445,0.9493861790526267
3623,0,throughput_queueratio,0.07500000000000001,0.9563547486033519,3,0.36878491620111725
3658,0,avg_vehicle_number,2.0277777777777777,2.0277777777777777,39.141333333333336,0.948193441431621
3658,0,throughput_queueratio,0.4250000000000001,0.9563547486033519,3,0.6021182495344507
3756,0,avg_vehicle_number,3.3333333333333335,3.3333333333333335,37.232,0.910471279186363
3756,0,throughput_queueratio,0.25,0.9127094972067039,3,0.47090316573556795
3848,0,avg_vehicle_number,4.027777777777778,4.027777777777778,38.5048888888889,0.8953956784708436
3848,0,throughput_queueratio,0.7749999999999998,0.8940043894652833,3,0.814668129821761
3871,0,avg_vehicle_number,3.138888888888889,3.138888888888889,37.232000000000006,0.9156937879004918
3871,0,throughput_queueratio,0.7250000000000001,0.9189445331205107,3,0.7896481777068369
3894,0,avg_vehicle_number,1.9166666666666667,1.9166666666666667,38.18666666666667,0.9498079608938548
3894,0,throughput_queueratio,0.15000000000000002,0.9501197126895451,3,0.416706570896515
3995,0,avg_vehicle_number,3.3055555555555554,3.3055555555555554,38.504888888888885,0.9141523154346922
3995,0,throughput_queueratio,0.15000000000000002,0.906474461292897,3,0.40215815376429903
4102,0,avg_vehicle_number,4.75,4.75,38.5048888888889,0.8766390415069948
4102,0,throughput_queueratio,0.8,0.8690642458100558,3,0.8230214152700186
4212,0,avg_vehicle_number,4.777777777777778,4.777777777777778,39.77777777777778,0.8798882681564246
4212,0,throughput_queueratio,0.8500000000000002,0.8877693535514765,3,0.862589784517159
4226,0,avg_vehicle_number,4.305555555555555,4.305555555555555,39.77777777777778,0.8917597765363129
4226,0,throughput_queueratio,0.875,0.9189445331205107,3,0.8896481777068369
4327,0,avg_vehicle_number,4.583333333333333,4.583333333333333,38.504888888888885,0.8809674961909599
4327,0,throughput_queueratio,0.07500000000000001,0.8877693535514765,3,0.3459231178504922
4437,0,avg_vehicle_number,5.388888888888889,5.388888888888889,38.18666666666668,0.8588803538175047
4437,0,throughput_queueratio,0.8,0.862829209896249,3,0.8209430699654163
4505,0,avg_vehicle_number,4.944444444444445,4.944444444444445,38.18666666666667,0.8705190875232774
4505,0,throughput_queueratio,0.875,0.8752992817238627,3,0.875099760574621
4573,0,avg_vehicle_number,3.388888888888889,3.388888888888889,38.504888888888885,0.9119880880927097
4573,0,throughput_queueratio,0.525,0.9127094972067039,3,0.6542364990689014
4671,0,avg_vehicle_number,3.9444444444444446,3.9444444444444446,38.504888888888885,0.8975599058128261
4671,0,throughput_queueratio,0.525,0.9002394253790902,3,0.6500798084596967
4748,0,avg_vehicle_number,4.166666666666667,4.166666666666667,37.23200000000002,0.8880890989829537
4748,0,throughput_queueratio,0.7749999999999998,0.8815343176376695,3,0.8105114392125564
4798,0,avg_vehicle_number,3.638888888888889,3.638888888888889,36.91377777777779,0.9014219321903294
4798,0,throughput_queueratio,0.6000000000000001,0.906474461292897,3,0.702158153764299
4845,0,avg_vehicle_number,2.6944444444444446,2.6944444444444446,36.913777777777774,0.9270070795607782
4845,0,throughput_queueratio,0.375,0.9376496408619314,3,0.5625498802873105
4886,0,avg_vehicle_number,2.111111111111111,2.111111111111111,37.232,0.9432984768180299
4886,0,throughput_queueratio,0.35,0.9501197126895451,3,0.5500399042298484
4978,0,avg_vehicle_number,3.2222222222222223,3.2222222222222223,38.5048888888889,0.9163165427766748
4978,0,throughput_queueratio,0.30000000000000004,0.906474461292897,3,0.5021581537642991
5058,0,avg_vehicle_number,3.4166666666666665,3.4166666666666665,38.18666666666667,0.9105272346368716
5058,0,throughput_queueratio,0.7250000000000001,0.906474461292897,3,0.7854914870976324
5180,0,avg_vehicle_number,4.638888888888889,4.638888888888889,39.77777777777778,0.8833798882681564
5180,0,throughput_queueratio,0.625,0.8877693535514765,3,0.7125897845171588
5212,0,avg_vehicle_number,3.0277777777777777,3.0277777777777777,39.77777777777778,0.9238826815642458
5212,0,throughput_queueratio,0.9750000000000002,0.9314146049481244,3,0.9604715349827083
5274,0,avg_vehicle_number,2.861111111111111,2.861111111111111,37.23200000000002,0.9231545146349616
5274,0,throughput_queueratio,0.22499999999999995,0.9314146049481244,3,0.46047153498270815
5387,0,avg_vehicle_number,4.111111111111111,4.111111111111111,37.232,0.8895812443298476
5387,0,throughput_queueratio,0.475,0.8940043894652833,3,0.614668129821761
5464,0,avg_vehicle_number,3.7777777777777777,3.7777777777777777,35.64088888888889,0.8940043894652834
5464,0,throughput_queueratio,0.8999999999999998,0.8877693535514765,3,0.895923117850492
5571,0,avg_vehicle_number,3.8333333333333335,3.8333333333333335,39.77777777777778,0.9036312849162011
5571,0,throughput_queueratio,0.6000000000000001,0.8815343176376695,3,0.6938447725458898
5612,0,avg_vehicle_number,3.5,3.5,38.5048888888889,0.909102451636733
5612,0,throughput_queueratio,0.8500000000000002,0.9127094972067039,3,0.8709031657355681
5716,0,avg_vehicle_number,3.9444444444444446,3.9444444444444446,38.504888888888885,0.8975599058128261
5716,0,throughput_queueratio,0.30000000000000004,0.8815343176376695,3,0.4938447725458899
5817,0,avg_vehicle_number,4.361111111111111,4.361111111111111,38.8231111111111,0.8876671398479714
5817,0,throughput_queueratio,0.825,0.8877693535514765,3,0.8459231178504921
5867,0,avg_vehicle_number,4.25,4.25,37.232,0.8858508809626128
5867,0,throughput_queueratio,0.8,0.8940043894652833,3,0.8313347964884278
5935,0,avg_vehicle_number,3.2777777777777777,3.2777777777777777,35.64088888888891,0.9080332202713488
5935,0,throughput_queueratio,0.375,0.9251795690343176,3,0.5583931896781059
5976,0,avg_vehicle_number,2.361111111111111,2.361111111111111,36.59555555555557,0.9354809327179986
5976,0,throughput_queueratio,0.525,0.9563547486033519,3,0.6687849162011172
6026,0,avg_vehicle_number,1.9444444444444444,1.9444444444444444,36.913777777777774,0.9473246965902523
6026,0,throughput_queueratio,0.30000000000000004,0.9563547486033519,3,0.5187849162011173
6103,0,avg_vehicle_number,2.5277777777777777,2.5277777777777777,38.18666666666667,0.9338047020484171
6103,0,throughput_queueratio,0.375,0.9376496408619314,3,0.5625498802873105
6156,0,avg_vehicle_number,2.9722222222222223,2.9722222222222223,35.959111111111135,0.9173443911603303
6156,0,throughput_queueratio,0.6000000000000001,0.9127094972067039,3,0.7042364990689013
6170,0,avg_vehicle_number,2.4444444444444446,2.4444444444444446,38.18666666666668,0.9359869646182496
6170,0,throughput_queueratio,0.4,0.9314146049481244,3,0.5771382016493748
6274,0,avg_vehicle_number,3.5277777777777777,3.5277777777777777,37.232,0.9052487704722342
6274,0,throughput_queueratio,0.07500000000000001,0.8877693535514765,3,0.3459231178504922
6291,0,avg_vehicle_number,2.9444444444444446,2.9444444444444446,38.18666666666666,0.9228933891992551
6291,0,throughput_queueratio,0.825,0.9127094972067039,3,0.8542364990689012
6320,0,avg_vehicle_number,2.861111111111111,2.861111111111111,36.91377777777779,0.9224920535542285
6320,0,throughput_queueratio,0.1,0.9127094972067039,3,0.370903165735568
6367,0,avg_vehicle_number,2.25,2.25,36.59555555555555,0.9385171241195045
6367,0,throughput_queueratio,0.2,0.9376496408619314,3,0.4458832136206438
6420,0,avg_vehicle_number,3.0,3.0,35.959111111111106,0.9165719088347258
6420,0,throughput_queueratio,0.35,0.906474461292897,3,0.5354914870976323
6530,0,avg_vehicle_number,3.75,3.75,38.504888888888885,0.9026097696107853
6530,0,throughput_queueratio,0.4,0.8940043894652833,3,0.5646681298217611
6562,0,avg_vehicle_number,2.8333333333333335,2.8333333333333335,38.18666666666667,0.9258030726256983
6562,0,throughput_queueratio,0.875,0.9314146049481244,3,0.8938048683160416
6636,0,avg_vehicle_number,3.5277777777777777,3.5277777777777777,36.913777777777774,0.9044319495280293
6636,0,throughput_queueratio,0.22499999999999995,0.9189445331205107,3,0.4563148443735035
6716,0,avg_vehicle_number,3.0555555555555554,3.0555555555555554,36.913777777777774,0.9172245232132537
6716,0,throughput_queueratio,0.575,0.9251795690343176,3,0.6917265230114392
6823,0,avg_vehicle_number,3.5833333333333335,3.5833333333333335,38.504888888888885,0.9069382242947505
6823,0,throughput_queueratio,0.625,0.906474461292897,3,0.7188248204309656
6852,0,avg_vehicle_number,3.0,3.0,38.5048888888889,0.9220878156886283
6852,0,throughput_queueratio,0.8500000000000002,0.9251795690343176,3,0.8750598563447727
6941,0,avg_vehicle_number,3.1666666666666665,3.1666666666666665,38.504888888888885,0.9177593610046632
6941,0,throughput_queueratio,0.2,0.9189445331205107,3,0.4396481777068369
6961,0,avg_vehicle_number,2.3333333333333335,2.3333333333333335,38.504888888888885,0.9394016344244887
6961,0,throughput_queueratio,0.7,0.9438846767757382,3,0.7812948922585794
7044,0,avg_vehicle_number,3.361111111111111,3.361111111111111,38.504888888888885,0.9127094972067039
7044,0,throughput_queueratio,0.125,0.9127094972067039,3,0.3875698324022346
7145,0,avg_vehicle_number,2.7222222222222223,2.7222222222222223,38.5048888888889,0.9293019068285702
7145,0,throughput_queueratio,0.6499999999999999,0.9314146049481244,3,0.7438048683160415
7231,0,avg_vehicle_number,4.0,4.0,37.232,0.8925655350236356
7231,0,throughput_queueratio,0.8,0.9189445331205107,3,0.8396481777068369
7329,0,avg_vehicle_number,5.25,5.25,39.77777777777778,0.8680167597765363
7329,0,throughput_queueratio,0.675,0.8690642458100558,3,0.7396880819366852
7349,0,avg_vehicle_number,4.472222222222222,4.472222222222222,39.77777777777778,0.8875698324022346
7349,0,throughput_queueratio,0.7749999999999998,0.8940043894652833,3,0.814668129821761
7459,0,avg_vehicle_number,5.166666666666667,5.166666666666667,39.77777777777778,0.8701117318435754
7459,0,throughput_queueratio,0.125,0.8690642458100558,3,0.3730214152700186
7545,0,avg_vehicle_number,5.722222222222222,5.722222222222222,39.77777777777778,0.8561452513966481
7545,0,throughput_queueratio,0.875,0.8441241021548284,3,0.8647080340516095
7658,0,avg_vehicle_number,6.333333333333333,6.333333333333333,37.232,0.8298954304540896
7658,0,throughput_queueratio,0.675,0.8503591380686353,3,0.7334530460228784
7690,0,avg_vehicle_number,4.722222222222222,4.722222222222222,39.77777777777778,0.8812849162011174
7690,0,throughput_queueratio,0.8999999999999998,0.8877693535514765,3,0.895923117850492
7755,0,avg_vehicle_number,4.694444444444445,4.694444444444445,38.5048888888889,0.8780818597349832
7755,0,throughput_queueratio,0.22499999999999995,0.8815343176376695,3,0.44384477254588983
7832,0,avg_vehicle_number,5.0,5.0,38.18666666666667,0.8690642458100559
7832,0,throughput_queueratio,0.5,0.8690642458100558,3,0.6230214152700185
7921,0,avg_vehicle_number,5.805555555555555,5.805555555555555,39.77777777777778,0.854050279329609
7921,0,throughput_queueratio,0.6000000000000001,0.8565941739824421,3,0.6855313913274808
7941,0,avg_vehicle_number,5.055555555555555,5.055555555555555,39.45955555555555,0.8718800684808073
7941,0,throughput_queueratio,0.7,0.8877693535514765,3,0.7625897845171589
7961,0,avg_vehicle_number,4.527777777777778,4.527777777777778,39.141333333333336,0.8843223418267703
7961,0,throughput_queueratio,0.125,0.8877693535514765,3,0.3792564511838255
8062,0,avg_vehicle_number,6.638888888888889,6.638888888888889,39.77777777777778,0.8331005586592178
8062,0,throughput_queueratio,0.125,0.8254189944134078,3,0.3584729981378026
8178,0,avg_vehicle_number,8.416666666666666,8.416666666666666,38.504888888888885,0.7814130384597626
8178,0,throughput_queueratio,0.8,0.7817737430167597,3,0.7939245810055867
8192,0,avg_vehicle_number,7.777777777777778,7.777777777777778,38.8231111111111,0.7996611411301401
8192,0,throughput_queueratio,0.925,0.812948922585794,3,0.8876496408619313
8293,0,avg_vehicle_number,8.694444444444445,8.694444444444445,39.77777777777778,0.7814245810055866
8293,0,throughput_queueratio,0.07500000000000001,0.7568335993615323,3,0.3022778664538441
8385,0,avg_vehicle_number,8.833333333333334,8.833333333333334,38.504888888888885,0.7705919017498499
8385,0,throughput_queueratio,0.8,0.769303671189146,3,0.789767890396382
8408,0,avg_vehicle_number,7.944444444444445,7.944444444444445,38.18666666666667,0.7919576350093109
8408,0,throughput_queueratio,0.7250000000000001,0.7880087789305666,3,0.7460029263101889
8440,0,avg_vehicle_number,6.305555555555555,6.305555555555555,39.77777777777778,0.8414804469273743
8440,0,throughput_queueratio,0.15000000000000002,0.8815343176376695,3,0.39384477254588984
8460,0,avg_vehicle_number,5.777777777777778,5.777777777777778,38.18666666666668,0.8486964618249535
8460,0,throughput_queueratio,0.22499999999999995,0.8565941739824421,3,0.4355313913274807
8504,0,avg_vehicle_number,6.611111111111111,6.611111111111111,38.18666666666667,0.8268738361266295
8504,0,throughput_queueratio,0.125,0.8004788507581804,3,0.35015961691939346
8608,0,avg_vehicle_number,8.63888888888889,8.63888888888889,38.504888888888885,0.7756417655478092
8608,0,throughput_queueratio,0.32499999999999996,0.7443635275339185,3,0.46478784251130617
8676,0,avg_vehicle_number,5.722222222222222,5.722222222222222,39.77777777777778,0.8561452513966481
8676,0,throughput_queueratio,0.825,0.8129489225857941,3,0.8209829741952647
8732,0,avg_vehicle_number,5.111111111111111,5.111111111111111,38.5048888888889,0.8672607230250704
8732,0,throughput_queueratio,0.525,0.8378890662410216,3,0.6292963554136738
8749,0,avg_vehicle_number,4.555555555555555,4.555555555555555,39.141333333333336,0.8836126629422719
8749,0,throughput_queueratio,0.4250000000000001,0.8815343176376695,3,0.5771781058792232
8814,0,avg_vehicle_number,5.194444444444445,5.194444444444445,39.77777777777778,0.869413407821229
8814,0,throughput_queueratio,0.1,0.8316540303272146,3,0.3438846767757382
8873,0,avg_vehicle_number,5.166666666666667,5.166666666666667,38.504888888888885,0.865817904797082
8873,0,throughput_queueratio,0.5,0.8441241021548284,3,0.6147080340516095
8977,0,avg_vehicle_number,6.222222222222222,6.222222222222222,38.5048888888889,0.8384043584653031
8977,0,throughput_queueratio,0.4499999999999999,0.8191839584996009,3,0.5730613194998669
8997,0,avg_vehicle_number,5.472222222222222,5.472222222222222,39.77777777777778,0.8624301675977654
8997,0,throughput_queueratio,0.825,0.8815343176376695,3,0.8438447725458899
9014,0,avg_vehicle_number,4.888888888888889,4.888888888888889,39.45955555555556,0.8761038024869345
9014,0,throughput_queueratio,0.125,0.8503591380686353,3,0.3667863793562118
9127,0,avg_vehicle_number,6.777777777777778,6.777777777777778,38.504888888888885,0.8239761761854194
9127,0,throughput_queueratio,0.1,0.7755387071029529,3,0.3251795690343176
9228,0,avg_vehicle_number,8.194444444444445,8.194444444444445,38.5048888888889,0.7871843113717162
9228,0,throughput_queueratio,0.8999999999999998,0.7381284916201116,3,0.846042830540037
9302,0,avg_vehicle_number,7.472222222222222,7.472222222222222,37.232,0.7993064508427636
9302,0,throughput_queueratio,0.8,0.7755387071029529,3,0.7918462357009842
9325,0,avg_vehicle_number,6.722222222222222,6.722222222222222,39.45955555555556,0.8296427284195351
9325,0,throughput_queueratio,0.575,0.8441241021548284,3,0.6647080340516095
9414,0,avg_vehicle_number,6.972222222222222,6.972222222222222,39.77777777777778,0.8247206703910615
9414,0,throughput_queueratio,0.15000000000000002,0.7880087789305666,3,0.3626695929768555
9464,0,avg_vehicle_number,7.0,7.0,38.5048888888889,0.8182049032734661
9464,0,throughput_queueratio,0.7,0.769303671189146,3,0.7231012237297153
9481,0,avg_vehicle_number,6.388888888888889,6.388888888888889,39.45955555555556,0.8380901964317895
9481,0,throughput_queueratio,0.375,0.8067138866719872,3,0.5189046288906624
9567,0,avg_vehicle_number,5.027777777777778,5.027777777777778,38.504888888888885,0.8694249503670529
9567,0,throughput_queueratio,0.1,0.862829209896249,3,0.3542764032987497
9671,0,avg_vehicle_number,6.25,6.25,39.77777777777778,0.842877094972067
9671,0,throughput_queueratio,0.675,0.8316540303272146,3,0.7272180101090715
9715,0,avg_vehicle_number,5.444444444444445,5.444444444444445,37.23200000000002,0.853769756004393
9715,0,throughput_queueratio,0.825,0.862829209896249,3,0.8376097366320829
9750,0,avg_vehicle_number,4.138888888888889,4.138888888888889,38.18666666666667,0.8916142923649907
9750,0,throughput_queueratio,0.32499999999999996,0.9002394253790902,3,0.5167464751263634
9794,0,avg_vehicle_number,2.9166666666666665,2.9166666666666665,39.77777777777778,0.9266759776536313
9794,0,throughput_queueratio,0.25,0.9314146049481244,3,0.4771382016493748
9859,0,avg_vehicle_number,4.222222222222222,4.222222222222222,39.77777777777778,0.8938547486033519
9859,0,throughput_queueratio,0.32499999999999996,0.906474461292897,3,0.5188248204309657
9969,0,avg_vehicle_number,6.055555555555555,6.055555555555555,38.5048888888889,0.8427328131492683
9969,0,throughput_queueratio,0.5,0.862829209896249,3,0.6209430699654163
10004,0,avg_vehicle_number,5.555555555555555,5.555555555555555,39.77777777777778,0.8603351955307262
10004,0,throughput_queueratio,0.875,0.8690642458100558,3,0.8730214152700185
10123,0,avg_vehicle_number,7.638888888888889,7.638888888888889,39.77777777777778,0.8079608938547486
10123,0,throughput_queueratio,0.25,0.8004788507581804,3,0.43349295025272677
10173,0,avg_vehicle_number,5.583333333333333,5.583333333333333,38.504888888888885,0.8549967680871693
10173,0,throughput_queueratio,0.95,0.862829209896249,3,0.9209430699654163
10184,0,avg_vehicle_number,5.027777777777778,5.027777777777778,39.77777777777778,0.8736033519553073
10184,0,throughput_queueratio,0.375,0.8815343176376695,3,0.5438447725458898
10225,0,avg_vehicle_number,4.222222222222222,4.222222222222222,39.77777777777778,0.8938547486033519
10225,0,throughput_queueratio,0.05,0.8815343176376695,3,0.3271781058792232
10317,0,avg_vehicle_number,6.638888888888889,6.638888888888889,37.55022222222222,0.8231997443423917
10317,0,throughput_queueratio,0.30000000000000004,0.8254189944134078,3,0.4751396648044693
10328,0,avg_vehicle_number,6.333333333333333,6.333333333333333,39.45955555555555,0.8394981077671653
10328,0,throughput_queueratio,0.7250000000000001,0.8441241021548284,3,0.7647080340516096
10417,0,avg_vehicle_number,5.472222222222222,5.472222222222222,39.77777777777778,0.8624301675977654
10417,0,throughput_queueratio,0.05,0.8690642458100558,3,0.3230214152700186
10437,0,avg_vehicle_number,4.638888888888889,4.638888888888889,39.45955555555556,0.8824394034961254
10437,0,throughput_queueratio,0.7,0.8940043894652833,3,0.7646681298217611
10520,0,avg_vehicle_number,5.75,5.75,38.504888888888885,0.8506683134032043
10520,0,throughput_queueratio,0.125,0.8565941739824421,3,0.36886472466081405
10591,0,avg_vehicle_number,4.75,4.75,39.77777777777778,0.880586592178771
10591,0,throughput_queueratio,0.6499999999999999,0.8940043894652833,3,0.7313347964884277
10617,0,avg_vehicle_number,3.7222222222222223,3.7222222222222223,39.77777777777778,0.9064245810055866
10617,0,throughput_queueratio,0.55,0.9127094972067039,3,0.670903165735568
10703,0,avg_vehicle_number,4.333333333333333,4.333333333333333,38.504888888888885,0.8874601782169075
10703,0,throughput_queueratio,0.175,0.8815343176376695,3,0.41051143921255645
10780,0,avg_vehicle_number,5.527777777777778,5.527777777777778,39.45955555555556,0.8599128221301136
10780,0,throughput_queueratio,0.675,0.8565941739824421,3,0.7355313913274807
10830,0,avg_vehicle_number,5.277777777777778,5.277777777777778,38.82311111111111,0.8640557743383094
10830,0,throughput_queueratio,0.6000000000000001,0.8815343176376695,3,0.6938447725458898
10910,0,avg_vehicle_number,6.361111111111111,6.361111111111111,38.5048888888889,0.8347973128953322
10910,0,throughput_queueratio,0.375,0.8441241021548284,3,0.5313747007182762
10921,0,avg_vehicle_number,6.138888888888889,6.138888888888889,38.5048888888889,0.8405685858072857
10921,0,throughput_queueratio,0.625,0.8690642458100558,3,0.7063547486033519
10932,0,avg_vehicle_number,6.111111111111111,6.111111111111111,39.77777777777778,0.8463687150837989
10932,0,throughput_queueratio,0.05,0.8690642458100558,3,0.3230214152700186
11003,0,avg_vehicle_number,6.083333333333333,6.083333333333333,39.77777777777778,0.8470670391061452
11003,0,throughput_queueratio,0.05,0.8690642458100558,3,0.3230214152700186
11014,0,avg_vehicle_number,5.861111111111111,5.861111111111111,39.45955555555556,0.8514653541178591
11014,0,throughput_queueratio,0.55,0.8690642458100558,3,0.656354748603352
11103,0,avg_vehicle_number,6.666666666666667,6.666666666666667,39.77777777777778,0.8324022346368715
11103,0,throughput_queueratio,0.05,0.8378890662410216,3,0.3126296887470072
11114,0,avg_vehicle_number,6.333333333333333,6.333333333333333,40.096,0.8420457568502261
11114,0,throughput_queueratio,0.7,0.8752992817238627,3,0.7584330939079541
11146,0,avg_vehicle_number,6.305555555555555,6.305555555555555,38.82311111111111,0.8375824251305064
11146,0,throughput_queueratio,0.05,0.8565941739824421,3,0.318864724660814
11253,0,avg_vehicle_number,8.527777777777779,8.527777777777779,38.5048888888889,0.778527402003786
11253,0,throughput_queueratio,0.22499999999999995,0.7755387071029529,3,0.408512902367651
11315,0,avg_vehicle_number,9.75,9.75,38.18666666666667,0.744675279329609
11315,0,throughput_queueratio,0.8500000000000002,0.7505985634477255,3,0.8168661878159087
11431,0,avg_vehicle_number,9.25,9.25,38.504888888888885,0.7597707650399372
11431,0,throughput_queueratio,0.475,0.7630686352753391,3,0.571022878425113
11538,0,avg_vehicle_number,8.75,8.75,40.096,0.7817737430167597
11538,0,throughput_queueratio,0.925,0.7880087789305665,3,0.8793362596435221
11627,0,avg_vehicle_number,8.63888888888889,8.63888888888889,40.096,0.7845448700895628
11627,0,throughput_queueratio,0.8500000000000002,0.7880087789305666,3,0.8293362596435223
11677,0,avg_vehicle_number,6.861111111111111,6.861111111111111,40.096,0.8288829032544116
11677,0,throughput_queueratio,0.7,0.8067138866719872,3,0.735571295557329
11787,0,avg_vehicle_number,8.027777777777779,8.027777777777779,40.096,0.7997860689899796
11787,0,throughput_queueratio,0.375,0.7880087789305665,3,0.5126695929768555
11843,0,avg_vehicle_number,7.138888888888889,7.138888888888889,38.504888888888885,0.814597857703495
11843,0,throughput_queueratio,0.875,0.8191839584996009,3,0.8563946528332003
11920,0,avg_vehicle_number,7.222222222222222,7.222222222222222,39.77777777777778,0.8184357541899441
11920,0,throughput_queueratio,0.4250000000000001,0.8191839584996009,3,0.5563946528332003
12015,0,avg_vehicle_number,7.111111111111111,7.111111111111111,39.77777777777778,0.8212290502793296
12015,0,throughput_queueratio,0.6000000000000001,0.8316540303272146,3,0.6772180101090717
12068,0,avg_vehicle_number,6.388888888888889,6.388888888888889,39.77777777777778,0.8393854748603352
12068,0,throughput_queueratio,0.75,0.8441241021548284,3,0.7813747007182762
12109,0,avg_vehicle_number,6.055555555555555,6.055555555555555,38.504888888888885,0.8427328131492682
12109,0,throughput_queueratio,0.4,0.8565941739824421,3,0.5521980579941473
12132,0,avg_vehicle_number,5.25,5.25,40.096,0.8690642458100558
12132,0,throughput_queueratio,0.30000000000000004,0.8752992817238627,3,0.4917664272412876
12173,0,avg_vehicle_number,5.5,5.5,39.77777777777778,0.861731843575419
12173,0,throughput_queueratio,0.15000000000000002,0.8690642458100558,3,0.3896880819366853
12187,0,avg_vehicle_number,5.111111111111111,5.111111111111111,39.77777777777778,0.8715083798882681
12187,0,throughput_queueratio,0.30000000000000004,0.906474461292897,3,0.5021581537642991
12282,0,avg_vehicle_number,7.638888888888889,7.638888888888889,38.504888888888885,0.8016124936515998
12282,0,throughput_queueratio,0.07500000000000001,0.8129489225857941,3,0.3209829741952647
12335,0,avg_vehicle_number,6.694444444444445,6.694444444444445,39.77777777777778,0.8317039106145252
12335,0,throughput_queueratio,0.75,0.8254189944134078,3,0.7751396648044692
12376,0,avg_vehicle_number,6.75,6.75,39.77777777777778,0.8303072625698324
12376,0,throughput_queueratio,0.4,0.8378890662410216,3,0.5459630220803405
12453,0,avg_vehicle_number,6.472222222222222,6.472222222222222,38.504888888888885,0.8319116764393555
12453,0,throughput_queueratio,0.30000000000000004,0.8503591380686353,3,0.4834530460228785
12470,0,avg_vehicle_number,5.972222222222222,5.972222222222222,39.77777777777778,0.8498603351955307
12470,0,throughput_queueratio,0.6000000000000001,0.8690642458100558,3,0.6896880819366853
12586,0,avg_vehicle_number,8.0,8.0,37.23200000000002,0.7851310700472713
12586,0,throughput_queueratio,0.1,0.7942438148443735,3,0.3314146049481245
12657,0,avg_vehicle_number,7.027777777777778,7.027777777777778,39.77777777777778,0.8233240223463687
12657,0,throughput_queueratio,0.925,0.8129489225857941,3,0.8876496408619313
12734,0,avg_vehicle_number,7.083333333333333,7.083333333333333,38.504888888888885,0.8160406759314834
12734,0,throughput_queueratio,0.55,0.8191839584996009,3,0.6397279861665336
12838,0,avg_vehicle_number,7.361111111111111,7.361111111111111,38.504888888888885,0.8088265847915417
12838,0,throughput_queueratio,0.6000000000000001,0.8067138866719872,3,0.6689046288906625
12942,0,avg_vehicle_number,8.333333333333334,8.333333333333334,39.77777777777778,0.7905027932960894
12942,0,throughput_queueratio,0.825,0.8067138866719872,3,0.8189046288906624
12992,0,avg_vehicle_number,6.777777777777778,6.777777777777778,38.504888888888885,0.8239761761854194
12992,0,throughput_queueratio,0.825,0.8191839584996009,3,0.8230613194998669
13006,0,avg_vehicle_number,6.166666666666667,6.166666666666667,40.096,0.8462024474594307
13006,0,throughput_queueratio,0.375,0.8690642458100558,3,0.5396880819366853
13092,0,avg_vehicle_number,7.527777777777778,7.527777777777778,38.504888888888885,0.8044981301075765
13092,0,throughput_queueratio,0.07500000000000001,0.8004788507581804,3,0.31682628358606013
13136,0,avg_vehicle_number,7.5,7.5,39.77777777777778,0.8114525139664804
13136,0,throughput_queueratio,0.675,0.8004788507581804,3,0.7168262835860602
13213,0,avg_vehicle_number,8.416666666666666,8.416666666666666,38.82311111111111,0.7832047348658302
13213,0,throughput_queueratio,0.32499999999999996,0.7755387071029529,3,0.47517956903431763
13311,0,avg_vehicle_number,6.777777777777778,6.777777777777778,38.504888888888885,0.8239761761854194
13311,0,throughput_queueratio,0.6000000000000001,0.8316540303272146,3,0.6772180101090717
13403,0,avg_vehicle_number,7.888888888888889,7.888888888888889,38.504888888888885,0.7951198116256522
13403,0,throughput_queueratio,0.7749999999999998,0.7755387071029529,3,0.7751795690343175
13501,0,avg_vehicle_number,8.694444444444445,8.694444444444445,38.5048888888889,0.774198947319821
13501,0,throughput_queueratio,0.7250000000000001,0.769303671189146,3,0.739767890396382
13575,0,avg_vehicle_number,7.305555555555555,7.305555555555555,39.77777777777778,0.8163407821229051
13575,0,throughput_queueratio,0.7749999999999998,0.8129489225857941,3,0.7876496408619312
13598,0,avg_vehicle_number,6.472222222222222,6.472222222222222,40.096,0.8385818480092223
13598,0,throughput_queueratio,0.575,0.8565941739824421,3,0.668864724660814
13657,0,avg_vehicle_number,6.555555555555555,6.555555555555555,39.77777777777778,0.835195530726257
13657,0,throughput_queueratio,0.15000000000000002,0.8378890662410216,3,0.37929635541367385
13683,0,avg_vehicle_number,5.916666666666667,5.916666666666667,39.77777777777778,0.8512569832402235
13683,0,throughput_queueratio,0.4499999999999999,0.8441241021548284,3,0.581374700718276
13757,0,avg_vehicle_number,6.5,6.5,39.77777777777778,0.8365921787709497
13757,0,throughput_queueratio,0.175,0.8316540303272146,3,0.3938846767757382
13768,0,avg_vehicle_number,6.277777777777778,6.277777777777778,40.096,0.8434313203866276
13768,0,throughput_queueratio,0.575,0.8565941739824421,3,0.668864724660814
13845,0,avg_vehicle_number,8.13888888888889,8.13888888888889,39.77777777777778,0.7953910614525139
13845,0,throughput_queueratio,0.05,0.769303671189146,3,0.289767890396382
13943,0,avg_vehicle_number,9.694444444444445,9.694444444444445,39.77777777777778,0.7562849162011174
13943,0,throughput_queueratio,0.6000000000000001,0.7318934557063048,3,0.643964485235435
14029,0,avg_vehicle_number,10.833333333333334,10.833333333333334,38.504888888888885,0.7186504455422688
14029,0,throughput_queueratio,0.7749999999999998,0.6944832402234636,3,0.7481610800744877
14112,0,avg_vehicle_number,8.63888888888889,8.63888888888889,39.77777777777778,0.7828212290502793
14112,0,throughput_queueratio,0.675,0.7817737430167597,3,0.7105912476722533
14162,0,avg_vehicle_number,6.972222222222222,6.972222222222222,39.77777777777778,0.8247206703910615
14162,0,throughput_queueratio,0.6499999999999999,0.8254189944134078,3,0.7084729981378025
14191,0,avg_vehicle_number,5.888888888888889,5.888888888888889,39.77777777777778,0.8519553072625698
14191,0,throughput_queueratio,0.375,0.862829209896249,3,0.537609736632083
14235,0,avg_vehicle_number,6.722222222222222,6.722222222222222,39.45955555555556,0.8296427284195351
14235,0,throughput_queueratio,0.2,0.8441241021548284,3,0.41470803405160944
14270,0,avg_vehicle_number,5.444444444444445,5.444444444444445,38.8231111111111,0.8597627987910981
14270,0,throughput_queueratio,0.32499999999999996,0.8752992817238627,3,0.5084330939079542
14332,0,avg_vehicle_number,6.222222222222222,6.222222222222222,38.504888888888885,0.8384043584653031
14332,0,throughput_queueratio,0.25,0.8316540303272146,3,0.44388467677573823
14361,0,avg_vehicle_number,5.694444444444445,5.694444444444445,39.77777777777778,0.8568435754189945
14361,0,throughput_queueratio,0.475,0.8503591380686353,3,0.6001197126895451
14414,0,avg_vehicle_number,5.333333333333333,5.333333333333333,38.82311111111111,0.8626247824892389
14414,0,throughput_queueratio,0.2,0.8565941739824421,3,0.418864724660814
14473,0,avg_vehicle_number,6.555555555555555,6.555555555555555,40.096,0.83650350270462
14473,0,throughput_queueratio,0.4,0.8316540303272146,3,0.5438846767757383
14484,0,avg_vehicle_number,6.583333333333333,6.583333333333333,40.096,0.8358107209364193
14484,0,throughput_queueratio,0.4499999999999999,0.8565941739824421,3,0.5855313913274807
14600,0,avg_vehicle_number,9.583333333333334,9.583333333333334,39.77777777777778,0.7590782122905028
14600,0,throughput_queueratio,0.05,0.7630686352753391,3,0.2876895450917797
14677,0,avg_vehicle_number,9.833333333333334,9.833333333333334,39.77777777777778,0.7527932960893855
14677,0,throughput_queueratio,0.925,0.7630686352753392,3,0.8710228784251131
14748,0,avg_vehicle_number,10.36111111111111,10.36111111111111,40.096,0.7415924004611155
14748,0,throughput_queueratio,0.6000000000000001,0.7381284916201116,3,0.6460428305400373
14780,0,avg_vehicle_number,9.527777777777779,9.527777777777779,40.096,0.7623758535071383
14780,0,throughput_queueratio,0.55,0.8129489225857941,3,0.6376496408619313
14890,0,avg_vehicle_number,11.63888888888889,11.63888888888889,38.5048888888889,0.6977295812364376
14890,0,throughput_queueratio,0.22499999999999995,0.6757781324820431,3,0.37525937749401433
14973,0,avg_vehicle_number,11.5,11.5,39.77777777777778,0.7108938547486033
14973,0,throughput_queueratio,0.875,0.6944832402234636,3,0.8148277467411545
14990,0,avg_vehicle_number,11.38888888888889,11.38888888888889,39.77777777777778,0.7136871508379888
14990,0,throughput_queueratio,0.6499999999999999,0.7194233838786911,3,0.6731411279595636
15004,0,avg_vehicle_number,11.36111111111111,11.36111111111111,40.096,0.7166522568058881
15004,0,throughput_queueratio,0.1,0.7007182761372706,3,0.30023942537909015
15117,0,avg_vehicle_number,14.75,14.75,39.77777777777778,0.6291899441340782
15117,0,throughput_queueratio,0.07500000000000001,0.6196628092577813,3,0.25655426975259377
15185,0,avg_vehicle_number,14.61111111111111,14.61111111111111,38.82311111111111,0.6236491436944775
15185,0,throughput_queueratio,0.8999999999999998,0.6134277733439744,3,0.8044759244479914
15301,0,avg_vehicle_number,14.027777777777779,14.027777777777779,39.77777777777778,0.6473463687150838
15301,0,throughput_queueratio,0.525,0.6134277733439744,3,0.5544759244479914
15408,0,avg_vehicle_number,12.027777777777779,12.027777777777779,40.096,0.7000254943690698
15408,0,throughput_queueratio,0.925,0.7131883479648842,3,0.8543961159882948
15452,0,avg_vehicle_number,11.583333333333334,11.583333333333334,39.77777777777778,0.7087988826815642
15452,0,throughput_queueratio,0.8500000000000002,0.7381284916201116,3,0.812709497206704
15532,0,avg_vehicle_number,12.75,12.75,38.504888888888885,0.6688732166766702
15532,0,throughput_queueratio,0.32499999999999996,0.6570730247406225,3,0.4356910082468741
15618,0,avg_vehicle_number,12.13888888888889,12.13888888888889,39.77777777777778,0.6948324022346368
15618,0,throughput_queueratio,0.625,0.6882482043096567,3,0.6460827347698855
15737,0,avg_vehicle_number,10.444444444444445,10.444444444444445,39.77777777777778,0.7374301675977654
15737,0,throughput_queueratio,0.675,0.7381284916201116,3,0.6960428305400373
15766,0,avg_vehicle_number,9.305555555555555,9.305555555555555,40.096,0.7679181076527445
15766,0,throughput_queueratio,0.95,0.8129489225857941,3,0.9043163075285979
15840,0,avg_vehicle_number,10.86111111111111,10.86111111111111,39.77777777777778,0.7269553072625698
15840,0,throughput_queueratio,0.2,0.7069533120510774,3,0.3689844373503591
15875,0,avg_vehicle_number,10.0,10.0,39.77777777777778,0.7486033519553073
15875,0,throughput_queueratio,0.575,0.7318934557063048,3,0.6272978185687682
15958,0,avg_vehicle_number,11.0,11.0,40.096,0.725658419792498
15958,0,throughput_queueratio,0.25,0.6757781324820431,3,0.39192604416068105
16023,0,avg_vehicle_number,9.027777777777779,9.027777777777779,39.77777777777778,0.7730446927374302
16023,0,throughput_queueratio,0.6499999999999999,0.7443635275339185,3,0.6814545091779728
16073,0,avg_vehicle_number,8.305555555555555,8.305555555555555,38.504888888888885,0.7842986749157395
16073,0,throughput_queueratio,0.5,0.769303671189146,3,0.589767890396382
16099,0,avg_vehicle_number,7.027777777777778,7.027777777777778,38.82311111111111,0.8189795310925909
16099,0,throughput_queueratio,0.375,0.7942438148443735,3,0.5147479382814578
16161,0,avg_vehicle_number,8.277777777777779,8.277777777777779,40.096,0.7935510330761727
16161,0,throughput_queueratio,0.175,0.7630686352753391,3,0.37102287842511306
16277,0,avg_vehicle_number,11.027777777777779,11.027777777777779,38.5048888888889,0.7136005817443096
16277,0,throughput_queueratio,0.475,0.7131883479648842,3,0.5543961159882947
16324,0,avg_vehicle_number,9.38888888888889,9.38888888888889,38.504888888888885,0.7561637194699663
16324,0,throughput_queueratio,0.925,0.7381284916201116,3,0.862709497206704
16416,0,avg_vehicle_number,9.13888888888889,9.13888888888889,40.096,0.7720747982619491
16416,0,throughput_queueratio,0.35,0.7630686352753392,3,0.48768954509177975
16475,0,avg_vehicle_number,8.583333333333334,8.583333333333334,40.096,0.7859304336259643
16475,0,throughput_queueratio,0.7250000000000001,0.7942438148443735,3,0.7480812716147912
16495,0,avg_vehicle_number,8.75,8.75,39.77777777777778,0.7800279329608939
16495,0,throughput_queueratio,0.4499999999999999,0.8129489225857941,3,0.5709829741952647
16542,0,avg_vehicle_number,7.361111111111111,7.361111111111111,38.504888888888885,0.8088265847915417
16542,0,throughput_queueratio,0.125,0.7942438148443735,3,0.3480812716147912
16559,0,avg_vehicle_number,7.666666666666667,7.666666666666667,39.77777777777778,0.8072625698324023
16559,0,throughput_queueratio,0.35,0.8129489225857941,3,0.504316307528598
16648,0,avg_vehicle_number,10.13888888888889,10.13888888888889,40.096,0.7471346546067217
16648,0,throughput_queueratio,0.1,0.7318934557063048,3,0.3106311519021016
16707,0,avg_vehicle_number,8.333333333333334,8.333333333333334,38.82311111111112,0.7853512226394359
16707,0,throughput_queueratio,0.7,0.7942438148443735,3,0.7314146049481245
16787,0,avg_vehicle_number,9.444444444444445,9.444444444444445,38.504888888888885,0.7547209012419779
16787,0,throughput_queueratio,0.4499999999999999,0.7817737430167597,3,0.5605912476722531
16870,0,avg_vehicle_number,8.694444444444445,8.694444444444445,40.096,0.7831593065531612
16870,0,throughput_queueratio,0.625,0.8004788507581804,3,0.6834929502527268
16941,0,avg_vehicle_number,8.527777777777779,8.527777777777779,39.77777777777778,0.7856145251396648
16941,0,throughput_queueratio,0.6499999999999999,0.769303671189146,3,0.6897678903963819
16952,0,avg_vehicle_number,8.527777777777779,8.527777777777779,39.77777777777778,0.7856145251396648
16952,0,throughput_queueratio,0.55,0.7880087789305665,3,0.6293362596435222
16966,0,avg_vehicle_number,8.38888888888889,8.38888888888889,39.77777777777778,0.7891061452513967
16966,0,throughput_queueratio,0.05,0.8191839584996009,3,0.3063946528332003
17037,0,avg_vehicle_number,9.777777777777779,9.777777777777779,38.8231111111111,0.7481454345636047
17037,0,throughput_queueratio,0.07500000000000001,0.7381284916201116,3,0.2960428305400372
17072,0,avg_vehicle_number,9.444444444444445,9.444444444444445,38.8231111111111,0.7567313856580272
17072,0,throughput_queueratio,0.55,0.7443635275339185,3,0.6147878425113062
17194,0,avg_vehicle_number,10.88888888888889,10.88888888888889,37.23200000000002,0.707539512008786
17194,0,throughput_queueratio,0.25,0.7131883479648842,3,0.4043961159882947
17253,0,avg_vehicle_number,9.222222222222221,9.222222222222221,39.77777777777778,0.7681564245810056
17253,0,throughput_queueratio,0.9750000000000002,0.8004788507581804,3,0.9168262835860602
17363,0,avg_vehicle_number,11.25,11.25,39.77777777777778,0.7171787709497206
17363,0,throughput_queueratio,0.4499999999999999,0.7069533120510774,3,0.5356511040170258
17467,0,avg_vehicle_number,11.916666666666666,11.916666666666666,39.77777777777778,0.7004189944134078
17467,0,throughput_queueratio,0.875,0.6633080606544293,3,0.8044360202181431
17565,0,avg_vehicle_number,12.13888888888889,12.13888888888889,39.77777777777778,0.6948324022346368
17565,0,throughput_queueratio,0.825,0.6757781324820431,3,0.7752593774940143
17681,0,avg_vehicle_number,11.472222222222221,11.472222222222221,38.504888888888885,0.7020580359204026
17681,0,throughput_queueratio,0.7749999999999998,0.725658419792498,3,0.7585528065974992
17719,0,avg_vehicle_number,10.36111111111111,10.36111111111111,40.096,0.7415924004611155
17719,0,throughput_queueratio,0.925,0.7817737430167597,3,0.87725791433892
17814,0,avg_vehicle_number,10.11111111111111,10.11111111111111,38.82311111111111,0.7395594834691821
17814,0,throughput_queueratio,0.275,0.725658419792498,3,0.42521947326416604
17873,0,avg_vehicle_number,9.166666666666666,9.166666666666666,39.77777777777778,0.7695530726256983
17873,0,throughput_queueratio,0.75,0.7318934557063048,3,0.743964485235435
17983,0,avg_vehicle_number,12.055555555555555,12.055555555555555,39.77777777777778,0.696927374301676
17983,0,throughput_queueratio,0.4499999999999999,0.6633080606544293,3,0.5211026868848098
18027,0,avg_vehicle_number,10.666666666666666,10.666666666666666,39.77777777777778,0.7318435754189945
18027,0,throughput_queueratio,0.875,0.8067138866719872,3,0.8522379622239957
18140,0,avg_vehicle_number,13.36111111111111,13.36111111111111,40.096,0.6667719694954332
18140,0,throughput_queueratio,0.32499999999999996,0.6258978451715881,3,0.4252992817238626
18259,0,avg_vehicle_number,14.75,14.75,40.096,0.632132881085395
18259,0,throughput_queueratio,0.8999999999999998,0.5822525937749401,3,0.7940841979249799
18321,0,avg_vehicle_number,13.333333333333334,13.333333333333334,40.096,0.6674647512636339
18321,0,throughput_queueratio,0.95,0.6196628092577813,3,0.839887603085927
18416,0,avg_vehicle_number,12.61111111111111,12.61111111111111,40.096,0.6854770772368537
18416,0,throughput_queueratio,0.475,0.6820131683958499,3,0.5440043894652833
18523,0,avg_vehicle_number,14.472222222222221,14.472222222222221,39.77777777777778,0.636173184357542
18523,0,throughput_queueratio,0.75,0.6508379888268156,3,0.7169459962756052
18615,0,avg_vehicle_number,13.916666666666666,13.916666666666666,39.77777777777778,0.6501396648044693
18615,0,throughput_queueratio,0.8500000000000002,0.6446029529130087,3,0.7815343176376697
18707,0,avg_vehicle_number,13.722222222222221,13.722222222222221,40.096,0.6577658065088232
18707,0,throughput_queueratio,0.7250000000000001,0.6071927374301676,3,0.6857309124767226
18718,0,avg_vehicle_number,14.0,14.0,39.77777777777778,0.6480446927374302
18718,0,throughput_queueratio,0.7250000000000001,0.6258978451715882,3,0.6919659483905294
18828,0,avg_vehicle_number,15.777777777777779,15.777777777777779,40.096,0.6064999556619668
18828,0,throughput_queueratio,0.05,0.5822525937749401,3,0.22741753125831335
18908,0,avg_vehicle_number,15.277777777777779,15.277777777777779,40.096,0.6189700274895805
18908,0,throughput_queueratio,0.875,0.6196628092577813,3,0.7898876030859271
18949,0,avg_vehicle_number,14.222222222222221,14.222222222222221,39.77777777777778,0.6424581005586593
18949,0,throughput_queueratio,0.625,0.6383679169992018,3,0.6294559723330673
18960,0,avg_vehicle_number,14.277777777777779,14.277777777777779,39.77777777777778,0.6410614525139664
18960,0,throughput_queueratio,0.30000000000000004,0.6446029529130087,3,0.414867650971003
19001,0,avg_vehicle_number,13.083333333333334,13.083333333333334,39.77777777777778,0.6710893854748603
19001,0,throughput_queueratio,0.05,0.6633080606544293,3,0.2544360202181431
19057,0,avg_vehicle_number,13.86111111111111,13.86111111111111,39.77777777777778,0.651536312849162
19057,0,throughput_queueratio,0.30000000000000004,0.6508379888268156,3,0.41694599627560525
19071,0,avg_vehicle_number,13.88888888888889,13.88888888888889,39.77777777777778,0.6508379888268156
19071,0,throughput_queueratio,0.4250000000000001,0.6757781324820431,3,0.5085927108273478
19130,0,avg_vehicle_number,11.61111111111111,11.61111111111111,40.096,0.7104172208920811
19130,0,throughput_queueratio,0.07500000000000001,0.8004788507581804,3,0.31682628358606013
19162,0,avg_vehicle_number,11.833333333333334,11.833333333333334,40.096,0.7048749667464751
19162,0,throughput_queueratio,0.4499999999999999,0.7318934557063048,3,0.5439644852354348
19191,0,avg_vehicle_number,12.61111111111111,12.61111111111111,39.77777777777778,0.6829608938547487
19191,0,throughput_queueratio,0.22499999999999995,0.6633080606544293,3,0.37110268688480974
19244,0,avg_vehicle_number,13.833333333333334,13.833333333333334,40.096,0.6549946794360202
19244,0,throughput_queueratio,0.2,0.6134277733439744,3,0.33780925778132476
19345,0,avg_vehicle_number,11.944444444444445,11.944444444444445,40.096,0.7021038396736721
19345,0,throughput_queueratio,0.4,0.7131883479648842,3,0.5043961159882947
19458,0,avg_vehicle_number,12.944444444444445,12.944444444444445,39.77777777777778,0.6745810055865922
19458,0,throughput_queueratio,0.8,0.6882482043096567,3,0.7627494014365522
19502,0,avg_vehicle_number,12.11111111111111,12.11111111111111,40.096,0.6979471490644675
19502,0,throughput_queueratio,0.8999999999999998,0.6944832402234636,3,0.831494413407821
19552,0,avg_vehicle_number,11.277777777777779,11.277777777777779,40.096,0.7187306021104903
19552,0,throughput_queueratio,0.32499999999999996,0.7069533120510774,3,0.45231777068369244
19671,0,avg_vehicle_number,12.277777777777779,12.277777777777779,39.77777777777778,0.691340782122905
19671,0,throughput_queueratio,0.375,0.7007182761372706,3,0.4835727587124235
19682,0,avg_vehicle_number,12.305555555555555,12.305555555555555,39.77777777777778,0.6906424581005587
19682,0,throughput_queueratio,0.95,0.7007182761372706,3,0.8669060920457569
19711,0,avg_vehicle_number,11.527777777777779,11.527777777777779,40.096,0.7124955661966834
19711,0,throughput_queueratio,0.05,0.7381284916201116,3,0.27937616387337055
19830,0,avg_vehicle_number,14.027777777777779,14.027777777777779,39.77777777777778,0.6473463687150838
19830,0,throughput_queueratio,0.2,0.632132881085395,3,0.34404429369513173
19868,0,avg_vehicle_number,13.694444444444445,13.694444444444445,39.77777777777778,0.6557262569832403
19868,0,throughput_queueratio,0.95,0.6446029529130087,3,0.8482009843043362
19969,0,avg_vehicle_number,12.75,12.75,40.096,0.6820131683958499
19969,0,throughput_queueratio,0.275,0.6508379888268156,3,0.4002793296089386
20052,0,avg_vehicle_number,11.63888888888889,11.63888888888889,39.77777777777778,0.7074022346368716
20052,0,throughput_queueratio,0.8,0.6820131683958499,3,0.7606710561319501
20174,0,avg_vehicle_number,13.416666666666666,13.416666666666666,38.82311111111111,0.6544154684494917
20174,0,throughput_queueratio,0.6499999999999999,0.6757781324820431,3,0.6585927108273476
20227,0,avg_vehicle_number,11.833333333333334,11.833333333333334,39.77777777777778,0.702513966480447
20227,0,throughput_queueratio,0.9750000000000002,0.7443635275339185,3,0.8981211758446396
20280,0,avg_vehicle_number,10.88888888888889,10.88888888888889,38.504888888888885,0.7172076273142804
20280,0,throughput_queueratio,0.4,0.6944832402234636,3,0.49816108007448784
20345,0,avg_vehicle_number,10.63888888888889,10.63888888888889,38.82311111111112,0.725965060903013
20345,0,throughput_queueratio,0.4,0.6882482043096567,3,0.49608273476988557
20419,0,avg_vehicle_number,12.222222222222221,12.222222222222221,40.096,0.6951760219916645
20419,0,throughput_queueratio,0.5,0.6633080606544293,3,0.5544360202181431
20526,0,avg_vehicle_number,11.777777777777779,11.777777777777779,38.8231111111111,0.6966297279970692
20526,0,throughput_queueratio,0.575,0.6757781324820431,3,0.6085927108273477
20591,0,avg_vehicle_number,11.277777777777779,11.277777777777779,40.096,0.7187306021104903
20591,0,throughput_queueratio,0.8500000000000002,0.7318934557063048,3,0.8106311519021018
20704,0,avg_vehicle_number,13.277777777777779,13.277777777777779,39.77777777777778,0.6662011173184357
20704,0,throughput_queueratio,0.5,0.6570730247406225,3,0.5523576749135408
20742,0,avg_vehicle_number,12.166666666666666,12.166666666666666,39.77777777777778,0.6941340782122905
20742,0,throughput_queueratio,0.8999999999999998,0.7131883479648842,3,0.837729449321628
20837,0,avg_vehicle_number,12.527777777777779,12.527777777777779,39.77777777777778,0.6850558659217877
20837,0,throughput_queueratio,0.275,0.6633080606544293,3,0.4044360202181431
20947,0,avg_vehicle_number,14.083333333333334,14.083333333333334,40.096,0.6487596435222134
20947,0,throughput_queueratio,0.75,0.632132881085395,3,0.7107109603617984
21054,0,avg_vehicle_number,14.916666666666666,14.916666666666666,39.77777777777778,0.625
21054,0,throughput_queueratio,0.875,0.6134277733439744,3,0.7878092577813248
21071,0,avg_vehicle_number,14.333333333333334,14.333333333333334,40.096,0.6425246076084065
21071,0,throughput_queueratio,0.8500000000000002,0.6508379888268156,3,0.783612662942272
21127,0,avg_vehicle_number,13.13888888888889,13.13888888888889,39.77777777777778,0.6696927374301676
21127,0,throughput_queueratio,0.1,0.6633080606544293,3,0.2877693535514764
21174,0,avg_vehicle_number,13.083333333333334,13.083333333333334,38.504888888888885,0.6602163073087399
21174,0,throughput_queueratio,0.4250000000000001,0.6695430965682362,3,0.5065143655227454
21245,0,avg_vehicle_number,14.472222222222221,14.472222222222221,38.5048888888889,0.624145851609031
21245,0,throughput_queueratio,0.35,0.6508379888268156,3,0.4502793296089385
21277,0,avg_vehicle_number,13.277777777777779,13.277777777777779,39.77777777777778,0.6662011173184357
21277,0,throughput_queueratio,0.55,0.725658419792498,3,0.6085528065974993
21375,0,avg_vehicle_number,17.13888888888889,17.13888888888889,39.77777777777778,0.5691340782122905
21375,0,throughput_queueratio,0.22499999999999995,0.5573124501197126,3,0.3357708167065709
21443,0,avg_vehicle_number,15.13888888888889,15.13888888888889,38.82311111111111,0.6100547211283085
21443,0,throughput_queueratio,0.7749999999999998,0.6196628092577813,3,0.7232209364192603
21559,0,avg_vehicle_number,16.47222222222222,16.47222222222222,39.77777777777778,0.5858938547486034
21559,0,throughput_queueratio,0.525,0.6009577015163607,3,0.5503192338387869
21675,0,avg_vehicle_number,16.0,16.0,39.77777777777778,0.5977653631284916
21675,0,throughput_queueratio,0.925,0.6383679169992018,3,0.8294559723330673
21779,0,avg_vehicle_number,17.805555555555557,17.805555555555557,39.77777777777778,0.5523743016759777
21779,0,throughput_queueratio,0.925,0.5510774142059058,3,0.8003591380686353
21817,0,avg_vehicle_number,17.47222222222222,17.47222222222222,40.096,0.5642402678017203
21817,0,throughput_queueratio,0.825,0.6570730247406225,3,0.7690243415802075
21894,0,avg_vehicle_number,18.36111111111111,18.36111111111111,39.77777777777778,0.5384078212290503
21894,0,throughput_queueratio,0.275,0.5448423782920988,3,0.3649474594306996
21953,0,avg_vehicle_number,17.25,17.25,40.096,0.5697825219473264
21953,0,throughput_queueratio,0.6000000000000001,0.6446029529130087,3,0.614867650971003
22009,0,avg_vehicle_number,17.47222222222222,17.47222222222222,39.77777777777778,0.5607541899441342
22009,0,throughput_queueratio,0.4499999999999999,0.5448423782920989,3,0.48161412609736626
22098,0,avg_vehicle_number,17.13888888888889,17.13888888888889,40.096,0.5725536490201294
22098,0,throughput_queueratio,0.4250000000000001,0.5635474860335195,3,0.4711824953445065
22175,0,avg_vehicle_number,17.555555555555557,17.555555555555557,39.77777777777778,0.5586592178770949
22175,0,throughput_queueratio,0.7,0.5448423782920989,3,0.6482807927640329
22285,0,avg_vehicle_number,17.47222222222222,17.47222222222222,39.77777777777778,0.5607541899441342
22285,0,throughput_queueratio,0.6000000000000001,0.5510774142059058,3,0.5836924714019687
22338,0,avg_vehicle_number,17.61111111111111,17.61111111111111,39.77777777777778,0.5572625698324023
22338,0,throughput_queueratio,0.875,0.5510774142059058,3,0.7670258047353019
22352,0,avg_vehicle_number,17.444444444444443,17.444444444444443,40.096,0.5649330495699211
22352,0,throughput_queueratio,0.4,0.5635474860335195,3,0.45451582867783985
22429,0,avg_vehicle_number,18.75,18.75,39.77777777777778,0.5286312849162011
22429,0,throughput_queueratio,0.07500000000000001,0.5199022346368715,3,0.22330074487895715
22539,0,avg_vehicle_number,19.944444444444443,19.944444444444443,38.82311111111111,0.48627392618371645
22539,0,throughput_queueratio,0.6000000000000001,0.5136671987230645,3,0.5712223995743549
22661,0,avg_vehicle_number,18.5,18.5,38.504888888888885,0.5195415300798744
22661,0,throughput_queueratio,0.875,0.5573124501197126,3,0.7691041500399042
22711,0,avg_vehicle_number,17.305555555555557,17.305555555555557,40.096,0.5683969584109247
22711,0,throughput_queueratio,0.9750000000000002,0.6508379888268156,3,0.8669459962756054
22818,0,avg_vehicle_number,19.333333333333332,19.333333333333332,39.77777777777778,0.5139664804469274
22818,0,throughput_queueratio,0.375,0.4949620909816439,3,0.41498736366054795
22907,0,avg_vehicle_number,17.25,17.25,39.77777777777778,0.5663407821229051
22907,0,throughput_queueratio,0.8500000000000002,0.538607342378292,3,0.7462024474594308
22918,0,avg_vehicle_number,17.38888888888889,17.38888888888889,40.096,0.5663186131063225
22918,0,throughput_queueratio,0.7,0.5635474860335195,3,0.6545158286778398
23013,0,avg_vehicle_number,18.22222222222222,18.22222222222222,40.096,0.5455351600602998
23013,0,throughput_queueratio,0.05,0.5448423782920989,3,0.21494745943069962
23030,0,avg_vehicle_number,18.61111111111111,18.61111111111111,40.096,0.535836215305489
23030,0,throughput_queueratio,0.75,0.5074321628092577,3,0.6691440542697525
23068,0,avg_vehicle_number,19.055555555555557,19.055555555555557,39.77777777777778,0.520949720670391
23068,0,throughput_queueratio,0.1,0.4513168395849959,3,0.21710561319499866
23079,0,avg_vehicle_number,19.555555555555557,19.555555555555557,40.096,0.512281635186663
23079,0,throughput_queueratio,0.275,0.45755187549880283,3,0.3358506251662676
23120,0,avg_vehicle_number,20.194444444444443,20.194444444444443,39.77777777777778,0.49231843575419
23120,0,throughput_queueratio,0.05,0.5199022346368715,3,0.2066340782122905
23134,0,avg_vehicle_number,20.47222222222222,20.47222222222222,40.096,0.48941983683603796
23134,0,throughput_queueratio,0.30000000000000004,0.46378691141260964,3,0.35459563713753656
23244,0,avg_vehicle_number,25.833333333333332,25.833333333333332,39.77777777777778,0.3505586592178771
23244,0,throughput_queueratio,0.07500000000000001,0.28920590582601746,3,0.1464019686086725
23357,0,avg_vehicle_number,23.61111111111111,23.61111111111111,39.77777777777778,0.40642458100558665
23357,0,throughput_queueratio,0.875,0.41390662410215473,3,0.7213022080340515
23401,0,avg_vehicle_number,22.305555555555557,22.305555555555557,40.096,0.4436962401347875
23401,0,throughput_queueratio,0.8999999999999998,0.5074321628092577,3,0.7691440542697524
23505,0,avg_vehicle_number,23.97222222222222,23.97222222222222,40.096,0.40212933404274187
23505,0,throughput_queueratio,0.32499999999999996,0.42014166001596154,3,0.35671388667198717
23549,0,avg_vehicle_number,23.22222222222222,23.22222222222222,40.096,0.4208344417841624
23549,0,throughput_queueratio,0.825,0.47002194732641656,3,0.7066739824421387
23623,0,avg_vehicle_number,21.88888888888889,21.88888888888889,38.504888888888885,0.43152961817258406
23623,0,throughput_queueratio,0.32499999999999996,0.401436552274541,3,0.35047885075818036
23658,0,avg_vehicle_number,21.38888888888889,21.38888888888889,39.77777777777778,0.4622905027932961
23658,0,throughput_queueratio,0.575,0.494962090981644,3,0.5483206969938813
23750,0,avg_vehicle_number,21.944444444444443,21.944444444444443,39.77777777777778,0.4483240223463688
23750,0,throughput_queueratio,0.25,0.42637669592976846,3,0.3087922319765895
23833,0,avg_vehicle_number,21.88888888888889,21.88888888888889,40.096,0.45408796665779905
23833,0,throughput_queueratio,0.7250000000000001,0.494962090981644,3,0.6483206969938814
23853,0,avg_vehicle_number,21.416666666666668,21.416666666666668,40.096,0.4658652567172119
23853,0,throughput_queueratio,0.6499999999999999,0.4887270550678371,3,0.596242351689279
23969,0,avg_vehicle_number,21.333333333333332,21.333333333333332,40.096,0.4679436020218143
23969,0,throughput_queueratio,0.125,0.4513168395849959,3,0.2337722798616653
24028,0,avg_vehicle_number,22.02777777777778,22.02777777777778,39.77777777777778,0.4462290502793296
24028,0,throughput_queueratio,0.925,0.3889664804469273,3,0.7463221601489757
24045,0,avg_vehicle_number,22.5,22.5,40.096,0.4388467677573822
24045,0,throughput_queueratio,0.4499999999999999,0.38273144453312047,3,0.4275771481777067
24119,0,avg_vehicle_number,22.166666666666668,22.166666666666668,40.096,0.44716014897579137
24119,0,throughput_queueratio,0.1,0.42014166001596154,3,0.20671388667198717
24226,0,avg_vehicle_number,20.63888888888889,20.63888888888889,39.77777777777778,0.4811452513966481
24226,0,throughput_queueratio,0.575,0.4450818036711891,3,0.531693934557063
24300,0,avg_vehicle_number,19.555555555555557,19.555555555555557,39.77777777777778,0.5083798882681564
24300,0,throughput_queueratio,0.8500000000000002,0.4450818036711891,3,0.7150272678903965
24407,0,avg_vehicle_number,18.305555555555557,18.305555555555557,39.77777777777778,0.5398044692737429
24407,0,throughput_queueratio,0.575,0.5261372705506784,3,0.5587124235168928
24445,0,avg_vehicle_number,18.02777777777778,18.02777777777778,40.096,0.5503846324377051
24445,0,throughput_queueratio,0.8500000000000002,0.5822525937749401,3,0.7607508645916469
24465,0,avg_vehicle_number,18.47222222222222,18.47222222222222,40.096,0.5393001241464929
24465,0,throughput_queueratio,0.275,0.5635474860335195,3,0.3711824953445065
24575,0,avg_vehicle_number,22.083333333333332,22.083333333333332,39.77777777777778,0.44483240223463694
24575,0,throughput_queueratio,0.125,0.4326117318435754,3,0.22753724394785846
24589,0,avg_vehicle_number,22.97222222222222,22.97222222222222,39.77777777777778,0.42248603351955305
24589,0,throughput_queueratio,0.875,0.42637669592976846,3,0.7254588986432561
24699,0,avg_vehicle_number,23.72222222222222,23.72222222222222,40.096,0.4083643699565487
24699,0,throughput_queueratio,0.07500000000000001,0.42014166001596154,3,0.1900472200053205
24755,0,avg_vehicle_number,22.0,22.0,40.096,0.4513168395849959
24755,0,throughput_queueratio,0.875,0.494962090981644,3,0.7483206969938814
24859,0,avg_vehicle_number,23.555555555555557,23.555555555555557,40.096,0.4125210605657532
24859,0,throughput_queueratio,0.4250000000000001,0.3453212290502793,3,0.3984404096834265
24903,0,avg_vehicle_number,22.0,22.0,40.096,0.4513168395849959
24903,0,throughput_queueratio,0.825,0.47002194732641656,3,0.7066739824421387
25007,0,avg_vehicle_number,23.22222222222222,23.22222222222222,39.77777777777778,0.4162011173184358
25007,0,throughput_queueratio,0.32499999999999996,0.37026137270550674,3,0.34008712423516885
25081,0,avg_vehicle_number,21.333333333333332,21.333333333333332,40.096,0.4679436020218143
25081,0,throughput_queueratio,0.825,0.4388467677573822,3,0.6962822559191274
25119,0,avg_vehicle_number,20.416666666666668,20.416666666666668,40.096,0.49080540037243936
25119,0,throughput_queueratio,0.575,0.47625698324022336,3,0.5420856610800744
25241,0,avg_vehicle_number,21.52777777777778,21.52777777777778,40.096,0.4630941296444089
25241,0,throughput_queueratio,0.275,0.42014166001596165,3,0.3233805533386539
25285,0,avg_vehicle_number,20.694444444444443,20.694444444444443,40.096,0.4838775826904318
25285,0,throughput_queueratio,0.9750000000000002,0.4450818036711891,3,0.7983606012237298
25317,0,avg_vehicle_number,20.444444444444443,20.444444444444443,40.096,0.4901126186042387
25317,0,throughput_queueratio,0.32499999999999996,0.4887270550678371,3,0.37957568502261235
25388,0,avg_vehicle_number,21.88888888888889,21.88888888888889,39.77777777777778,0.44972067039106145
25388,0,throughput_queueratio,0.22499999999999995,0.3640263367916998,3,0.2713421122638999
25435,0,avg_vehicle_number,22.97222222222222,22.97222222222222,39.77777777777778,0.42248603351955305
25435,0,throughput_queueratio,0.55,0.3640263367916998,3,0.48800877893056666
25455,0,avg_vehicle_number,23.333333333333332,23.333333333333332,40.096,0.4180633147113594
25455,0,throughput_queueratio,0.35,0.3515562649640861,3,0.35051875498802865
25517,0,avg_vehicle_number,24.11111111111111,24.11111111111111,40.096,0.398665425201738
25517,0,throughput_queueratio,0.125,0.3453212290502793,3,0.19844040968342644
25615,0,avg_vehicle_number,24.38888888888889,24.38888888888889,39.77777777777778,0.38687150837988826
25615,0,throughput_queueratio,0.475,0.28297086991221065,3,0.4109902899707369
25686,0,avg_vehicle_number,22.38888888888889,22.38888888888889,40.096,0.4416178948301853
25686,0,throughput_queueratio,0.7749999999999998,0.3889664804469273,3,0.6463221601489756
25754,0,avg_vehicle_number,21.97222222222222,21.97222222222222,40.096,0.4520096213531968
25754,0,throughput_queueratio,0.55,0.401436552274541,3,0.5004788507581804
25795,0,avg_vehicle_number,21.555555555555557,21.555555555555557,40.096,0.4624013478762081
25795,0,throughput_queueratio,0.525,0.401436552274541,3,0.48381218409151366
25836,0,avg_vehicle_number,22.055555555555557,22.055555555555557,40.096,0.4499312760485944
25836,0,throughput_queueratio,0.30000000000000004,0.37026137270550674,3,0.3234204575685023
25901,0,avg_vehicle_number,23.555555555555557,23.555555555555557,40.096,0.4125210605657532
25901,0,throughput_queueratio,0.30000000000000004,0.33908619313647237,3,0.31302873104549084
26014,0,avg_vehicle_number,23.083333333333332,23.083333333333332,40.096,0.4242983506251663
26014,0,throughput_queueratio,0.5,0.2954409417398244,3,0.43181364724660815
26067,0,avg_vehicle_number,21.63888888888889,21.63888888888889,40.096,0.46032300257160585
26067,0,throughput_queueratio,0.8999999999999998,0.4076715881883479,3,0.7358905293961158
26177,0,avg_vehicle_number,23.61111111111111,23.61111111111111,40.096,0.4111354970293517
26177,0,throughput_queueratio,0.4,0.28297086991221054,3,0.3609902899707369
26269,0,avg_vehicle_number,21.666666666666668,21.666666666666668,40.096,0.4596302208034051
26269,0,throughput_queueratio,0.875,0.33285115722266556,3,0.6942837190742219
26370,0,avg_vehicle_number,22.38888888888889,22.38888888888889,40.096,0.4416178948301853
26370,0,throughput_queueratio,0.7250000000000001,0.32038108539505183,3,0.5901270284650173
26456,0,avg_vehicle_number,24.0,24.0,40.096,0.401436552274541
26456,0,throughput_queueratio,0.8,0.3515562649640861,3,0.6505187549880288
26527,0,avg_vehicle_number,24.25,24.25,40.096,0.3952015163607342
26527,0,throughput_queueratio,0.675,0.37649640861931355,3,0.5754988028731045
26592,0,avg_vehicle_number,24.083333333333332,24.083333333333332,40.096,0.39935820696993884
26592,0,throughput_queueratio,0.55,0.26426576217079,3,0.45475525405693
26624,0,avg_vehicle_number,24.38888888888889,24.38888888888889,40.096,0.3917376075197304
26624,0,throughput_queueratio,0.5,0.2705007980845968,3,0.42350026602819896
26737,0,avg_vehicle_number,24.416666666666668,24.416666666666668,39.77777777777778,0.3861731843575419
26737,0,throughput_queueratio,0.22499999999999995,0.2705007980845969,3,0.24016693269486558
26751,0,avg_vehicle_number,23.694444444444443,23.694444444444443,40.096,0.40905715172474943
26751,0,throughput_queueratio,0.8999999999999998,0.3141460494812449,3,0.7047153498270816
26843,0,avg_vehicle_number,22.97222222222222,22.97222222222222,40.096,0.4270694776979693
26843,0,throughput_queueratio,0.07500000000000001,0.32038108539505183,3,0.15679369513168395
26956,0,avg_vehicle_number,25.055555555555557,25.055555555555557,39.77777777777778,0.3701117318435754
26956,0,throughput_queueratio,0.7250000000000001,0.307911013567438,3,0.5859703378558128
27003,0,avg_vehicle_number,24.25,24.25,40.096,0.3952015163607342
27003,0,throughput_queueratio,0.8999999999999998,0.42014166001596165,3,0.7400472200053204
27122,0,avg_vehicle_number,27.13888888888889,27.13888888888889,39.77777777777778,0.3177374301675978
27122,0,throughput_queueratio,0.35,0.32661612130885864,3,0.34220537376961957
27223,0,avg_vehicle_number,27.055555555555557,27.055555555555557,40.096,0.32523055777245713
27223,0,throughput_queueratio,0.95,0.23932561851556255,3,0.7131085395051876
27345,0,avg_vehicle_number,27.194444444444443,27.194444444444443,39.77777777777778,0.31634078212290506
27345,0,throughput_queueratio,0.8,0.27673583399840374,3,0.6255786113328012
27410,0,avg_vehicle_number,26.0,26.0,40.096,0.3515562649640861
27410,0,throughput_queueratio,0.9750000000000002,0.37649640861931355,3,0.7754988028731047
27469,0,avg_vehicle_number,26.0,26.0,40.096,0.3515562649640861
27469,0,throughput_queueratio,0.5,0.42637669592976846,3,0.47545889864325613
27561,0,avg_vehicle_number,28.97222222222222,28.97222222222222,40.096,0.2774286157666046
27561,0,throughput_queueratio,0.4499999999999999,0.2081504389465283,3,0.3693834796488427
27656,0,avg_vehicle_number,27.305555555555557,27.305555555555557,40.096,0.3189955218586502
27656,0,throughput_queueratio,0.7250000000000001,0.22685554668794883,3,0.5589518488959829
27724,0,avg_vehicle_number,25.88888888888889,25.88888888888889,40.096,0.35432739203688923
27724,0,throughput_queueratio,0.75,0.3640263367916998,3,0.6213421122638999
27831,0,avg_vehicle_number,26.52777777777778,26.52777777777778,38.82311111111112,0.3167013920688708
27831,0,throughput_queueratio,0.525,0.3016759776536312,3,0.450558659217877
27854,0,avg_vehicle_number,27.444444444444443,27.444444444444443,40.096,0.31553161301764654
27854,0,throughput_queueratio,0.8500000000000002,0.26426576217079,3,0.6547552540569301
27961,0,avg_vehicle_number,26.555555555555557,26.555555555555557,40.096,0.33770062960007086
27961,0,throughput_queueratio,0.15000000000000002,0.3141460494812449,3,0.20471534982708164
28041,0,avg_vehicle_number,25.36111111111111,25.36111111111111,40.096,0.3674902456327037
28041,0,throughput_queueratio,0.8500000000000002,0.357791300877893,3,0.6859304336259644
28142,0,avg_vehicle_number,25.52777777777778,25.52777777777778,40.096,0.36333355502349907
28142,0,throughput_queueratio,0.625,0.32038108539505183,3,0.5234603617983505
28195,0,avg_vehicle_number,25.02777777777778,25.02777777777778,40.096,0.3758036268511128
28195,0,throughput_queueratio,0.8,0.3640263367916998,3,0.6546754455972333
28242,0,avg_vehicle_number,24.25,24.25,40.096,0.3952015163607342
28242,0,throughput_queueratio,0.4,0.3952015163607342,3,0.398400505453578
28295,0,avg_vehicle_number,24.083333333333332,24.083333333333332,40.096,0.39935820696993884
28295,0,throughput_queueratio,0.35,0.3952015163607342,3,0.3650671721202447
28315,0,avg_vehicle_number,24.444444444444443,24.444444444444443,40.096,0.3903520439833289
28315,0,throughput_queueratio,0.4,0.3515562649640861,3,0.38385208832136203
28425,0,avg_vehicle_number,26.47222222222222,26.47222222222222,40.096,0.33977897490467324
28425,0,throughput_queueratio,0.125,0.2705007980845968,3,0.17350026602819893
28511,0,avg_vehicle_number,23.305555555555557,23.305555555555557,40.096,0.41875609647956
28511,0,throughput_queueratio,0.875,0.38273144453312047,3,0.7109104815110401
28624,0,avg_vehicle_number,22.166666666666668,22.166666666666668,40.096,0.44716014897579137
28624,0,throughput_queueratio,0.675,0.37026137270550674,3,0.5734204575685022
28725,0,avg_vehicle_number,21.805555555555557,21.805555555555557,40.096,0.4561663119624013
28725,0,throughput_queueratio,0.8999999999999998,0.4513168395849959,3,0.7504389465283318
28802,0,avg_vehicle_number,22.055555555555557,22.055555555555557,40.096,0.4499312760485944
28802,0,throughput_queueratio,0.8,0.47002194732641644,3,0.6900073157754721
28864,0,avg_vehicle_number,22.97222222222222,22.97222222222222,40.096,0.4270694776979693
28864,0,throughput_queueratio,0.6000000000000001,0.3889664804469273,3,0.5296554934823091
28926,0,avg_vehicle_number,21.36111111111111,21.36111111111111,40.096,0.46725082025361353
28926,0,throughput_queueratio,0.475,0.45755187549880283,3,0.46918395849960093
29039,0,avg_vehicle_number,21.916666666666668,21.916666666666668,39.77777777777778,0.4490223463687151
29039,0,throughput_queueratio,0.475,0.41390662410215473,3,0.4546355413673849
29083,0,avg_vehicle_number,20.47222222222222,20.47222222222222,40.096,0.48941983683603796
29083,0,throughput_queueratio,0.8999999999999998,0.5136671987230645,3,0.7712223995743548
29121,0,avg_vehicle_number,20.11111111111111,20.11111111111111,38.504888888888885,0.4776998014682118
29121,0,throughput_queueratio,0.32499999999999996,0.4388467677573822,3,0.36294892258579403
29192,0,avg_vehicle_number,17.77777777777778,17.77777777777778,38.504888888888885,0.538298167043723
29192,0,throughput_queueratio,0.275,0.5822525937749401,3,0.3774175312583134
29227,0,avg_vehicle_number,16.555555555555557,16.555555555555557,38.504888888888885,0.5700401680594671
29227,0,throughput_queueratio,0.55,0.5822525937749401,3,0.5607508645916467
29310,0,avg_vehicle_number,14.444444444444445,14.444444444444445,35.64088888888889,0.5947226656025539
29310,0,throughput_queueratio,0.25,0.5261372705506783,3,0.34204575685022603
29405,0,avg_vehicle_number,15.444444444444445,15.444444444444445,34.367999999999995,0.5506155596937718
29405,0,throughput_queueratio,0.6499999999999999,0.5261372705506784,3,0.6087124235168927
29419,0,avg_vehicle_number,14.555555555555555,14.555555555555555,34.367999999999995,0.576479412373267
29419,0,throughput_queueratio,0.75,0.5822525937749401,3,0.69408419792498
29439,0,avg_vehicle_number,12.666666666666666,12.666666666666666,34.367999999999995,0.6314400993171942
29439,0,throughput_queueratio,0.07500000000000001,0.6882482043096567,3,0.2794160681032189
29552,0,avg_vehicle_number,14.11111111111111,14.11111111111111,34.367999999999995,0.5894113387130147
29552,0,throughput_queueratio,0.125,0.5822525937749401,3,0.27741753125831337
29578,0,avg_vehicle_number,14.11111111111111,14.11111111111111,34.367999999999995,0.5894113387130147
29578,0,throughput_queueratio,0.8999999999999998,0.5822525937749401,3,0.7940841979249799
29700,0,avg_vehicle_number,6.75,6.75,34.367999999999995,0.8035963687150838
29700,0,throughput_queueratio,0.175,0.8067138866719872,3,0.3855712955573291
29801,0,avg_vehicle_number,3.3333333333333335,3.3333333333333335,31.504000000000005,0.8941933299475199
29801,0,throughput_queueratio,0.9750000000000002,0.9127094972067039,3,0.9542364990689015
29911,0,avg_vehicle_number,3.3333333333333335,3.3333333333333335,31.504000000000005,0.8941933299475199
29911,0,throughput_queueratio,0.8,0.9127094972067039,3,0.8375698324022346
29982,0,avg_vehicle_number,3.3333333333333335,3.3333333333333335,31.504000000000005,0.8941933299475199
29982,0,throughput_queueratio,0.875,0.9127094972067039,3,0.8875698324022346
