step,tl_id,max_length
0,0,0
1,0,0
2,0,0
3,0,0
4,0,0
5,0,0
6,0,0
7,0,0
8,0,0
9,0,0
10,0,1
11,0,1
12,0,0
13,0,0
14,0,0
15,0,0
16,0,0
17,0,0
18,0,0
19,0,0
20,0,0
21,0,0
22,0,1
23,0,1
24,0,1
25,0,1
26,0,1
27,0,1
28,0,2
29,0,2
30,0,2
31,0,2
32,0,2
33,0,2
34,0,3
35,0,3
36,0,3
37,0,3
38,0,3
39,0,3
40,0,4
41,0,4
42,0,4
43,0,4
44,0,4
45,0,4
46,0,4
47,0,4
48,0,4
49,0,4
50,0,4
51,0,4
52,0,4
53,0,4
54,0,4
55,0,4
56,0,4
57,0,4
58,0,4
59,0,4
60,0,4
61,0,4
62,0,4
63,0,5
64,0,5
65,0,5
66,0,5
67,0,6
68,0,6
69,0,6
70,0,6
71,0,6
72,0,6
73,0,6
74,0,6
75,0,6
76,0,6
77,0,6
78,0,6
79,0,6
80,0,6
81,0,6
82,0,6
83,0,6
84,0,6
85,0,5
86,0,5
87,0,5
88,0,5
89,0,5
90,0,5
91,0,5
92,0,6
93,0,6
94,0,6
95,0,6
96,0,6
97,0,6
98,0,6
99,0,6
100,0,6
101,0,6
102,0,6
103,0,6
104,0,6
105,0,6
106,0,6
107,0,6
108,0,6
109,0,6
110,0,6
111,0,7
112,0,7
113,0,7
114,0,7
115,0,7
116,0,7
117,0,7
118,0,7
119,0,7
120,0,7
121,0,7
122,0,7
123,0,7
124,0,7
125,0,7
126,0,7
127,0,7
128,0,8
129,0,7
130,0,8
131,0,8
132,0,8
133,0,8
134,0,8
135,0,8
136,0,8
137,0,8
138,0,8
139,0,8
140,0,8
141,0,8
142,0,8
143,0,8
144,0,8
145,0,8
146,0,8
147,0,8
148,0,8
149,0,8
150,0,8
151,0,8
152,0,8
153,0,8
154,0,8
155,0,8
156,0,8
157,0,9
158,0,9
159,0,8
160,0,8
161,0,7
162,0,7
163,0,8
164,0,8
165,0,8
166,0,9
167,0,9
168,0,10
169,0,10
170,0,10
171,0,10
172,0,10
173,0,11
174,0,11
175,0,11
176,0,11
177,0,11
178,0,11
179,0,11
180,0,11
181,0,11
182,0,11
183,0,11
184,0,11
185,0,11
186,0,11
187,0,11
188,0,11
189,0,11
190,0,11
191,0,11
192,0,11
193,0,11
194,0,11
195,0,11
196,0,11
197,0,11
198,0,11
199,0,11
200,0,11
201,0,11
202,0,11
203,0,11
204,0,11
205,0,11
206,0,11
207,0,11
208,0,11
209,0,11
210,0,11
211,0,11
212,0,11
213,0,11
214,0,11
215,0,11
216,0,11
217,0,11
218,0,11
219,0,11
220,0,12
221,0,12
222,0,12
223,0,12
224,0,12
225,0,12
226,0,12
227,0,12
228,0,12
229,0,13
230,0,13
231,0,13
232,0,14
233,0,14
234,0,14
235,0,14
236,0,14
237,0,14
238,0,14
239,0,14
240,0,14
241,0,14
242,0,14
243,0,14
244,0,14
245,0,14
246,0,14
247,0,14
248,0,14
249,0,14
250,0,14
251,0,14
252,0,14
253,0,14
254,0,14
255,0,15
256,0,15
257,0,15
258,0,15
259,0,15
260,0,14
261,0,14
262,0,13
263,0,12
264,0,12
265,0,12
266,0,12
267,0,12
268,0,12
269,0,12
270,0,12
271,0,12
272,0,13
273,0,13
274,0,13
275,0,13
276,0,13
277,0,13
278,0,13
279,0,13
280,0,13
281,0,14
282,0,14
283,0,14
284,0,14
285,0,14
286,0,14
287,0,14
288,0,14
289,0,14
290,0,14
291,0,14
292,0,14
293,0,14
294,0,14
295,0,14
296,0,14
297,0,14
298,0,14
299,0,14
300,0,14
301,0,14
302,0,14
303,0,14
304,0,13
305,0,13
306,0,13
307,0,12
308,0,11
309,0,10
310,0,10
311,0,9
312,0,9
313,0,9
314,0,10
315,0,10
316,0,10
317,0,10
318,0,10
319,0,10
320,0,10
321,0,10
322,0,10
323,0,10
324,0,10
325,0,10
326,0,10
327,0,10
328,0,10
329,0,10
330,0,10
331,0,10
332,0,10
333,0,10
334,0,10
335,0,10
336,0,10
337,0,10
338,0,11
339,0,11
340,0,11
341,0,11
342,0,11
343,0,11
344,0,11
345,0,11
346,0,11
347,0,11
348,0,11
349,0,11
350,0,11
351,0,11
352,0,11
353,0,11
354,0,11
355,0,11
356,0,11
357,0,11
358,0,11
359,0,11
360,0,11
361,0,11
362,0,11
363,0,11
364,0,11
365,0,11
366,0,11
367,0,11
368,0,11
369,0,11
370,0,11
371,0,11
372,0,11
373,0,11
374,0,11
375,0,11
376,0,11
377,0,11
378,0,11
379,0,11
380,0,11
381,0,11
382,0,11
383,0,11
384,0,11
385,0,11
386,0,11
387,0,12
388,0,12
389,0,12
390,0,12
391,0,12
392,0,13
393,0,13
394,0,13
395,0,13
396,0,13
397,0,13
398,0,13
399,0,13
400,0,13
401,0,13
402,0,13
403,0,13
404,0,13
405,0,13
406,0,13
407,0,13
408,0,13
409,0,13
410,0,13
411,0,13
412,0,13
413,0,13
414,0,12
415,0,12
416,0,11
417,0,12
418,0,12
419,0,12
420,0,12
421,0,12
422,0,12
423,0,12
424,0,12
425,0,12
426,0,12
427,0,12
428,0,12
429,0,12
430,0,12
431,0,12
432,0,12
433,0,12
434,0,12
435,0,13
436,0,12
437,0,12
438,0,12
439,0,12
440,0,12
441,0,13
442,0,13
443,0,13
444,0,13
445,0,13
446,0,14
447,0,15
448,0,15
449,0,16
450,0,16
451,0,16
452,0,16
453,0,16
454,0,16
455,0,16
456,0,16
457,0,17
458,0,17
459,0,17
460,0,17
461,0,17
462,0,17
463,0,18
464,0,18
465,0,18
466,0,17
467,0,17
468,0,17
469,0,17
470,0,17
471,0,17
472,0,17
473,0,17
474,0,17
475,0,17
476,0,17
477,0,17
478,0,17
479,0,17
480,0,17
481,0,17
482,0,17
483,0,17
484,0,17
485,0,17
486,0,18
487,0,18
488,0,18
489,0,18
490,0,18
491,0,18
492,0,18
493,0,19
494,0,19
495,0,19
496,0,19
497,0,19
498,0,19
499,0,19
500,0,19
501,0,19
502,0,19
503,0,19
504,0,19
505,0,19
506,0,19
507,0,19
508,0,19
509,0,19
510,0,20
511,0,20
512,0,20
513,0,20
514,0,20
515,0,20
516,0,20
517,0,20
518,0,20
519,0,20
520,0,20
521,0,20
522,0,20
523,0,21
524,0,21
525,0,21
526,0,21
527,0,21
528,0,21
529,0,21
530,0,21
531,0,21
532,0,21
533,0,21
534,0,21
535,0,21
536,0,21
537,0,21
538,0,21
539,0,21
540,0,21
541,0,21
542,0,21
543,0,21
544,0,21
545,0,21
546,0,21
547,0,22
548,0,22
549,0,22
550,0,22
551,0,22
552,0,22
553,0,22
554,0,22
555,0,22
556,0,22
557,0,22
558,0,22
559,0,22
560,0,22
561,0,22
562,0,22
563,0,22
564,0,22
565,0,22
566,0,22
567,0,22
568,0,22
569,0,22
570,0,22
571,0,22
572,0,22
573,0,22
574,0,22
575,0,22
576,0,22
577,0,22
578,0,22
579,0,22
580,0,22
581,0,22
582,0,22
583,0,22
584,0,22
585,0,22
586,0,22
587,0,22
588,0,22
589,0,22
590,0,22
591,0,22
592,0,22
593,0,22
594,0,22
595,0,22
596,0,22
597,0,22
598,0,22
599,0,22
600,0,22
601,0,21
602,0,20
603,0,20
604,0,21
605,0,21
606,0,21
607,0,21
608,0,21
609,0,21
610,0,21
611,0,21
612,0,21
613,0,21
614,0,21
615,0,21
616,0,21
617,0,23
618,0,22
619,0,22
620,0,22
621,0,23
622,0,23
623,0,22
624,0,23
625,0,22
626,0,22
627,0,22
628,0,21
629,0,22
630,0,21
631,0,20
632,0,19
633,0,18
634,0,17
635,0,16
636,0,16
637,0,15
638,0,15
639,0,14
640,0,14
641,0,13
642,0,12
643,0,12
644,0,12
645,0,12
646,0,12
647,0,12
648,0,12
649,0,12
650,0,13
651,0,13
652,0,13
653,0,13
654,0,13
655,0,13
656,0,13
657,0,13
658,0,13
659,0,13
660,0,13
661,0,13
662,0,13
663,0,14
664,0,14
665,0,14
666,0,14
667,0,14
668,0,14
669,0,14
670,0,14
671,0,14
672,0,14
673,0,14
674,0,14
675,0,14
676,0,14
677,0,14
678,0,14
679,0,14
680,0,14
681,0,15
682,0,14
683,0,14
684,0,14
685,0,14
686,0,15
687,0,15
688,0,15
689,0,15
690,0,15
691,0,15
692,0,15
693,0,15
694,0,15
695,0,15
696,0,15
697,0,15
698,0,15
699,0,15
700,0,15
701,0,15
702,0,15
703,0,16
704,0,16
705,0,16
706,0,17
707,0,17
708,0,16
709,0,16
710,0,15
711,0,14
712,0,13
713,0,13
714,0,12
715,0,12
716,0,12
717,0,12
718,0,12
719,0,12
720,0,12
721,0,12
722,0,12
723,0,12
724,0,12
725,0,12
726,0,13
727,0,13
728,0,12
729,0,12
730,0,11
731,0,10
732,0,9
733,0,8
734,0,9
735,0,9
736,0,10
737,0,11
738,0,11
739,0,11
740,0,11
741,0,11
742,0,11
743,0,11
744,0,11
745,0,11
746,0,11
747,0,11
748,0,11
749,0,11
750,0,11
751,0,11
752,0,11
753,0,11
754,0,11
755,0,11
756,0,11
757,0,11
758,0,11
759,0,11
760,0,11
761,0,11
762,0,11
763,0,11
764,0,11
765,0,11
766,0,11
767,0,11
768,0,11
769,0,11
770,0,11
771,0,11
772,0,12
773,0,12
774,0,12
775,0,13
776,0,12
777,0,12
778,0,13
779,0,13
780,0,13
781,0,13
782,0,13
783,0,14
784,0,14
785,0,14
786,0,14
787,0,14
788,0,14
789,0,14
790,0,14
791,0,14
792,0,14
793,0,14
794,0,14
795,0,14
796,0,14
797,0,14
798,0,14
799,0,14
800,0,14
801,0,14
802,0,14
803,0,14
804,0,14
805,0,14
806,0,14
807,0,14
808,0,15
809,0,15
810,0,15
811,0,15
812,0,15
813,0,15
814,0,15
815,0,15
816,0,15
817,0,15
818,0,15
819,0,15
820,0,15
821,0,15
822,0,15
823,0,15
824,0,15
825,0,15
826,0,15
827,0,15
828,0,15
829,0,15
830,0,15
831,0,15
832,0,15
833,0,15
834,0,15
835,0,15
836,0,15
837,0,15
838,0,15
839,0,15
840,0,15
841,0,15
842,0,15
843,0,15
844,0,15
845,0,15
846,0,15
847,0,15
848,0,15
849,0,15
850,0,15
851,0,15
852,0,15
853,0,15
854,0,15
855,0,15
856,0,15
857,0,15
858,0,15
859,0,15
860,0,16
861,0,16
862,0,16
863,0,16
864,0,16
865,0,16
866,0,16
867,0,16
868,0,16
869,0,16
870,0,16
871,0,16
872,0,16
873,0,16
874,0,16
875,0,16
876,0,16
877,0,16
878,0,16
879,0,16
880,0,16
881,0,16
882,0,17
883,0,17
884,0,17
885,0,17
886,0,17
887,0,17
888,0,18
889,0,18
890,0,18
891,0,18
892,0,18
893,0,18
894,0,18
895,0,18
896,0,18
897,0,18
898,0,18
899,0,18
900,0,18
901,0,18
902,0,18
903,0,18
904,0,18
905,0,18
906,0,18
907,0,18
908,0,18
909,0,18
910,0,18
911,0,19
912,0,19
913,0,19
914,0,19
915,0,19
916,0,19
917,0,19
918,0,19
919,0,19
920,0,19
921,0,19
922,0,19
923,0,19
924,0,19
925,0,19
926,0,20
927,0,20
928,0,20
929,0,20
930,0,20
931,0,20
932,0,20
933,0,20
934,0,20
935,0,20
936,0,20
937,0,20
938,0,20
939,0,20
940,0,20
941,0,20
942,0,20
943,0,20
944,0,20
945,0,20
946,0,20
947,0,20
948,0,20
949,0,20
950,0,20
951,0,20
952,0,20
953,0,20
954,0,20
955,0,20
956,0,20
957,0,20
958,0,20
959,0,20
960,0,21
961,0,21
962,0,21
963,0,21
964,0,21
965,0,21
966,0,21
967,0,21
968,0,21
969,0,21
970,0,21
971,0,21
972,0,21
973,0,21
974,0,21
975,0,21
976,0,21
977,0,21
978,0,21
979,0,21
980,0,20
981,0,20
982,0,19
983,0,18
984,0,17
985,0,16
986,0,16
987,0,15
988,0,15
989,0,14
990,0,13
991,0,12
992,0,12
993,0,12
994,0,12
995,0,12
996,0,12
997,0,12
998,0,12
999,0,12
1000,0,13
1001,0,13
1002,0,14
1003,0,14
1004,0,14
1005,0,14
1006,0,14
1007,0,14
1008,0,14
1009,0,14
1010,0,14
1011,0,14
1012,0,14
1013,0,14
1014,0,15
1015,0,15
1016,0,15
1017,0,15
1018,0,15
1019,0,15
1020,0,15
1021,0,15
1022,0,15
1023,0,15
1024,0,15
1025,0,15
1026,0,15
1027,0,15
1028,0,15
1029,0,15
1030,0,15
1031,0,15
1032,0,15
1033,0,15
1034,0,15
1035,0,15
1036,0,15
1037,0,16
1038,0,16
1039,0,16
1040,0,16
1041,0,16
1042,0,16
1043,0,16
1044,0,16
1045,0,16
1046,0,16
1047,0,16
1048,0,16
1049,0,16
1050,0,16
1051,0,16
1052,0,16
1053,0,16
1054,0,16
1055,0,16
1056,0,16
1057,0,17
1058,0,17
1059,0,18
1060,0,18
1061,0,18
1062,0,18
1063,0,18
1064,0,18
1065,0,18
1066,0,18
1067,0,18
1068,0,18
1069,0,18
1070,0,18
1071,0,18
1072,0,18
1073,0,18
1074,0,18
1075,0,18
1076,0,18
1077,0,18
1078,0,17
1079,0,17
1080,0,16
1081,0,15
1082,0,15
1083,0,14
1084,0,13
1085,0,12
1086,0,12
1087,0,12
1088,0,12
1089,0,12
1090,0,12
1091,0,12
1092,0,12
1093,0,12
1094,0,12
1095,0,12
1096,0,12
1097,0,12
1098,0,12
1099,0,12
1100,0,12
1101,0,12
1102,0,12
1103,0,12
1104,0,12
1105,0,12
1106,0,12
1107,0,12
1108,0,12
1109,0,12
1110,0,12
1111,0,12
1112,0,12
1113,0,12
1114,0,12
1115,0,12
1116,0,12
1117,0,12
1118,0,12
1119,0,12
1120,0,12
1121,0,12
1122,0,12
1123,0,12
1124,0,12
1125,0,12
1126,0,13
1127,0,13
1128,0,13
1129,0,13
1130,0,13
1131,0,13
1132,0,13
1133,0,13
1134,0,13
1135,0,13
1136,0,13
1137,0,13
1138,0,13
1139,0,13
1140,0,14
1141,0,14
1142,0,14
1143,0,14
1144,0,14
1145,0,14
1146,0,14
1147,0,14
1148,0,14
1149,0,14
1150,0,14
1151,0,14
1152,0,14
1153,0,14
1154,0,14
1155,0,14
1156,0,14
1157,0,14
1158,0,14
1159,0,14
1160,0,14
1161,0,15
1162,0,15
1163,0,15
1164,0,15
1165,0,16
1166,0,16
1167,0,16
1168,0,16
1169,0,16
1170,0,16
1171,0,17
1172,0,17
1173,0,17
1174,0,17
1175,0,17
1176,0,17
1177,0,17
1178,0,17
1179,0,17
1180,0,17
1181,0,17
1182,0,17
1183,0,17
1184,0,17
1185,0,16
1186,0,16
1187,0,15
1188,0,14
1189,0,14
1190,0,13
1191,0,12
1192,0,11
1193,0,10
1194,0,9
1195,0,9
1196,0,9
1197,0,9
1198,0,9
1199,0,9
1200,0,10
1201,0,10
1202,0,10
1203,0,10
1204,0,10
1205,0,10
1206,0,10
1207,0,10
1208,0,10
1209,0,10
1210,0,10
1211,0,10
1212,0,10
1213,0,10
1214,0,10
1215,0,10
1216,0,10
1217,0,10
1218,0,10
1219,0,10
1220,0,10
1221,0,11
1222,0,11
1223,0,11
1224,0,11
1225,0,11
1226,0,11
1227,0,11
1228,0,11
1229,0,11
1230,0,11
1231,0,11
1232,0,11
1233,0,11
1234,0,11
1235,0,11
1236,0,11
1237,0,11
1238,0,11
1239,0,11
1240,0,11
1241,0,11
1242,0,11
1243,0,11
1244,0,11
1245,0,12
1246,0,12
1247,0,12
1248,0,12
1249,0,12
1250,0,12
1251,0,12
1252,0,12
1253,0,12
1254,0,13
1255,0,13
1256,0,13
1257,0,13
1258,0,13
1259,0,13
1260,0,13
1261,0,13
1262,0,13
1263,0,13
1264,0,13
1265,0,13
1266,0,13
1267,0,13
1268,0,13
1269,0,13
1270,0,13
1271,0,13
1272,0,13
1273,0,13
1274,0,13
1275,0,14
1276,0,14
1277,0,14
1278,0,15
1279,0,15
1280,0,15
1281,0,15
1282,0,15
1283,0,15
1284,0,15
1285,0,15
1286,0,14
1287,0,14
1288,0,14
1289,0,14
1290,0,14
1291,0,15
1292,0,15
1293,0,16
1294,0,16
1295,0,16
1296,0,16
1297,0,16
1298,0,17
1299,0,17
1300,0,18
1301,0,18
1302,0,18
1303,0,19
1304,0,19
1305,0,19
1306,0,19
1307,0,19
1308,0,19
1309,0,19
1310,0,19
1311,0,19
1312,0,19
1313,0,19
1314,0,19
1315,0,19
1316,0,19
1317,0,19
1318,0,19
1319,0,19
1320,0,19
1321,0,19
1322,0,19
1323,0,19
1324,0,19
1325,0,19
1326,0,19
1327,0,19
1328,0,20
1329,0,20
1330,0,20
1331,0,20
1332,0,20
1333,0,20
1334,0,20
1335,0,20
1336,0,20
1337,0,20
1338,0,20
1339,0,20
1340,0,20
1341,0,20
1342,0,20
1343,0,20
1344,0,20
1345,0,20
1346,0,20
1347,0,20
1348,0,20
1349,0,20
1350,0,20
1351,0,20
1352,0,20
1353,0,20
1354,0,20
1355,0,20
1356,0,20
1357,0,20
1358,0,20
1359,0,20
1360,0,20
1361,0,20
1362,0,20
1363,0,20
1364,0,20
1365,0,20
1366,0,20
1367,0,20
1368,0,21
1369,0,21
1370,0,22
1371,0,22
1372,0,22
1373,0,22
1374,0,23
1375,0,23
1376,0,23
1377,0,23
1378,0,23
1379,0,23
1380,0,22
1381,0,21
1382,0,21
1383,0,20
1384,0,19
1385,0,18
1386,0,18
1387,0,17
1388,0,17
1389,0,16
1390,0,15
1391,0,14
1392,0,13
1393,0,13
1394,0,13
1395,0,13
1396,0,13
1397,0,13
1398,0,13
1399,0,13
1400,0,13
1401,0,12
1402,0,12
1403,0,11
1404,0,10
1405,0,10
1406,0,10
1407,0,11
1408,0,10
1409,0,10
1410,0,11
1411,0,12
1412,0,12
1413,0,12
1414,0,13
1415,0,14
1416,0,16
1417,0,17
1418,0,18
1419,0,19
1420,0,19
1421,0,19
1422,0,20
1423,0,21
1424,0,21
1425,0,21
1426,0,21
1427,0,21
1428,0,21
1429,0,21
1430,0,21
1431,0,21
1432,0,21
1433,0,21
1434,0,21
1435,0,21
1436,0,21
1437,0,21
1438,0,21
1439,0,21
1440,0,21
1441,0,21
1442,0,21
1443,0,21
1444,0,21
1445,0,21
1446,0,21
1447,0,21
1448,0,21
1449,0,21
1450,0,21
1451,0,22
1452,0,22
1453,0,22
1454,0,22
1455,0,22
1456,0,22
1457,0,22
1458,0,22
1459,0,22
1460,0,22
1461,0,22
1462,0,23
1463,0,23
1464,0,23
1465,0,23
1466,0,23
1467,0,23
1468,0,23
1469,0,23
1470,0,23
1471,0,23
1472,0,23
1473,0,23
1474,0,23
1475,0,23
1476,0,24
1477,0,24
1478,0,24
1479,0,24
1480,0,24
1481,0,24
1482,0,24
1483,0,24
1484,0,24
1485,0,24
1486,0,24
1487,0,24
1488,0,24
1489,0,24
1490,0,24
1491,0,25
1492,0,25
1493,0,25
1494,0,25
1495,0,25
1496,0,25
1497,0,25
1498,0,26
1499,0,26
1500,0,26
1501,0,26
1502,0,26
1503,0,26
1504,0,26
1505,0,26
1506,0,26
1507,0,26
1508,0,26
1509,0,26
1510,0,26
1511,0,26
1512,0,26
1513,0,26
1514,0,26
1515,0,26
1516,0,26
1517,0,26
1518,0,26
1519,0,26
1520,0,26
1521,0,26
1522,0,26
1523,0,26
1524,0,26
1525,0,26
1526,0,26
1527,0,26
1528,0,26
1529,0,26
1530,0,26
1531,0,26
1532,0,26
1533,0,26
1534,0,26
1535,0,26
1536,0,26
1537,0,26
1538,0,26
1539,0,26
1540,0,26
1541,0,26
1542,0,26
1543,0,26
1544,0,26
1545,0,26
1546,0,26
1547,0,26
1548,0,26
1549,0,26
1550,0,26
1551,0,26
1552,0,26
1553,0,26
1554,0,26
1555,0,26
1556,0,26
1557,0,26
1558,0,26
1559,0,26
1560,0,26
1561,0,26
1562,0,26
1563,0,26
1564,0,26
1565,0,26
1566,0,26
1567,0,26
1568,0,26
1569,0,26
1570,0,26
1571,0,26
1572,0,26
1573,0,26
1574,0,27
1575,0,27
1576,0,27
1577,0,27
1578,0,27
1579,0,27
1580,0,27
1581,0,27
1582,0,27
1583,0,27
1584,0,27
1585,0,27
1586,0,27
1587,0,27
1588,0,27
1589,0,27
1590,0,27
1591,0,27
1592,0,27
1593,0,27
1594,0,27
1595,0,27
1596,0,26
1597,0,26
1598,0,25
1599,0,24
1600,0,23
1601,0,22
1602,0,21
1603,0,21
1604,0,20
1605,0,19
1606,0,18
1607,0,17
1608,0,16
1609,0,16
1610,0,15
1611,0,14
1612,0,13
1613,0,12
1614,0,11
1615,0,10
1616,0,10
1617,0,10
1618,0,10
1619,0,10
1620,0,11
1621,0,11
1622,0,11
1623,0,11
1624,0,11
1625,0,11
1626,0,11
1627,0,11
1628,0,11
1629,0,12
1630,0,12
1631,0,11
1632,0,11
1633,0,10
1634,0,10
1635,0,9
1636,0,8
1637,0,8
1638,0,7
1639,0,7
1640,0,8
1641,0,9
1642,0,10
1643,0,11
1644,0,11
1645,0,13
1646,0,13
1647,0,15
1648,0,15
1649,0,15
1650,0,15
1651,0,15
1652,0,15
1653,0,15
1654,0,15
1655,0,15
1656,0,15
1657,0,15
1658,0,15
1659,0,15
1660,0,15
1661,0,15
1662,0,15
1663,0,15
1664,0,15
1665,0,15
1666,0,15
1667,0,15
1668,0,15
1669,0,15
1670,0,15
1671,0,15
1672,0,15
1673,0,15
1674,0,15
1675,0,16
1676,0,16
1677,0,16
1678,0,16
1679,0,16
1680,0,16
1681,0,16
1682,0,16
1683,0,16
1684,0,17
1685,0,17
1686,0,18
1687,0,18
1688,0,18
1689,0,19
1690,0,19
1691,0,19
1692,0,19
1693,0,19
1694,0,19
1695,0,19
1696,0,19
1697,0,19
1698,0,19
1699,0,20
1700,0,20
1701,0,20
1702,0,20
1703,0,20
1704,0,20
1705,0,20
1706,0,20
1707,0,20
1708,0,20
1709,0,20
1710,0,20
1711,0,20
1712,0,20
1713,0,20
1714,0,20
1715,0,20
1716,0,20
1717,0,20
1718,0,20
1719,0,20
1720,0,20
1721,0,20
1722,0,20
1723,0,20
1724,0,20
1725,0,20
1726,0,20
1727,0,20
1728,0,20
1729,0,20
1730,0,20
1731,0,20
1732,0,20
1733,0,20
1734,0,20
1735,0,20
1736,0,20
1737,0,20
1738,0,20
1739,0,20
1740,0,20
1741,0,20
1742,0,20
1743,0,21
1744,0,21
1745,0,21
1746,0,21
1747,0,21
1748,0,21
1749,0,21
1750,0,21
1751,0,21
1752,0,21
1753,0,21
1754,0,21
1755,0,21
1756,0,21
1757,0,21
1758,0,21
1759,0,21
1760,0,21
1761,0,21
1762,0,21
1763,0,21
1764,0,22
1765,0,22
1766,0,22
1767,0,22
1768,0,22
1769,0,22
1770,0,22
1771,0,22
1772,0,22
1773,0,22
1774,0,22
1775,0,22
1776,0,22
1777,0,23
1778,0,23
1779,0,23
1780,0,23
1781,0,23
1782,0,23
1783,0,23
1784,0,23
1785,0,23
1786,0,23
1787,0,23
1788,0,23
1789,0,23
1790,0,23
1791,0,23
1792,0,23
1793,0,23
1794,0,23
1795,0,23
1796,0,23
1797,0,23
1798,0,23
1799,0,23
1800,0,23
1801,0,23
1802,0,23
1803,0,23
1804,0,23
1805,0,23
1806,0,23
1807,0,23
1808,0,23
1809,0,23
1810,0,23
1811,0,23
1812,0,23
1813,0,23
1814,0,23
1815,0,23
1816,0,23
1817,0,23
1818,0,23
1819,0,23
1820,0,23
1821,0,23
1822,0,23
1823,0,23
1824,0,23
1825,0,23
1826,0,23
1827,0,23
1828,0,23
1829,0,23
1830,0,23
1831,0,23
1832,0,23
1833,0,23
1834,0,23
1835,0,23
1836,0,23
1837,0,23
1838,0,23
1839,0,23
1840,0,23
1841,0,23
1842,0,23
1843,0,23
1844,0,23
1845,0,23
1846,0,23
1847,0,23
1848,0,23
1849,0,24
1850,0,23
1851,0,23
1852,0,22
1853,0,22
1854,0,22
1855,0,21
1856,0,20
1857,0,19
1858,0,19
1859,0,19
1860,0,19
1861,0,18
1862,0,18
1863,0,18
1864,0,18
1865,0,18
1866,0,17
1867,0,19
1868,0,18
1869,0,18
1870,0,18
1871,0,18
1872,0,18
1873,0,19
1874,0,18
1875,0,18
1876,0,19
1877,0,18
1878,0,18
1879,0,18
1880,0,18
1881,0,19
1882,0,20
1883,0,21
1884,0,21
1885,0,22
1886,0,22
1887,0,22
1888,0,22
1889,0,22
1890,0,22
1891,0,22
1892,0,22
1893,0,22
1894,0,22
1895,0,22
1896,0,22
1897,0,22
1898,0,22
1899,0,22
1900,0,22
1901,0,22
1902,0,22
1903,0,22
1904,0,22
1905,0,22
1906,0,22
1907,0,23
1908,0,23
1909,0,23
1910,0,23
1911,0,23
1912,0,23
1913,0,23
1914,0,23
1915,0,23
1916,0,23
1917,0,23
1918,0,23
1919,0,23
1920,0,23
1921,0,23
1922,0,23
1923,0,23
1924,0,23
1925,0,23
1926,0,24
1927,0,24
1928,0,24
1929,0,24
1930,0,24
1931,0,24
1932,0,24
1933,0,24
1934,0,24
1935,0,24
1936,0,24
1937,0,24
1938,0,24
1939,0,23
1940,0,23
1941,0,22
1942,0,21
1943,0,21
1944,0,20
1945,0,19
1946,0,19
1947,0,18
1948,0,17
1949,0,16
1950,0,15
1951,0,15
1952,0,14
1953,0,13
1954,0,12
1955,0,12
1956,0,11
1957,0,10
1958,0,10
1959,0,9
1960,0,9
1961,0,9
1962,0,9
1963,0,9
1964,0,9
1965,0,10
1966,0,10
1967,0,9
1968,0,9
1969,0,10
1970,0,10
1971,0,11
1972,0,11
1973,0,12
1974,0,13
1975,0,14
1976,0,14
1977,0,15
1978,0,16
1979,0,17
1980,0,17
1981,0,17
1982,0,17
1983,0,17
1984,0,17
1985,0,17
1986,0,17
1987,0,17
1988,0,17
1989,0,17
1990,0,17
1991,0,17
1992,0,17
1993,0,17
1994,0,17
1995,0,17
1996,0,17
1997,0,17
1998,0,17
1999,0,17
2000,0,17
2001,0,17
2002,0,17
2003,0,17
2004,0,17
2005,0,17
2006,0,17
2007,0,17
2008,0,17
2009,0,17
2010,0,17
2011,0,17
2012,0,17
2013,0,17
2014,0,17
2015,0,17
2016,0,17
2017,0,17
2018,0,17
2019,0,17
2020,0,17
2021,0,17
2022,0,18
2023,0,18
2024,0,18
2025,0,18
2026,0,18
2027,0,18
2028,0,18
2029,0,18
2030,0,18
2031,0,18
2032,0,18
2033,0,18
2034,0,18
2035,0,18
2036,0,18
2037,0,18
2038,0,18
2039,0,18
2040,0,18
2041,0,18
2042,0,18
2043,0,18
2044,0,18
2045,0,18
2046,0,18
2047,0,19
2048,0,19
2049,0,19
2050,0,20
2051,0,20
2052,0,20
2053,0,20
2054,0,20
2055,0,21
2056,0,21
2057,0,22
2058,0,22
2059,0,22
2060,0,22
2061,0,22
2062,0,22
2063,0,22
2064,0,22
2065,0,22
2066,0,22
2067,0,22
2068,0,22
2069,0,22
2070,0,23
2071,0,23
2072,0,23
2073,0,23
2074,0,23
2075,0,23
2076,0,23
2077,0,23
2078,0,23
2079,0,23
2080,0,23
2081,0,23
2082,0,23
2083,0,24
2084,0,24
2085,0,24
2086,0,24
2087,0,24
2088,0,24
2089,0,24
2090,0,24
2091,0,24
2092,0,25
2093,0,25
2094,0,25
2095,0,25
2096,0,25
2097,0,25
2098,0,26
2099,0,26
2100,0,27
2101,0,27
2102,0,27
2103,0,27
2104,0,27
2105,0,27
2106,0,27
2107,0,28
2108,0,28
2109,0,28
2110,0,29
2111,0,29
2112,0,29
2113,0,29
2114,0,29
2115,0,29
2116,0,29
2117,0,29
2118,0,29
2119,0,29
2120,0,29
2121,0,29
2122,0,29
2123,0,29
2124,0,29
2125,0,29
2126,0,29
2127,0,29
2128,0,29
2129,0,29
2130,0,29
2131,0,29
2132,0,29
2133,0,29
2134,0,29
2135,0,29
2136,0,29
2137,0,29
2138,0,29
2139,0,29
2140,0,29
2141,0,29
2142,0,29
2143,0,29
2144,0,29
2145,0,29
2146,0,29
2147,0,29
2148,0,29
2149,0,29
2150,0,29
2151,0,29
2152,0,29
2153,0,29
2154,0,29
2155,0,29
2156,0,29
2157,0,29
2158,0,29
2159,0,29
2160,0,29
2161,0,29
2162,0,29
2163,0,29
2164,0,29
2165,0,29
2166,0,29
2167,0,29
2168,0,29
2169,0,29
2170,0,29
2171,0,29
2172,0,29
2173,0,29
2174,0,29
2175,0,29
2176,0,29
2177,0,29
2178,0,29
2179,0,29
2180,0,29
2181,0,29
2182,0,30
2183,0,30
2184,0,30
2185,0,30
2186,0,30
2187,0,30
2188,0,30
2189,0,30
2190,0,30
2191,0,30
2192,0,30
2193,0,30
2194,0,30
2195,0,30
2196,0,30
2197,0,31
2198,0,31
2199,0,31
2200,0,31
2201,0,31
2202,0,31
2203,0,31
2204,0,31
2205,0,31
2206,0,31
2207,0,31
2208,0,31
2209,0,31
2210,0,31
2211,0,31
2212,0,32
2213,0,33
2214,0,32
2215,0,32
2216,0,31
2217,0,30
2218,0,29
2219,0,29
2220,0,28
2221,0,27
2222,0,26
2223,0,25
2224,0,24
2225,0,23
2226,0,23
2227,0,22
2228,0,21
2229,0,20
2230,0,19
2231,0,18
2232,0,18
2233,0,17
2234,0,16
2235,0,15
2236,0,15
2237,0,13
2238,0,13
2239,0,12
2240,0,12
2241,0,12
2242,0,12
2243,0,12
2244,0,12
2245,0,12
2246,0,12
2247,0,12
2248,0,12
2249,0,12
2250,0,12
2251,0,12
2252,0,12
2253,0,12
2254,0,12
2255,0,12
2256,0,13
2257,0,13
2258,0,13
2259,0,13
2260,0,13
2261,0,13
2262,0,13
2263,0,13
2264,0,13
2265,0,13
2266,0,13
2267,0,13
2268,0,13
2269,0,13
2270,0,13
2271,0,13
2272,0,13
2273,0,13
2274,0,13
2275,0,14
2276,0,14
2277,0,14
2278,0,14
2279,0,14
2280,0,14
2281,0,14
2282,0,14
2283,0,14
2284,0,14
2285,0,14
2286,0,14
2287,0,14
2288,0,14
2289,0,14
2290,0,14
2291,0,14
2292,0,14
2293,0,14
2294,0,14
2295,0,14
2296,0,14
2297,0,14
2298,0,14
2299,0,14
2300,0,14
2301,0,14
2302,0,14
2303,0,14
2304,0,14
2305,0,14
2306,0,14
2307,0,14
2308,0,14
2309,0,14
2310,0,14
2311,0,14
2312,0,14
2313,0,14
2314,0,14
2315,0,14
2316,0,14
2317,0,14
2318,0,14
2319,0,14
2320,0,14
2321,0,14
2322,0,14
2323,0,14
2324,0,14
2325,0,14
2326,0,14
2327,0,14
2328,0,14
2329,0,14
2330,0,14
2331,0,14
2332,0,14
2333,0,14
2334,0,14
2335,0,14
2336,0,14
2337,0,14
2338,0,14
2339,0,14
2340,0,14
2341,0,14
2342,0,14
2343,0,14
2344,0,14
2345,0,14
2346,0,14
2347,0,14
2348,0,14
2349,0,14
2350,0,14
2351,0,14
2352,0,14
2353,0,14
2354,0,14
2355,0,14
2356,0,14
2357,0,14
2358,0,14
2359,0,14
2360,0,14
2361,0,14
2362,0,14
2363,0,14
2364,0,14
2365,0,14
2366,0,14
2367,0,14
2368,0,14
2369,0,14
2370,0,14
2371,0,15
2372,0,15
2373,0,15
2374,0,15
2375,0,15
2376,0,15
2377,0,15
2378,0,15
2379,0,15
2380,0,15
2381,0,15
2382,0,15
2383,0,15
2384,0,15
2385,0,15
2386,0,15
2387,0,15
2388,0,15
2389,0,15
2390,0,15
2391,0,15
2392,0,15
2393,0,15
2394,0,15
2395,0,15
2396,0,15
2397,0,15
2398,0,15
2399,0,15
2400,0,15
2401,0,15
2402,0,15
2403,0,15
2404,0,15
2405,0,15
2406,0,15
2407,0,15
2408,0,15
2409,0,15
2410,0,15
2411,0,15
2412,0,15
2413,0,15
2414,0,15
2415,0,15
2416,0,15
2417,0,15
2418,0,15
2419,0,15
2420,0,15
2421,0,15
2422,0,15
2423,0,15
2424,0,15
2425,0,15
2426,0,15
2427,0,15
2428,0,15
2429,0,15
2430,0,15
2431,0,15
2432,0,15
2433,0,15
2434,0,16
2435,0,16
2436,0,16
2437,0,16
2438,0,16
2439,0,16
2440,0,16
2441,0,16
2442,0,16
2443,0,16
2444,0,16
2445,0,16
2446,0,16
2447,0,16
2448,0,16
2449,0,16
2450,0,17
2451,0,17
2452,0,17
2453,0,17
2454,0,17
2455,0,17
2456,0,17
2457,0,17
2458,0,17
2459,0,17
2460,0,17
2461,0,17
2462,0,17
2463,0,17
2464,0,17
2465,0,17
2466,0,17
2467,0,17
2468,0,17
2469,0,17
2470,0,17
2471,0,17
2472,0,17
2473,0,17
2474,0,17
2475,0,17
2476,0,17
2477,0,17
2478,0,17
2479,0,17
2480,0,17
2481,0,17
2482,0,17
2483,0,17
2484,0,17
2485,0,17
2486,0,17
2487,0,17
2488,0,17
2489,0,17
2490,0,16
2491,0,17
2492,0,16
2493,0,15
2494,0,14
2495,0,14
2496,0,13
2497,0,12
2498,0,11
2499,0,11
2500,0,11
2501,0,11
2502,0,12
2503,0,12
2504,0,12
2505,0,12
2506,0,12
2507,0,12
2508,0,12
2509,0,13
2510,0,13
2511,0,12
2512,0,12
2513,0,13
2514,0,13
2515,0,13
2516,0,13
2517,0,13
2518,0,13
2519,0,13
2520,0,13
2521,0,13
2522,0,13
2523,0,13
2524,0,13
2525,0,13
2526,0,13
2527,0,13
2528,0,13
2529,0,13
2530,0,13
2531,0,13
2532,0,13
2533,0,13
2534,0,13
2535,0,13
2536,0,13
2537,0,13
2538,0,13
2539,0,13
2540,0,13
2541,0,13
2542,0,13
2543,0,13
2544,0,13
2545,0,13
2546,0,14
2547,0,14
2548,0,14
2549,0,14
2550,0,14
2551,0,14
2552,0,14
2553,0,14
2554,0,14
2555,0,14
2556,0,14
2557,0,14
2558,0,14
2559,0,14
2560,0,14
2561,0,14
2562,0,14
2563,0,14
2564,0,14
2565,0,15
2566,0,15
2567,0,15
2568,0,15
2569,0,15
2570,0,15
2571,0,15
2572,0,15
2573,0,14
2574,0,14
2575,0,13
2576,0,12
2577,0,12
2578,0,11
2579,0,10
2580,0,10
2581,0,11
2582,0,11
2583,0,11
2584,0,11
2585,0,11
2586,0,11
2587,0,11
2588,0,11
2589,0,11
2590,0,11
2591,0,11
2592,0,11
2593,0,11
2594,0,11
2595,0,11
2596,0,11
2597,0,11
2598,0,11
2599,0,11
2600,0,11
2601,0,11
2602,0,11
2603,0,11
2604,0,11
2605,0,12
2606,0,12
2607,0,12
2608,0,13
2609,0,13
2610,0,13
2611,0,13
2612,0,13
2613,0,13
2614,0,13
2615,0,13
2616,0,13
2617,0,13
2618,0,13
2619,0,13
2620,0,13
2621,0,13
2622,0,13
2623,0,13
2624,0,14
2625,0,14
2626,0,14
2627,0,14
2628,0,14
2629,0,14
2630,0,14
2631,0,14
2632,0,14
2633,0,14
2634,0,14
2635,0,14
2636,0,14
2637,0,14
2638,0,14
2639,0,14
2640,0,14
2641,0,13
2642,0,13
2643,0,12
2644,0,11
2645,0,10
2646,0,10
2647,0,10
2648,0,10
2649,0,10
2650,0,10
2651,0,11
2652,0,12
2653,0,12
2654,0,12
2655,0,12
2656,0,12
2657,0,12
2658,0,12
2659,0,12
2660,0,12
2661,0,12
2662,0,12
2663,0,12
2664,0,12
2665,0,12
2666,0,12
2667,0,12
2668,0,12
2669,0,12
2670,0,12
2671,0,12
2672,0,13
2673,0,13
2674,0,13
2675,0,13
2676,0,13
2677,0,13
2678,0,13
2679,0,13
2680,0,13
2681,0,13
2682,0,13
2683,0,13
2684,0,13
2685,0,13
2686,0,14
2687,0,14
2688,0,14
2689,0,15
2690,0,15
2691,0,14
2692,0,14
2693,0,14
2694,0,14
2695,0,14
2696,0,14
2697,0,13
2698,0,13
2699,0,12
2700,0,11
2701,0,10
2702,0,10
2703,0,9
2704,0,9
2705,0,9
2706,0,9
2707,0,9
2708,0,9
2709,0,9
2710,0,9
2711,0,9
2712,0,9
2713,0,9
2714,0,9
2715,0,9
2716,0,9
2717,0,9
2718,0,9
2719,0,9
2720,0,9
2721,0,9
2722,0,9
2723,0,9
2724,0,9
2725,0,9
2726,0,9
2727,0,9
2728,0,9
2729,0,9
2730,0,9
2731,0,9
2732,0,10
2733,0,10
2734,0,10
2735,0,10
2736,0,10
2737,0,10
2738,0,10
2739,0,10
2740,0,10
2741,0,10
2742,0,10
2743,0,10
2744,0,10
2745,0,10
2746,0,10
2747,0,10
2748,0,10
2749,0,11
2750,0,11
2751,0,10
2752,0,10
2753,0,10
2754,0,10
2755,0,10
2756,0,10
2757,0,10
2758,0,10
2759,0,10
2760,0,10
2761,0,10
2762,0,10
2763,0,11
2764,0,11
2765,0,11
2766,0,11
2767,0,11
2768,0,11
2769,0,11
2770,0,11
2771,0,11
2772,0,11
2773,0,11
2774,0,11
2775,0,11
2776,0,12
2777,0,12
2778,0,12
2779,0,12
2780,0,12
2781,0,12
2782,0,12
2783,0,12
2784,0,12
2785,0,13
2786,0,13
2787,0,13
2788,0,13
2789,0,13
2790,0,13
2791,0,13
2792,0,13
2793,0,13
2794,0,13
2795,0,13
2796,0,13
2797,0,13
2798,0,13
2799,0,13
2800,0,13
2801,0,13
2802,0,14
2803,0,14
2804,0,13
2805,0,13
2806,0,13
2807,0,13
2808,0,13
2809,0,13
2810,0,13
2811,0,13
2812,0,13
2813,0,13
2814,0,13
2815,0,13
2816,0,13
2817,0,13
2818,0,13
2819,0,13
2820,0,13
2821,0,13
2822,0,13
2823,0,14
2824,0,14
2825,0,14
2826,0,14
2827,0,14
2828,0,14
2829,0,14
2830,0,14
2831,0,14
2832,0,14
2833,0,14
2834,0,14
2835,0,14
2836,0,14
2837,0,14
2838,0,14
2839,0,14
2840,0,14
2841,0,14
2842,0,14
2843,0,14
2844,0,14
2845,0,14
2846,0,14
2847,0,14
2848,0,15
2849,0,15
2850,0,15
2851,0,15
2852,0,15
2853,0,15
2854,0,15
2855,0,15
2856,0,15
2857,0,15
2858,0,15
2859,0,15
2860,0,15
2861,0,15
2862,0,15
2863,0,16
2864,0,16
2865,0,16
2866,0,16
2867,0,16
2868,0,16
2869,0,16
2870,0,16
2871,0,16
2872,0,16
2873,0,16
2874,0,16
2875,0,16
2876,0,16
2877,0,16
2878,0,16
2879,0,16
2880,0,16
2881,0,16
2882,0,16
2883,0,16
2884,0,16
2885,0,16
2886,0,16
2887,0,16
2888,0,16
2889,0,16
2890,0,16
2891,0,16
2892,0,16
2893,0,16
2894,0,16
2895,0,16
2896,0,16
2897,0,17
2898,0,17
2899,0,17
2900,0,17
2901,0,17
2902,0,17
2903,0,17
2904,0,17
2905,0,17
2906,0,17
2907,0,17
2908,0,17
2909,0,17
2910,0,17
2911,0,18
2912,0,18
2913,0,18
2914,0,18
2915,0,18
2916,0,18
2917,0,18
2918,0,18
2919,0,18
2920,0,18
2921,0,18
2922,0,18
2923,0,18
2924,0,18
2925,0,18
2926,0,18
2927,0,18
2928,0,18
2929,0,18
2930,0,18
2931,0,18
2932,0,18
2933,0,18
2934,0,18
2935,0,18
2936,0,18
2937,0,18
2938,0,18
2939,0,18
2940,0,18
2941,0,18
2942,0,18
2943,0,18
2944,0,18
2945,0,18
2946,0,18
2947,0,18
2948,0,18
2949,0,18
2950,0,18
2951,0,18
2952,0,17
2953,0,16
2954,0,16
2955,0,16
2956,0,15
2957,0,14
2958,0,13
2959,0,13
2960,0,13
2961,0,12
2962,0,11
2963,0,11
2964,0,10
2965,0,9
2966,0,8
2967,0,8
2968,0,8
2969,0,8
2970,0,8
2971,0,8
2972,0,8
2973,0,8
2974,0,8
2975,0,8
2976,0,8
2977,0,8
2978,0,8
2979,0,8
2980,0,8
2981,0,8
2982,0,8
2983,0,8
2984,0,8
2985,0,8
2986,0,8
2987,0,9
2988,0,9
2989,0,10
2990,0,10
2991,0,10
2992,0,10
2993,0,10
2994,0,10
2995,0,10
2996,0,9
2997,0,9
2998,0,8
2999,0,8
3000,0,8
3001,0,7
3002,0,7
3003,0,7
3004,0,7
3005,0,8
3006,0,8
3007,0,8
3008,0,8
3009,0,8
3010,0,8
3011,0,8
3012,0,8
3013,0,8
3014,0,8
3015,0,8
3016,0,8
3017,0,8
3018,0,8
3019,0,8
3020,0,8
3021,0,8
3022,0,8
3023,0,8
3024,0,8
3025,0,8
3026,0,8
3027,0,8
3028,0,9
3029,0,9
3030,0,9
3031,0,9
3032,0,9
3033,0,9
3034,0,9
3035,0,10
3036,0,10
3037,0,10
3038,0,10
3039,0,10
3040,0,10
3041,0,10
3042,0,10
3043,0,10
3044,0,10
3045,0,10
3046,0,10
3047,0,10
3048,0,10
3049,0,10
3050,0,10
3051,0,10
3052,0,10
3053,0,10
3054,0,10
3055,0,10
3056,0,10
3057,0,10
3058,0,10
3059,0,10
3060,0,10
3061,0,10
3062,0,10
3063,0,10
3064,0,10
3065,0,10
3066,0,10
3067,0,10
3068,0,10
3069,0,10
3070,0,10
3071,0,10
3072,0,10
3073,0,10
3074,0,10
3075,0,10
3076,0,10
3077,0,10
3078,0,10
3079,0,10
3080,0,10
3081,0,10
3082,0,10
3083,0,10
3084,0,10
3085,0,10
3086,0,10
3087,0,11
3088,0,11
3089,0,11
3090,0,11
3091,0,11
3092,0,11
3093,0,11
3094,0,11
3095,0,11
3096,0,11
3097,0,11
3098,0,11
3099,0,11
3100,0,11
3101,0,11
3102,0,11
3103,0,12
3104,0,12
3105,0,12
3106,0,13
3107,0,13
3108,0,13
3109,0,13
3110,0,12
3111,0,12
3112,0,11
3113,0,10
3114,0,10
3115,0,9
3116,0,8
3117,0,8
3118,0,8
3119,0,8
3120,0,8
3121,0,8
3122,0,8
3123,0,8
3124,0,8
3125,0,8
3126,0,8
3127,0,8
3128,0,8
3129,0,8
3130,0,8
3131,0,8
3132,0,8
3133,0,8
3134,0,8
3135,0,8
3136,0,8
3137,0,8
3138,0,8
3139,0,8
3140,0,8
3141,0,8
3142,0,8
3143,0,8
3144,0,8
3145,0,8
3146,0,8
3147,0,8
3148,0,8
3149,0,8
3150,0,8
3151,0,8
3152,0,8
3153,0,8
3154,0,8
3155,0,8
3156,0,8
3157,0,8
3158,0,9
3159,0,8
3160,0,8
3161,0,8
3162,0,8
3163,0,8
3164,0,9
3165,0,9
3166,0,9
3167,0,9
3168,0,10
3169,0,9
3170,0,9
3171,0,9
3172,0,8
3173,0,8
3174,0,7
3175,0,6
3176,0,6
3177,0,6
3178,0,7
3179,0,6
3180,0,6
3181,0,6
3182,0,6
3183,0,7
3184,0,7
3185,0,7
3186,0,8
3187,0,7
3188,0,7
3189,0,7
3190,0,7
3191,0,7
3192,0,7
3193,0,7
3194,0,7
3195,0,8
3196,0,8
3197,0,8
3198,0,8
3199,0,8
3200,0,8
3201,0,8
3202,0,8
3203,0,8
3204,0,8
3205,0,8
3206,0,8
3207,0,8
3208,0,8
3209,0,8
3210,0,8
3211,0,9
3212,0,9
3213,0,9
3214,0,9
3215,0,9
3216,0,10
3217,0,10
3218,0,10
3219,0,10
3220,0,11
3221,0,11
3222,0,11
3223,0,11
3224,0,11
3225,0,11
3226,0,11
3227,0,11
3228,0,11
3229,0,11
3230,0,11
3231,0,11
3232,0,11
3233,0,11
3234,0,11
3235,0,11
3236,0,11
3237,0,11
3238,0,11
3239,0,11
3240,0,11
3241,0,11
3242,0,11
3243,0,12
3244,0,12
3245,0,12
3246,0,12
3247,0,12
3248,0,12
3249,0,12
3250,0,13
3251,0,13
3252,0,13
3253,0,13
3254,0,13
3255,0,13
3256,0,13
3257,0,13
3258,0,13
3259,0,13
3260,0,13
3261,0,13
3262,0,13
3263,0,13
3264,0,13
3265,0,13
3266,0,13
3267,0,13
3268,0,14
3269,0,14
3270,0,14
3271,0,14
3272,0,14
3273,0,14
3274,0,14
3275,0,14
3276,0,14
3277,0,14
3278,0,14
3279,0,14
3280,0,14
3281,0,14
3282,0,14
3283,0,14
3284,0,14
3285,0,14
3286,0,14
3287,0,14
3288,0,14
3289,0,14
3290,0,14
3291,0,14
3292,0,14
3293,0,14
3294,0,13
3295,0,13
3296,0,12
3297,0,11
3298,0,10
3299,0,10
3300,0,10
3301,0,10
3302,0,10
3303,0,10
3304,0,10
3305,0,11
3306,0,11
3307,0,10
3308,0,10
3309,0,10
3310,0,10
3311,0,10
3312,0,11
3313,0,11
3314,0,11
3315,0,11
3316,0,11
3317,0,11
3318,0,11
3319,0,11
3320,0,11
3321,0,11
3322,0,11
3323,0,11
3324,0,11
3325,0,11
3326,0,12
3327,0,12
3328,0,12
3329,0,12
3330,0,12
3331,0,12
3332,0,12
3333,0,12
3334,0,12
3335,0,12
3336,0,12
3337,0,12
3338,0,12
3339,0,12
3340,0,12
3341,0,12
3342,0,12
3343,0,13
3344,0,12
3345,0,12
3346,0,12
3347,0,13
3348,0,13
3349,0,14
3350,0,14
3351,0,14
3352,0,14
3353,0,14
3354,0,14
3355,0,14
3356,0,14
3357,0,14
3358,0,14
3359,0,14
3360,0,14
3361,0,14
3362,0,14
3363,0,14
3364,0,14
3365,0,15
3366,0,14
3367,0,14
3368,0,13
3369,0,13
3370,0,13
3371,0,13
3372,0,13
3373,0,13
3374,0,13
3375,0,13
3376,0,13
3377,0,13
3378,0,14
3379,0,14
3380,0,14
3381,0,14
3382,0,14
3383,0,14
3384,0,15
3385,0,15
3386,0,15
3387,0,16
3388,0,16
3389,0,16
3390,0,16
3391,0,16
3392,0,16
3393,0,17
3394,0,17
3395,0,17
3396,0,17
3397,0,17
3398,0,17
3399,0,17
3400,0,17
3401,0,17
3402,0,17
3403,0,17
3404,0,17
3405,0,17
3406,0,17
3407,0,17
3408,0,17
3409,0,16
3410,0,16
3411,0,15
3412,0,14
3413,0,13
3414,0,12
3415,0,11
3416,0,10
3417,0,10
3418,0,9
3419,0,8
3420,0,7
3421,0,6
3422,0,6
3423,0,6
3424,0,6
3425,0,6
3426,0,6
3427,0,6
3428,0,6
3429,0,6
3430,0,6
3431,0,7
3432,0,6
3433,0,6
3434,0,6
3435,0,5
3436,0,6
3437,0,7
3438,0,7
3439,0,7
3440,0,8
3441,0,9
3442,0,9
3443,0,9
3444,0,9
3445,0,9
3446,0,10
3447,0,10
3448,0,10
3449,0,10
3450,0,10
3451,0,10
3452,0,10
3453,0,10
3454,0,10
3455,0,10
3456,0,10
3457,0,10
3458,0,10
3459,0,10
3460,0,10
3461,0,10
3462,0,10
3463,0,10
3464,0,10
3465,0,10
3466,0,11
3467,0,11
3468,0,11
3469,0,11
3470,0,11
3471,0,11
3472,0,11
3473,0,11
3474,0,11
3475,0,11
3476,0,11
3477,0,11
3478,0,11
3479,0,11
3480,0,11
3481,0,11
3482,0,11
3483,0,11
3484,0,12
3485,0,12
3486,0,12
3487,0,12
3488,0,12
3489,0,12
3490,0,12
3491,0,12
3492,0,12
3493,0,12
3494,0,12
3495,0,12
3496,0,12
3497,0,12
3498,0,12
3499,0,12
3500,0,12
3501,0,12
3502,0,12
3503,0,12
3504,0,12
3505,0,12
3506,0,12
3507,0,12
3508,0,12
3509,0,12
3510,0,12
3511,0,12
3512,0,12
3513,0,12
3514,0,12
3515,0,12
3516,0,12
3517,0,12
3518,0,12
3519,0,12
3520,0,12
3521,0,12
3522,0,12
3523,0,12
3524,0,12
3525,0,12
3526,0,12
3527,0,12
3528,0,12
3529,0,12
3530,0,12
3531,0,12
3532,0,12
3533,0,12
3534,0,12
3535,0,12
3536,0,12
3537,0,12
3538,0,12
3539,0,12
3540,0,11
3541,0,11
3542,0,10
3543,0,9
3544,0,8
3545,0,8
3546,0,7
3547,0,6
3548,0,5
3549,0,6
3550,0,6
3551,0,6
3552,0,6
3553,0,6
3554,0,6
3555,0,6
3556,0,7
3557,0,7
3558,0,7
3559,0,7
3560,0,7
3561,0,7
3562,0,7
3563,0,8
3564,0,8
3565,0,8
3566,0,8
3567,0,8
3568,0,8
3569,0,8
3570,0,8
3571,0,9
3572,0,9
3573,0,9
3574,0,9
3575,0,9
3576,0,9
3577,0,9
3578,0,9
3579,0,9
3580,0,10
3581,0,10
3582,0,10
3583,0,10
3584,0,10
3585,0,10
3586,0,10
3587,0,10
3588,0,10
3589,0,10
3590,0,10
3591,0,10
3592,0,10
3593,0,10
3594,0,10
3595,0,10
3596,0,10
3597,0,10
3598,0,10
3599,0,10
3600,0,10
3601,0,10
3602,0,10
3603,0,10
3604,0,10
3605,0,10
3606,0,10
3607,0,10
3608,0,10
3609,0,10
3610,0,10
3611,0,10
3612,0,10
3613,0,10
3614,0,10
3615,0,11
3616,0,11
3617,0,11
3618,0,11
3619,0,11
3620,0,11
3621,0,11
3622,0,11
3623,0,11
3624,0,12
3625,0,12
3626,0,13
3627,0,13
3628,0,13
3629,0,13
3630,0,13
3631,0,13
3632,0,12
3633,0,12
3634,0,11
3635,0,10
3636,0,9
3637,0,8
3638,0,8
3639,0,8
3640,0,8
3641,0,8
3642,0,9
3643,0,9
3644,0,9
3645,0,9
3646,0,9
3647,0,9
3648,0,9
3649,0,9
3650,0,9
3651,0,10
3652,0,10
3653,0,10
3654,0,10
3655,0,10
3656,0,10
3657,0,10
3658,0,10
3659,0,10
3660,0,10
3661,0,10
3662,0,10
3663,0,10
3664,0,10
3665,0,10
3666,0,10
3667,0,10
3668,0,10
3669,0,10
3670,0,10
3671,0,10
3672,0,10
3673,0,10
3674,0,10
3675,0,10
3676,0,10
3677,0,10
3678,0,10
3679,0,10
3680,0,10
3681,0,10
3682,0,10
3683,0,10
3684,0,10
3685,0,10
3686,0,10
3687,0,10
3688,0,11
3689,0,11
3690,0,11
3691,0,11
3692,0,11
3693,0,11
3694,0,11
3695,0,11
3696,0,11
3697,0,11
3698,0,11
3699,0,11
3700,0,11
3701,0,11
3702,0,11
3703,0,11
3704,0,12
3705,0,12
3706,0,11
3707,0,11
3708,0,11
3709,0,11
3710,0,11
3711,0,11
3712,0,11
3713,0,11
3714,0,11
3715,0,11
3716,0,11
3717,0,11
3718,0,11
3719,0,11
3720,0,11
3721,0,11
3722,0,12
3723,0,12
3724,0,13
3725,0,13
3726,0,13
3727,0,13
3728,0,13
3729,0,13
3730,0,13
3731,0,13
3732,0,14
3733,0,14
3734,0,14
3735,0,15
3736,0,15
3737,0,15
3738,0,15
3739,0,15
3740,0,15
3741,0,15
3742,0,15
3743,0,15
3744,0,15
3745,0,15
3746,0,15
3747,0,15
3748,0,15
3749,0,15
3750,0,15
3751,0,15
3752,0,15
3753,0,15
3754,0,15
3755,0,15
3756,0,15
3757,0,15
3758,0,15
3759,0,15
3760,0,15
3761,0,15
3762,0,14
3763,0,14
3764,0,13
3765,0,12
3766,0,12
3767,0,11
3768,0,10
3769,0,9
3770,0,9
3771,0,9
3772,0,9
3773,0,9
3774,0,10
3775,0,10
3776,0,10
3777,0,10
3778,0,10
3779,0,10
3780,0,10
3781,0,10
3782,0,10
3783,0,10
3784,0,10
3785,0,9
3786,0,9
3787,0,8
3788,0,7
3789,0,6
3790,0,7
3791,0,8
3792,0,9
3793,0,10
3794,0,10
3795,0,11
3796,0,11
3797,0,11
3798,0,11
3799,0,11
3800,0,11
3801,0,11
3802,0,11
3803,0,11
3804,0,11
3805,0,11
3806,0,11
3807,0,11
3808,0,11
3809,0,11
3810,0,11
3811,0,11
3812,0,11
3813,0,11
3814,0,11
3815,0,11
3816,0,12
3817,0,12
3818,0,12
3819,0,12
3820,0,12
3821,0,12
3822,0,12
3823,0,12
3824,0,12
3825,0,12
3826,0,12
3827,0,12
3828,0,13
3829,0,13
3830,0,14
3831,0,14
3832,0,14
3833,0,14
3834,0,14
3835,0,14
3836,0,14
3837,0,14
3838,0,14
3839,0,14
3840,0,14
3841,0,14
3842,0,14
3843,0,14
3844,0,14
3845,0,14
3846,0,14
3847,0,14
3848,0,14
3849,0,14
3850,0,14
3851,0,14
3852,0,14
3853,0,14
3854,0,14
3855,0,14
3856,0,14
3857,0,14
3858,0,14
3859,0,14
3860,0,14
3861,0,15
3862,0,15
3863,0,15
3864,0,15
3865,0,15
3866,0,15
3867,0,15
3868,0,16
3869,0,16
3870,0,16
3871,0,16
3872,0,16
3873,0,16
3874,0,16
3875,0,16
3876,0,16
3877,0,16
3878,0,16
3879,0,16
3880,0,16
3881,0,16
3882,0,17
3883,0,17
3884,0,17
3885,0,17
3886,0,17
3887,0,17
3888,0,17
3889,0,17
3890,0,17
3891,0,17
3892,0,17
3893,0,17
3894,0,17
3895,0,17
3896,0,17
3897,0,17
3898,0,17
3899,0,17
3900,0,17
3901,0,17
3902,0,17
3903,0,17
3904,0,17
3905,0,17
3906,0,17
3907,0,17
3908,0,17
3909,0,17
3910,0,17
3911,0,17
3912,0,17
3913,0,17
3914,0,17
3915,0,17
3916,0,17
3917,0,17
3918,0,17
3919,0,17
3920,0,17
3921,0,17
3922,0,17
3923,0,17
3924,0,17
3925,0,17
3926,0,17
3927,0,17
3928,0,17
3929,0,17
3930,0,17
3931,0,17
3932,0,17
3933,0,17
3934,0,17
3935,0,17
3936,0,17
3937,0,17
3938,0,17
3939,0,17
3940,0,17
3941,0,17
3942,0,17
3943,0,17
3944,0,17
3945,0,17
3946,0,18
3947,0,18
3948,0,18
3949,0,18
3950,0,18
3951,0,18
3952,0,18
3953,0,18
3954,0,18
3955,0,18
3956,0,18
3957,0,18
3958,0,18
3959,0,18
3960,0,18
3961,0,18
3962,0,18
3963,0,18
3964,0,18
3965,0,18
3966,0,18
3967,0,18
3968,0,18
3969,0,18
3970,0,18
3971,0,18
3972,0,18
3973,0,18
3974,0,18
3975,0,18
3976,0,18
3977,0,18
3978,0,18
3979,0,18
3980,0,18
3981,0,18
3982,0,18
3983,0,18
3984,0,18
3985,0,18
3986,0,18
3987,0,18
3988,0,19
3989,0,19
3990,0,19
3991,0,19
3992,0,19
3993,0,19
3994,0,19
3995,0,19
3996,0,19
3997,0,19
3998,0,19
3999,0,20
4000,0,20
4001,0,20
4002,0,20
4003,0,20
4004,0,20
4005,0,20
4006,0,20
4007,0,20
4008,0,20
4009,0,20
4010,0,20
4011,0,20
4012,0,20
4013,0,20
4014,0,20
4015,0,20
4016,0,20
4017,0,20
4018,0,20
4019,0,20
4020,0,20
4021,0,20
4022,0,20
4023,0,20
4024,0,20
4025,0,20
4026,0,21
4027,0,21
4028,0,21
4029,0,21
4030,0,21
4031,0,21
4032,0,21
4033,0,21
4034,0,21
4035,0,21
4036,0,21
4037,0,21
4038,0,21
4039,0,21
4040,0,21
4041,0,21
4042,0,21
4043,0,21
4044,0,21
4045,0,21
4046,0,21
4047,0,21
4048,0,21
4049,0,21
4050,0,21
4051,0,21
4052,0,21
4053,0,21
4054,0,21
4055,0,20
4056,0,20
4057,0,19
4058,0,20
4059,0,19
4060,0,18
4061,0,17
4062,0,16
4063,0,15
4064,0,14
4065,0,14
4066,0,13
4067,0,12
4068,0,12
4069,0,12
4070,0,12
4071,0,12
4072,0,12
4073,0,12
4074,0,12
4075,0,12
4076,0,12
4077,0,12
4078,0,12
4079,0,12
4080,0,12
4081,0,12
4082,0,12
4083,0,12
4084,0,12
4085,0,12
4086,0,13
4087,0,13
4088,0,13
4089,0,13
4090,0,13
4091,0,13
4092,0,13
4093,0,13
4094,0,13
4095,0,13
4096,0,13
4097,0,13
4098,0,13
4099,0,13
4100,0,13
4101,0,13
4102,0,13
4103,0,13
4104,0,13
4105,0,13
4106,0,13
4107,0,14
4108,0,14
4109,0,14
4110,0,14
4111,0,14
4112,0,14
4113,0,14
4114,0,14
4115,0,14
4116,0,14
4117,0,14
4118,0,14
4119,0,14
4120,0,14
4121,0,14
4122,0,14
4123,0,14
4124,0,14
4125,0,14
4126,0,14
4127,0,15
4128,0,15
4129,0,15
4130,0,15
4131,0,15
4132,0,15
4133,0,15
4134,0,15
4135,0,15
4136,0,16
4137,0,16
4138,0,16
4139,0,16
4140,0,16
4141,0,16
4142,0,16
4143,0,16
4144,0,16
4145,0,16
4146,0,16
4147,0,17
4148,0,17
4149,0,17
4150,0,17
4151,0,17
4152,0,17
4153,0,17
4154,0,17
4155,0,17
4156,0,17
4157,0,17
4158,0,17
4159,0,17
4160,0,17
4161,0,17
4162,0,17
4163,0,16
4164,0,16
4165,0,15
4166,0,15
4167,0,14
4168,0,14
4169,0,13
4170,0,13
4171,0,13
4172,0,13
4173,0,13
4174,0,13
4175,0,13
4176,0,13
4177,0,13
4178,0,14
4179,0,14
4180,0,14
4181,0,14
4182,0,14
4183,0,14
4184,0,14
4185,0,14
4186,0,14
4187,0,14
4188,0,14
4189,0,14
4190,0,14
4191,0,14
4192,0,15
4193,0,15
4194,0,15
4195,0,15
4196,0,15
4197,0,15
4198,0,15
4199,0,15
4200,0,16
4201,0,16
4202,0,16
4203,0,16
4204,0,17
4205,0,17
4206,0,17
4207,0,17
4208,0,17
4209,0,17
4210,0,17
4211,0,17
4212,0,17
4213,0,17
4214,0,17
4215,0,17
4216,0,17
4217,0,17
4218,0,17
4219,0,18
4220,0,17
4221,0,17
4222,0,17
4223,0,17
4224,0,17
4225,0,17
4226,0,17
4227,0,17
4228,0,17
4229,0,17
4230,0,17
4231,0,17
4232,0,17
4233,0,17
4234,0,17
4235,0,17
4236,0,17
4237,0,17
4238,0,17
4239,0,17
4240,0,17
4241,0,17
4242,0,17
4243,0,18
4244,0,19
4245,0,19
4246,0,20
4247,0,20
4248,0,20
4249,0,20
4250,0,20
4251,0,19
4252,0,18
4253,0,18
4254,0,18
4255,0,17
4256,0,19
4257,0,19
4258,0,19
4259,0,19
4260,0,19
4261,0,19
4262,0,19
4263,0,19
4264,0,20
4265,0,20
4266,0,19
4267,0,19
4268,0,20
4269,0,20
4270,0,20
4271,0,20
4272,0,20
4273,0,20
4274,0,20
4275,0,19
4276,0,19
4277,0,18
4278,0,18
4279,0,16
4280,0,15
4281,0,15
4282,0,14
4283,0,13
4284,0,13
4285,0,12
4286,0,12
4287,0,12
4288,0,13
4289,0,13
4290,0,13
4291,0,13
4292,0,13
4293,0,13
4294,0,13
4295,0,13
4296,0,13
4297,0,13
4298,0,13
4299,0,13
4300,0,13
4301,0,13
4302,0,14
4303,0,14
4304,0,14
4305,0,14
4306,0,14
4307,0,14
4308,0,14
4309,0,14
4310,0,14
4311,0,14
4312,0,14
4313,0,14
4314,0,14
4315,0,14
4316,0,14
4317,0,15
4318,0,15
4319,0,15
4320,0,15
4321,0,15
4322,0,15
4323,0,15
4324,0,15
4325,0,15
4326,0,15
4327,0,15
4328,0,15
4329,0,15
4330,0,15
4331,0,15
4332,0,15
4333,0,15
4334,0,15
4335,0,15
4336,0,15
4337,0,15
4338,0,15
4339,0,15
4340,0,15
4341,0,15
4342,0,15
4343,0,15
4344,0,16
4345,0,16
4346,0,16
4347,0,16
4348,0,16
4349,0,16
4350,0,16
4351,0,16
4352,0,16
4353,0,16
4354,0,16
4355,0,16
4356,0,15
4357,0,15
4358,0,14
4359,0,14
4360,0,14
4361,0,14
4362,0,14
4363,0,14
4364,0,14
4365,0,15
4366,0,14
4367,0,14
4368,0,15
4369,0,15
4370,0,15
4371,0,14
4372,0,14
4373,0,15
4374,0,15
4375,0,15
4376,0,16
4377,0,16
4378,0,16
4379,0,15
4380,0,15
4381,0,14
4382,0,15
4383,0,15
4384,0,15
4385,0,15
4386,0,15
4387,0,15
4388,0,15
4389,0,15
4390,0,15
4391,0,15
4392,0,15
4393,0,15
4394,0,15
4395,0,16
4396,0,16
4397,0,16
4398,0,16
4399,0,16
4400,0,16
4401,0,16
4402,0,16
4403,0,16
4404,0,16
4405,0,16
4406,0,16
4407,0,16
4408,0,16
4409,0,16
4410,0,17
4411,0,16
4412,0,16
4413,0,16
4414,0,16
4415,0,16
4416,0,16
4417,0,16
4418,0,16
4419,0,16
4420,0,16
4421,0,16
4422,0,16
4423,0,16
4424,0,16
4425,0,16
4426,0,16
4427,0,16
4428,0,16
4429,0,16
4430,0,17
4431,0,17
4432,0,17
4433,0,17
4434,0,17
4435,0,17
4436,0,17
4437,0,17
4438,0,17
4439,0,17
4440,0,17
4441,0,17
4442,0,17
4443,0,17
4444,0,17
4445,0,18
4446,0,18
4447,0,18
4448,0,19
4449,0,19
4450,0,19
4451,0,19
4452,0,19
4453,0,19
4454,0,19
4455,0,19
4456,0,18
4457,0,18
4458,0,17
4459,0,16
4460,0,15
4461,0,15
4462,0,14
4463,0,13
4464,0,12
4465,0,12
4466,0,13
4467,0,13
4468,0,13
4469,0,14
4470,0,14
4471,0,14
4472,0,14
4473,0,14
4474,0,14
4475,0,14
4476,0,14
4477,0,14
4478,0,14
4479,0,15
4480,0,15
4481,0,15
4482,0,15
4483,0,15
4484,0,15
4485,0,16
4486,0,16
4487,0,16
4488,0,16
4489,0,16
4490,0,16
4491,0,16
4492,0,16
4493,0,16
4494,0,16
4495,0,16
4496,0,16
4497,0,16
4498,0,16
4499,0,16
4500,0,16
4501,0,16
4502,0,16
4503,0,16
4504,0,16
4505,0,16
4506,0,16
4507,0,16
4508,0,16
4509,0,16
4510,0,16
4511,0,17
4512,0,17
4513,0,17
4514,0,17
4515,0,17
4516,0,17
4517,0,17
4518,0,17
4519,0,17
4520,0,17
4521,0,18
4522,0,18
4523,0,18
4524,0,17
4525,0,16
4526,0,16
4527,0,15
4528,0,15
4529,0,15
4530,0,15
4531,0,15
4532,0,15
4533,0,15
4534,0,15
4535,0,15
4536,0,16
4537,0,16
4538,0,16
4539,0,16
4540,0,16
4541,0,16
4542,0,16
4543,0,16
4544,0,16
4545,0,16
4546,0,16
4547,0,16
4548,0,16
4549,0,16
4550,0,15
4551,0,15
4552,0,14
4553,0,13
4554,0,12
4555,0,12
4556,0,11
4557,0,10
4558,0,9
4559,0,9
4560,0,9
4561,0,9
4562,0,10
4563,0,10
4564,0,10
4565,0,11
4566,0,11
4567,0,11
4568,0,11
4569,0,11
4570,0,11
4571,0,11
4572,0,11
4573,0,11
4574,0,11
4575,0,11
4576,0,11
4577,0,11
4578,0,11
4579,0,11
4580,0,11
4581,0,11
4582,0,11
4583,0,11
4584,0,12
4585,0,12
4586,0,12
4587,0,12
4588,0,12
4589,0,12
4590,0,12
4591,0,12
4592,0,12
4593,0,12
4594,0,12
4595,0,12
4596,0,13
4597,0,13
4598,0,13
4599,0,13
4600,0,13
4601,0,13
4602,0,13
4603,0,13
4604,0,14
4605,0,14
4606,0,14
4607,0,14
4608,0,14
4609,0,14
4610,0,14
4611,0,14
4612,0,14
4613,0,14
4614,0,14
4615,0,15
4616,0,15
4617,0,15
4618,0,15
4619,0,15
4620,0,15
4621,0,15
4622,0,15
4623,0,15
4624,0,15
4625,0,15
4626,0,15
4627,0,15
4628,0,16
4629,0,16
4630,0,16
4631,0,16
4632,0,16
4633,0,16
4634,0,16
4635,0,17
4636,0,17
4637,0,17
4638,0,17
4639,0,17
4640,0,18
4641,0,18
4642,0,18
4643,0,18
4644,0,18
4645,0,18
4646,0,18
4647,0,18
4648,0,18
4649,0,18
4650,0,18
4651,0,18
4652,0,18
4653,0,18
4654,0,18
4655,0,18
4656,0,18
4657,0,18
4658,0,18
4659,0,18
4660,0,18
4661,0,19
4662,0,19
4663,0,19
4664,0,19
4665,0,19
4666,0,19
4667,0,19
4668,0,19
4669,0,19
4670,0,19
4671,0,19
4672,0,19
4673,0,19
4674,0,19
4675,0,19
4676,0,19
4677,0,19
4678,0,19
4679,0,19
4680,0,19
4681,0,19
4682,0,19
4683,0,19
4684,0,19
4685,0,19
4686,0,20
4687,0,20
4688,0,20
4689,0,20
4690,0,20
4691,0,20
4692,0,20
4693,0,20
4694,0,21
4695,0,21
4696,0,21
4697,0,21
4698,0,21
4699,0,21
4700,0,21
4701,0,21
4702,0,21
4703,0,21
4704,0,21
4705,0,21
4706,0,20
4707,0,20
4708,0,19
4709,0,18
4710,0,17
4711,0,17
4712,0,16
4713,0,15
4714,0,14
4715,0,14
4716,0,13
4717,0,12
4718,0,11
4719,0,10
4720,0,9
4721,0,8
4722,0,8
4723,0,7
4724,0,7
4725,0,7
4726,0,7
4727,0,7
4728,0,7
4729,0,7
4730,0,7
4731,0,7
4732,0,7
4733,0,7
4734,0,7
4735,0,7
4736,0,7
4737,0,8
4738,0,7
4739,0,7
4740,0,6
4741,0,6
4742,0,7
4743,0,8
4744,0,9
4745,0,9
4746,0,11
4747,0,10
4748,0,12
4749,0,13
4750,0,13
4751,0,14
4752,0,15
4753,0,15
4754,0,15
4755,0,15
4756,0,15
4757,0,15
4758,0,15
4759,0,16
4760,0,15
4761,0,15
4762,0,15
4763,0,15
4764,0,15
4765,0,15
4766,0,15
4767,0,15
4768,0,15
4769,0,15
4770,0,15
4771,0,15
4772,0,15
4773,0,15
4774,0,15
4775,0,15
4776,0,15
4777,0,15
4778,0,15
4779,0,15
4780,0,15
4781,0,15
4782,0,15
4783,0,16
4784,0,16
4785,0,16
4786,0,16
4787,0,16
4788,0,16
4789,0,16
4790,0,16
4791,0,16
4792,0,16
4793,0,16
4794,0,16
4795,0,17
4796,0,17
4797,0,17
4798,0,17
4799,0,17
4800,0,17
4801,0,17
4802,0,17
4803,0,17
4804,0,17
4805,0,17
4806,0,18
4807,0,18
4808,0,18
4809,0,18
4810,0,18
4811,0,18
4812,0,18
4813,0,18
4814,0,18
4815,0,18
4816,0,18
4817,0,18
4818,0,18
4819,0,18
4820,0,18
4821,0,18
4822,0,18
4823,0,18
4824,0,18
4825,0,18
4826,0,18
4827,0,18
4828,0,18
4829,0,18
4830,0,18
4831,0,18
4832,0,18
4833,0,18
4834,0,18
4835,0,18
4836,0,18
4837,0,18
4838,0,18
4839,0,19
4840,0,19
4841,0,18
4842,0,18
4843,0,18
4844,0,18
4845,0,18
4846,0,18
4847,0,18
4848,0,19
4849,0,19
4850,0,19
4851,0,19
4852,0,19
4853,0,19
4854,0,19
4855,0,19
4856,0,19
4857,0,19
4858,0,19
4859,0,19
4860,0,19
4861,0,19
4862,0,19
4863,0,19
4864,0,19
4865,0,19
4866,0,19
4867,0,19
4868,0,19
4869,0,19
4870,0,19
4871,0,19
4872,0,19
4873,0,20
4874,0,20
4875,0,20
4876,0,21
4877,0,21
4878,0,21
4879,0,21
4880,0,21
4881,0,21
4882,0,21
4883,0,21
4884,0,21
4885,0,21
4886,0,21
4887,0,21
4888,0,21
4889,0,21
4890,0,21
4891,0,21
4892,0,21
4893,0,21
4894,0,20
4895,0,19
4896,0,19
4897,0,18
4898,0,17
4899,0,16
4900,0,15
4901,0,15
4902,0,14
4903,0,13
4904,0,12
4905,0,12
4906,0,12
4907,0,12
4908,0,12
4909,0,12
4910,0,12
4911,0,12
4912,0,12
4913,0,12
4914,0,12
4915,0,12
4916,0,12
4917,0,12
4918,0,12
4919,0,12
4920,0,12
4921,0,12
4922,0,12
4923,0,12
4924,0,12
4925,0,12
4926,0,12
4927,0,12
4928,0,12
4929,0,12
4930,0,12
4931,0,12
4932,0,12
4933,0,12
4934,0,12
4935,0,12
4936,0,12
4937,0,13
4938,0,13
4939,0,13
4940,0,13
4941,0,13
4942,0,13
4943,0,13
4944,0,13
4945,0,13
4946,0,13
4947,0,13
4948,0,13
4949,0,14
4950,0,14
4951,0,14
4952,0,14
4953,0,14
4954,0,14
4955,0,14
4956,0,14
4957,0,14
4958,0,14
4959,0,14
4960,0,14
4961,0,14
4962,0,14
4963,0,14
4964,0,14
4965,0,14
4966,0,14
4967,0,14
4968,0,14
4969,0,14
4970,0,14
4971,0,14
4972,0,14
4973,0,14
4974,0,13
4975,0,13
4976,0,12
4977,0,11
4978,0,10
4979,0,10
4980,0,9
4981,0,8
4982,0,8
4983,0,8
4984,0,8
4985,0,8
4986,0,8
4987,0,8
4988,0,8
4989,0,8
4990,0,8
4991,0,8
4992,0,9
4993,0,9
4994,0,9
4995,0,9
4996,0,9
4997,0,9
4998,0,9
4999,0,9
5000,0,9
5001,0,9
5002,0,9
5003,0,9
5004,0,9
5005,0,9
5006,0,9
5007,0,9
5008,0,9
5009,0,8
5010,0,8
5011,0,8
5012,0,7
5013,0,7
5014,0,7
5015,0,7
5016,0,7
5017,0,7
5018,0,7
5019,0,7
5020,0,7
5021,0,7
5022,0,7
5023,0,7
5024,0,7
5025,0,7
5026,0,7
5027,0,7
5028,0,7
5029,0,7
5030,0,7
5031,0,7
5032,0,7
5033,0,7
5034,0,7
5035,0,7
5036,0,7
5037,0,7
5038,0,7
5039,0,7
5040,0,7
5041,0,7
5042,0,7
5043,0,7
5044,0,6
5045,0,6
5046,0,6
5047,0,6
5048,0,6
5049,0,7
5050,0,7
5051,0,7
5052,0,7
5053,0,7
5054,0,7
5055,0,7
5056,0,7
5057,0,7
5058,0,7
5059,0,7
5060,0,7
5061,0,7
5062,0,7
5063,0,7
5064,0,7
5065,0,7
5066,0,7
5067,0,7
5068,0,7
5069,0,8
5070,0,8
5071,0,9
5072,0,9
5073,0,9
5074,0,9
5075,0,8
5076,0,8
5077,0,7
5078,0,7
5079,0,7
5080,0,7
5081,0,7
5082,0,7
5083,0,7
5084,0,7
5085,0,7
5086,0,7
5087,0,7
5088,0,7
5089,0,7
5090,0,7
5091,0,8
5092,0,8
5093,0,8
5094,0,8
5095,0,9
5096,0,9
5097,0,9
5098,0,9
5099,0,9
5100,0,9
5101,0,9
5102,0,9
5103,0,9
5104,0,9
5105,0,9
5106,0,9
5107,0,9
5108,0,9
5109,0,9
5110,0,9
5111,0,9
5112,0,9
5113,0,9
5114,0,9
5115,0,10
5116,0,10
5117,0,10
5118,0,10
5119,0,10
5120,0,10
5121,0,10
5122,0,10
5123,0,10
5124,0,10
5125,0,10
5126,0,10
5127,0,10
5128,0,10
5129,0,10
5130,0,10
5131,0,10
5132,0,10
5133,0,10
5134,0,10
5135,0,10
5136,0,10
5137,0,10
5138,0,10
5139,0,10
5140,0,10
5141,0,10
5142,0,10
5143,0,10
5144,0,10
5145,0,10
5146,0,10
5147,0,10
5148,0,10
5149,0,10
5150,0,10
5151,0,10
5152,0,10
5153,0,10
5154,0,10
5155,0,10
5156,0,10
5157,0,10
5158,0,10
5159,0,10
5160,0,10
5161,0,10
5162,0,10
5163,0,10
5164,0,10
5165,0,9
5166,0,9
5167,0,8
5168,0,8
5169,0,8
5170,0,8
5171,0,8
5172,0,8
5173,0,8
5174,0,8
5175,0,8
5176,0,8
5177,0,8
5178,0,8
5179,0,8
5180,0,8
5181,0,8
5182,0,8
5183,0,8
5184,0,8
5185,0,8
5186,0,8
5187,0,8
5188,0,8
5189,0,8
5190,0,8
5191,0,8
5192,0,8
5193,0,8
5194,0,8
5195,0,8
5196,0,8
5197,0,8
5198,0,8
5199,0,9
5200,0,9
5201,0,9
5202,0,9
5203,0,9
5204,0,10
5205,0,10
5206,0,10
5207,0,10
5208,0,10
5209,0,10
5210,0,10
5211,0,10
5212,0,10
5213,0,10
5214,0,10
5215,0,10
5216,0,10
5217,0,10
5218,0,10
5219,0,10
5220,0,11
5221,0,11
5222,0,11
5223,0,11
5224,0,11
5225,0,11
5226,0,11
5227,0,11
5228,0,12
5229,0,12
5230,0,12
5231,0,12
5232,0,12
5233,0,12
5234,0,12
5235,0,12
5236,0,12
5237,0,12
5238,0,12
5239,0,12
5240,0,12
5241,0,12
5242,0,12
5243,0,12
5244,0,12
5245,0,12
5246,0,12
5247,0,11
5248,0,11
5249,0,10
5250,0,10
5251,0,9
5252,0,8
5253,0,7
5254,0,7
5255,0,6
5256,0,6
5257,0,6
5258,0,6
5259,0,6
5260,0,6
5261,0,6
5262,0,6
5263,0,6
5264,0,6
5265,0,6
5266,0,6
5267,0,6
5268,0,6
5269,0,6
5270,0,6
5271,0,6
5272,0,6
5273,0,6
5274,0,6
5275,0,6
5276,0,7
5277,0,7
5278,0,7
5279,0,7
5280,0,7
5281,0,7
5282,0,7
5283,0,7
5284,0,7
5285,0,7
5286,0,7
5287,0,7
5288,0,7
5289,0,7
5290,0,7
5291,0,7
5292,0,7
5293,0,7
5294,0,7
5295,0,8
5296,0,8
5297,0,8
5298,0,8
5299,0,8
5300,0,8
5301,0,8
5302,0,8
5303,0,8
5304,0,8
5305,0,7
5306,0,7
5307,0,7
5308,0,8
5309,0,8
5310,0,8
5311,0,8
5312,0,8
5313,0,8
5314,0,8
5315,0,8
5316,0,8
5317,0,8
5318,0,8
5319,0,8
5320,0,8
5321,0,8
5322,0,8
5323,0,8
5324,0,8
5325,0,8
5326,0,8
5327,0,8
5328,0,8
5329,0,8
5330,0,8
5331,0,8
5332,0,8
5333,0,8
5334,0,8
5335,0,8
5336,0,8
5337,0,8
5338,0,8
5339,0,8
5340,0,8
5341,0,8
5342,0,8
5343,0,9
5344,0,9
5345,0,10
5346,0,10
5347,0,10
5348,0,10
5349,0,10
5350,0,10
5351,0,10
5352,0,10
5353,0,10
5354,0,10
5355,0,10
5356,0,10
5357,0,10
5358,0,10
5359,0,10
5360,0,10
5361,0,10
5362,0,10
5363,0,10
5364,0,10
5365,0,10
5366,0,10
5367,0,10
5368,0,10
5369,0,10
5370,0,10
5371,0,11
5372,0,11
5373,0,11
5374,0,11
5375,0,11
5376,0,11
5377,0,11
5378,0,11
5379,0,11
5380,0,11
5381,0,11
5382,0,11
5383,0,11
5384,0,11
5385,0,11
5386,0,11
5387,0,11
5388,0,11
5389,0,11
5390,0,11
5391,0,11
5392,0,11
5393,0,11
5394,0,11
5395,0,11
5396,0,11
5397,0,11
5398,0,11
5399,0,11
5400,0,11
5401,0,12
5402,0,12
5403,0,13
5404,0,13
5405,0,13
5406,0,13
5407,0,13
5408,0,13
5409,0,13
5410,0,13
5411,0,13
5412,0,13
5413,0,13
5414,0,13
5415,0,13
5416,0,13
5417,0,13
5418,0,13
5419,0,13
5420,0,14
5421,0,14
5422,0,14
5423,0,14
5424,0,14
5425,0,14
5426,0,14
5427,0,15
5428,0,15
5429,0,15
5430,0,16
5431,0,16
5432,0,16
5433,0,16
5434,0,16
5435,0,16
5436,0,16
5437,0,16
5438,0,16
5439,0,17
5440,0,17
5441,0,17
5442,0,17
5443,0,17
5444,0,17
5445,0,17
5446,0,17
5447,0,16
5448,0,16
5449,0,15
5450,0,14
5451,0,13
5452,0,13
5453,0,13
5454,0,12
5455,0,12
5456,0,11
5457,0,10
5458,0,9
5459,0,8
5460,0,8
5461,0,8
5462,0,8
5463,0,9
5464,0,9
5465,0,9
5466,0,9
5467,0,9
5468,0,9
5469,0,9
5470,0,9
5471,0,9
5472,0,9
5473,0,9
5474,0,9
5475,0,9
5476,0,9
5477,0,9
5478,0,9
5479,0,9
5480,0,9
5481,0,9
5482,0,9
5483,0,9
5484,0,9
5485,0,9
5486,0,9
5487,0,9
5488,0,9
5489,0,9
5490,0,9
5491,0,10
5492,0,10
5493,0,10
5494,0,10
5495,0,10
5496,0,10
5497,0,10
5498,0,10
5499,0,10
5500,0,10
5501,0,10
5502,0,10
5503,0,10
5504,0,11
5505,0,11
5506,0,10
5507,0,10
5508,0,10
5509,0,10
5510,0,10
5511,0,10
5512,0,10
5513,0,10
5514,0,10
5515,0,10
5516,0,10
5517,0,10
5518,0,10
5519,0,10
5520,0,10
5521,0,10
5522,0,10
5523,0,10
5524,0,10
5525,0,10
5526,0,10
5527,0,10
5528,0,10
5529,0,10
5530,0,10
5531,0,10
5532,0,11
5533,0,11
5534,0,11
5535,0,11
5536,0,11
5537,0,11
5538,0,11
5539,0,11
5540,0,12
5541,0,12
5542,0,12
5543,0,12
5544,0,12
5545,0,12
5546,0,12
5547,0,12
5548,0,12
5549,0,12
5550,0,12
5551,0,12
5552,0,12
5553,0,12
5554,0,12
5555,0,12
5556,0,12
5557,0,12
5558,0,12
5559,0,11
5560,0,10
5561,0,10
5562,0,9
5563,0,8
5564,0,7
5565,0,7
5566,0,6
5567,0,6
5568,0,6
5569,0,6
5570,0,6
5571,0,6
5572,0,6
5573,0,6
5574,0,7
5575,0,7
5576,0,7
5577,0,7
5578,0,8
5579,0,7
5580,0,7
5581,0,6
5582,0,6
5583,0,7
5584,0,8
5585,0,8
5586,0,8
5587,0,8
5588,0,8
5589,0,8
5590,0,8
5591,0,8
5592,0,8
5593,0,8
5594,0,9
5595,0,9
5596,0,9
5597,0,9
5598,0,9
5599,0,9
5600,0,9
5601,0,9
5602,0,9
5603,0,9
5604,0,9
5605,0,9
5606,0,9
5607,0,9
5608,0,9
5609,0,9
5610,0,9
5611,0,9
5612,0,9
5613,0,9
5614,0,9
5615,0,9
5616,0,9
5617,0,9
5618,0,9
5619,0,9
5620,0,9
5621,0,9
5622,0,9
5623,0,9
5624,0,9
5625,0,9
5626,0,9
5627,0,9
5628,0,9
5629,0,9
5630,0,9
5631,0,9
5632,0,9
5633,0,9
5634,0,9
5635,0,9
5636,0,9
5637,0,9
5638,0,9
5639,0,9
5640,0,9
5641,0,9
5642,0,9
5643,0,9
5644,0,9
5645,0,9
5646,0,9
5647,0,9
5648,0,9
5649,0,9
5650,0,9
5651,0,9
5652,0,9
5653,0,10
5654,0,10
5655,0,10
5656,0,10
5657,0,10
5658,0,10
5659,0,10
5660,0,10
5661,0,10
5662,0,10
5663,0,10
5664,0,10
5665,0,10
5666,0,10
5667,0,10
5668,0,10
5669,0,10
5670,0,10
5671,0,10
5672,0,10
5673,0,10
5674,0,10
5675,0,10
5676,0,10
5677,0,10
5678,0,10
5679,0,11
5680,0,11
5681,0,11
5682,0,11
5683,0,11
5684,0,11
5685,0,11
5686,0,11
5687,0,11
5688,0,11
5689,0,11
5690,0,12
5691,0,12
5692,0,12
5693,0,12
5694,0,12
5695,0,12
5696,0,12
5697,0,12
5698,0,12
5699,0,12
5700,0,12
5701,0,12
5702,0,12
5703,0,12
5704,0,12
5705,0,12
5706,0,12
5707,0,12
5708,0,12
5709,0,12
5710,0,12
5711,0,12
5712,0,12
5713,0,12
5714,0,12
5715,0,12
5716,0,12
5717,0,12
5718,0,12
5719,0,12
5720,0,12
5721,0,12
5722,0,12
5723,0,12
5724,0,12
5725,0,12
5726,0,12
5727,0,12
5728,0,12
5729,0,12
5730,0,12
5731,0,12
5732,0,12
5733,0,12
5734,0,12
5735,0,12
5736,0,12
5737,0,12
5738,0,12
5739,0,12
5740,0,12
5741,0,12
5742,0,12
5743,0,12
5744,0,12
5745,0,12
5746,0,12
5747,0,12
5748,0,12
5749,0,12
5750,0,12
5751,0,12
5752,0,12
5753,0,12
5754,0,12
5755,0,12
5756,0,12
5757,0,12
5758,0,12
5759,0,12
5760,0,12
5761,0,12
5762,0,12
5763,0,12
5764,0,12
5765,0,12
5766,0,12
5767,0,12
5768,0,12
5769,0,12
5770,0,12
5771,0,12
5772,0,12
5773,0,12
5774,0,13
5775,0,13
5776,0,13
5777,0,13
5778,0,13
5779,0,13
5780,0,13
5781,0,13
5782,0,13
5783,0,13
5784,0,13
5785,0,13
5786,0,12
5787,0,11
5788,0,11
5789,0,10
5790,0,11
5791,0,10
5792,0,9
5793,0,9
5794,0,9
5795,0,9
5796,0,9
5797,0,9
5798,0,9
5799,0,9
5800,0,9
5801,0,9
5802,0,9
5803,0,9
5804,0,9
5805,0,9
5806,0,9
5807,0,9
5808,0,9
5809,0,9
5810,0,9
5811,0,9
5812,0,9
5813,0,9
5814,0,9
5815,0,9
5816,0,9
5817,0,9
5818,0,9
5819,0,9
5820,0,9
5821,0,9
5822,0,9
5823,0,9
5824,0,9
5825,0,9
5826,0,9
5827,0,10
5828,0,10
5829,0,10
5830,0,10
5831,0,10
5832,0,10
5833,0,10
5834,0,10
5835,0,10
5836,0,10
5837,0,10
5838,0,10
5839,0,11
5840,0,11
5841,0,11
5842,0,12
5843,0,12
5844,0,12
5845,0,12
5846,0,12
5847,0,12
5848,0,12
5849,0,12
5850,0,12
5851,0,12
5852,0,12
5853,0,12
5854,0,12
5855,0,12
5856,0,12
5857,0,12
5858,0,12
5859,0,12
5860,0,12
5861,0,12
5862,0,12
5863,0,12
5864,0,12
5865,0,12
5866,0,12
5867,0,12
5868,0,13
5869,0,13
5870,0,13
5871,0,13
5872,0,13
5873,0,13
5874,0,13
5875,0,13
5876,0,13
5877,0,13
5878,0,13
5879,0,13
5880,0,13
5881,0,13
5882,0,13
5883,0,13
5884,0,13
5885,0,13
5886,0,13
5887,0,12
5888,0,12
5889,0,12
5890,0,12
5891,0,12
5892,0,12
5893,0,13
5894,0,13
5895,0,13
5896,0,13
5897,0,13
5898,0,13
5899,0,13
5900,0,13
5901,0,13
5902,0,13
5903,0,13
5904,0,13
5905,0,13
5906,0,13
5907,0,12
5908,0,11
5909,0,10
5910,0,10
5911,0,9
5912,0,9
5913,0,9
5914,0,9
5915,0,9
5916,0,9
5917,0,9
5918,0,9
5919,0,9
5920,0,9
5921,0,9
5922,0,9
5923,0,9
5924,0,9
5925,0,9
5926,0,9
5927,0,9
5928,0,9
5929,0,9
5930,0,9
5931,0,9
5932,0,9
5933,0,9
5934,0,9
5935,0,9
5936,0,9
5937,0,9
5938,0,9
5939,0,9
5940,0,9
5941,0,10
5942,0,10
5943,0,10
5944,0,10
5945,0,10
5946,0,10
5947,0,10
5948,0,10
5949,0,10
5950,0,11
5951,0,11
5952,0,11
5953,0,11
5954,0,11
5955,0,11
5956,0,11
5957,0,12
5958,0,12
5959,0,13
5960,0,13
5961,0,13
5962,0,13
5963,0,13
5964,0,13
5965,0,13
5966,0,13
5967,0,13
5968,0,13
5969,0,13
5970,0,13
5971,0,13
5972,0,13
5973,0,13
5974,0,13
5975,0,13
5976,0,13
5977,0,13
5978,0,13
5979,0,13
5980,0,13
5981,0,13
5982,0,13
5983,0,13
5984,0,13
5985,0,13
5986,0,13
5987,0,13
5988,0,13
5989,0,13
5990,0,13
5991,0,13
5992,0,13
5993,0,13
5994,0,13
5995,0,13
5996,0,13
5997,0,14
5998,0,14
5999,0,14
6000,0,14
6001,0,14
6002,0,14
6003,0,14
6004,0,14
6005,0,14
6006,0,14
6007,0,14
6008,0,14
6009,0,14
6010,0,14
6011,0,14
6012,0,14
6013,0,14
6014,0,14
6015,0,14
6016,0,14
6017,0,14
6018,0,14
6019,0,14
6020,0,14
6021,0,14
6022,0,14
6023,0,14
6024,0,14
6025,0,14
6026,0,14
6027,0,14
6028,0,14
6029,0,14
6030,0,14
6031,0,14
6032,0,14
6033,0,14
6034,0,14
6035,0,14
6036,0,14
6037,0,14
6038,0,14
6039,0,14
6040,0,14
6041,0,16
6042,0,16
6043,0,15
6044,0,15
6045,0,15
6046,0,15
6047,0,15
6048,0,15
6049,0,15
6050,0,15
6051,0,15
6052,0,15
6053,0,15
6054,0,15
6055,0,15
6056,0,16
6057,0,16
6058,0,16
6059,0,16
6060,0,16
6061,0,16
6062,0,16
6063,0,16
6064,0,16
6065,0,16
6066,0,16
6067,0,16
6068,0,17
6069,0,16
6070,0,16
6071,0,16
6072,0,15
6073,0,14
6074,0,14
6075,0,13
6076,0,12
6077,0,11
6078,0,10
6079,0,10
6080,0,10
6081,0,9
6082,0,9
6083,0,9
6084,0,9
6085,0,9
6086,0,9
6087,0,9
6088,0,10
6089,0,10
6090,0,10
6091,0,10
6092,0,10
6093,0,11
6094,0,11
6095,0,11
6096,0,11
6097,0,11
6098,0,11
6099,0,11
6100,0,11
6101,0,11
6102,0,11
6103,0,11
6104,0,11
6105,0,11
6106,0,11
6107,0,11
6108,0,11
6109,0,11
6110,0,11
6111,0,11
6112,0,12
6113,0,12
6114,0,12
6115,0,12
6116,0,12
6117,0,12
6118,0,12
6119,0,12
6120,0,12
6121,0,12
6122,0,12
6123,0,12
6124,0,12
6125,0,13
6126,0,13
6127,0,12
6128,0,12
6129,0,12
6130,0,12
6131,0,13
6132,0,13
6133,0,13
6134,0,13
6135,0,13
6136,0,13
6137,0,13
6138,0,13
6139,0,12
6140,0,11
6141,0,10
6142,0,10
6143,0,8
6144,0,9
6145,0,9
6146,0,8
6147,0,7
6148,0,7
6149,0,7
6150,0,7
6151,0,7
6152,0,7
6153,0,7
6154,0,7
6155,0,7
6156,0,7
6157,0,7
6158,0,7
6159,0,7
6160,0,7
6161,0,7
6162,0,7
6163,0,7
6164,0,8
6165,0,8
6166,0,8
6167,0,8
6168,0,8
6169,0,8
6170,0,8
6171,0,9
6172,0,9
6173,0,9
6174,0,9
6175,0,9
6176,0,9
6177,0,9
6178,0,9
6179,0,9
6180,0,9
6181,0,9
6182,0,9
6183,0,9
6184,0,9
6185,0,9
6186,0,9
6187,0,9
6188,0,9
6189,0,9
6190,0,8
6191,0,8
6192,0,7
6193,0,7
6194,0,7
6195,0,7
6196,0,7
6197,0,7
6198,0,7
6199,0,7
6200,0,7
6201,0,7
6202,0,7
6203,0,7
6204,0,7
6205,0,7
6206,0,7
6207,0,7
6208,0,7
6209,0,7
6210,0,7
6211,0,7
6212,0,7
6213,0,7
6214,0,7
6215,0,7
6216,0,7
6217,0,7
6218,0,7
6219,0,7
6220,0,7
6221,0,7
6222,0,7
6223,0,7
6224,0,7
6225,0,7
6226,0,7
6227,0,7
6228,0,7
6229,0,7
6230,0,7
6231,0,7
6232,0,7
6233,0,7
6234,0,7
6235,0,7
6236,0,7
6237,0,7
6238,0,7
6239,0,7
6240,0,7
6241,0,8
6242,0,8
6243,0,8
6244,0,8
6245,0,8
6246,0,8
6247,0,8
6248,0,8
6249,0,8
6250,0,8
6251,0,8
6252,0,8
6253,0,8
6254,0,8
6255,0,8
6256,0,8
6257,0,8
6258,0,8
6259,0,8
6260,0,8
6261,0,8
6262,0,8
6263,0,8
6264,0,8
6265,0,8
6266,0,8
6267,0,8
6268,0,8
6269,0,8
6270,0,8
6271,0,8
6272,0,8
6273,0,8
6274,0,8
6275,0,8
6276,0,8
6277,0,8
6278,0,8
6279,0,8
6280,0,9
6281,0,9
6282,0,9
6283,0,9
6284,0,9
6285,0,9
6286,0,9
6287,0,9
6288,0,9
6289,0,9
6290,0,9
6291,0,9
6292,0,9
6293,0,9
6294,0,9
6295,0,9
6296,0,9
6297,0,9
6298,0,9
6299,0,9
6300,0,9
6301,0,9
6302,0,9
6303,0,9
6304,0,10
6305,0,10
6306,0,10
6307,0,10
6308,0,9
6309,0,9
6310,0,8
6311,0,8
6312,0,8
6313,0,8
6314,0,8
6315,0,8
6316,0,8
6317,0,8
6318,0,8
6319,0,8
6320,0,9
6321,0,9
6322,0,8
6323,0,8
6324,0,7
6325,0,6
6326,0,6
6327,0,7
6328,0,7
6329,0,7
6330,0,7
6331,0,7
6332,0,7
6333,0,7
6334,0,8
6335,0,8
6336,0,8
6337,0,8
6338,0,9
6339,0,9
6340,0,9
6341,0,9
6342,0,9
6343,0,9
6344,0,9
6345,0,9
6346,0,9
6347,0,10
6348,0,10
6349,0,10
6350,0,10
6351,0,10
6352,0,10
6353,0,10
6354,0,10
6355,0,10
6356,0,10
6357,0,10
6358,0,10
6359,0,11
6360,0,11
6361,0,11
6362,0,11
6363,0,11
6364,0,11
6365,0,11
6366,0,11
6367,0,11
6368,0,11
6369,0,11
6370,0,11
6371,0,11
6372,0,11
6373,0,11
6374,0,11
6375,0,11
6376,0,11
6377,0,12
6378,0,12
6379,0,12
6380,0,13
6381,0,13
6382,0,13
6383,0,13
6384,0,13
6385,0,13
6386,0,13
6387,0,13
6388,0,13
6389,0,13
6390,0,13
6391,0,13
6392,0,13
6393,0,13
6394,0,13
6395,0,13
6396,0,13
6397,0,13
6398,0,13
6399,0,13
6400,0,13
6401,0,13
6402,0,13
6403,0,13
6404,0,13
6405,0,13
6406,0,13
6407,0,14
6408,0,14
6409,0,14
6410,0,14
6411,0,14
6412,0,14
6413,0,14
6414,0,14
6415,0,14
6416,0,14
6417,0,14
6418,0,14
6419,0,15
6420,0,15
6421,0,15
6422,0,15
6423,0,15
6424,0,15
6425,0,15
6426,0,15
6427,0,15
6428,0,15
6429,0,15
6430,0,16
6431,0,16
6432,0,16
6433,0,16
6434,0,16
6435,0,16
6436,0,16
6437,0,16
6438,0,16
6439,0,16
6440,0,16
6441,0,16
6442,0,16
6443,0,16
6444,0,16
6445,0,16
6446,0,17
6447,0,17
6448,0,17
6449,0,17
6450,0,17
6451,0,17
6452,0,17
6453,0,17
6454,0,17
6455,0,17
6456,0,17
6457,0,17
6458,0,17
6459,0,17
6460,0,17
6461,0,17
6462,0,17
6463,0,17
6464,0,17
6465,0,17
6466,0,17
6467,0,17
6468,0,17
6469,0,17
6470,0,17
6471,0,17
6472,0,17
6473,0,17
6474,0,17
6475,0,17
6476,0,17
6477,0,17
6478,0,17
6479,0,17
6480,0,17
6481,0,17
6482,0,17
6483,0,17
6484,0,17
6485,0,17
6486,0,17
6487,0,17
6488,0,17
6489,0,17
6490,0,17
6491,0,17
6492,0,17
6493,0,17
6494,0,17
6495,0,18
6496,0,18
6497,0,19
6498,0,19
6499,0,19
6500,0,19
6501,0,19
6502,0,19
6503,0,19
6504,0,19
6505,0,19
6506,0,19
6507,0,19
6508,0,19
6509,0,19
6510,0,19
6511,0,19
6512,0,20
6513,0,20
6514,0,20
6515,0,20
6516,0,20
6517,0,19
6518,0,19
6519,0,18
6520,0,17
6521,0,16
6522,0,15
6523,0,16
6524,0,15
6525,0,14
6526,0,13
6527,0,12
6528,0,11
6529,0,10
6530,0,11
6531,0,10
6532,0,10
6533,0,10
6534,0,10
6535,0,10
6536,0,10
6537,0,10
6538,0,10
6539,0,10
6540,0,10
6541,0,10
6542,0,10
6543,0,10
6544,0,10
6545,0,10
6546,0,10
6547,0,10
6548,0,10
6549,0,10
6550,0,10
6551,0,10
6552,0,10
6553,0,10
6554,0,10
6555,0,10
6556,0,10
6557,0,10
6558,0,10
6559,0,10
6560,0,10
6561,0,10
6562,0,10
6563,0,10
6564,0,10
6565,0,10
6566,0,10
6567,0,10
6568,0,10
6569,0,10
6570,0,9
6571,0,9
6572,0,9
6573,0,9
6574,0,9
6575,0,9
6576,0,10
6577,0,10
6578,0,10
6579,0,10
6580,0,10
6581,0,10
6582,0,10
6583,0,10
6584,0,10
6585,0,10
6586,0,10
6587,0,10
6588,0,10
6589,0,10
6590,0,10
6591,0,10
6592,0,10
6593,0,10
6594,0,10
6595,0,10
6596,0,10
6597,0,10
6598,0,10
6599,0,10
6600,0,10
6601,0,10
6602,0,10
6603,0,10
6604,0,10
6605,0,10
6606,0,10
6607,0,10
6608,0,11
6609,0,11
6610,0,11
6611,0,10
6612,0,10
6613,0,10
6614,0,10
6615,0,10
6616,0,10
6617,0,10
6618,0,10
6619,0,10
6620,0,10
6621,0,10
6622,0,10
6623,0,10
6624,0,10
6625,0,10
6626,0,10
6627,0,10
6628,0,10
6629,0,10
6630,0,10
6631,0,10
6632,0,10
6633,0,10
6634,0,10
6635,0,10
6636,0,10
6637,0,10
6638,0,10
6639,0,10
6640,0,10
6641,0,10
6642,0,10
6643,0,10
6644,0,10
6645,0,10
6646,0,10
6647,0,10
6648,0,10
6649,0,10
6650,0,11
6651,0,11
6652,0,11
6653,0,11
6654,0,11
6655,0,11
6656,0,11
6657,0,11
6658,0,11
6659,0,11
6660,0,11
6661,0,11
6662,0,11
6663,0,11
6664,0,11
6665,0,11
6666,0,11
6667,0,11
6668,0,11
6669,0,11
6670,0,11
6671,0,11
6672,0,11
6673,0,11
6674,0,11
6675,0,11
6676,0,12
6677,0,11
6678,0,11
6679,0,11
6680,0,12
6681,0,12
6682,0,13
6683,0,13
6684,0,13
6685,0,13
6686,0,13
6687,0,13
6688,0,13
6689,0,13
6690,0,13
6691,0,14
6692,0,14
6693,0,14
6694,0,14
6695,0,14
6696,0,14
6697,0,14
6698,0,14
6699,0,14
6700,0,14
6701,0,14
6702,0,14
6703,0,14
6704,0,15
6705,0,15
6706,0,15
6707,0,15
6708,0,15
6709,0,15
6710,0,15
6711,0,15
6712,0,15
6713,0,15
6714,0,15
6715,0,15
6716,0,15
6717,0,15
6718,0,15
6719,0,15
6720,0,15
6721,0,15
6722,0,16
6723,0,16
6724,0,16
6725,0,16
6726,0,16
6727,0,16
6728,0,17
6729,0,17
6730,0,16
6731,0,16
6732,0,15
6733,0,14
6734,0,13
6735,0,13
6736,0,12
6737,0,11
6738,0,10
6739,0,10
6740,0,10
6741,0,10
6742,0,10
6743,0,10
6744,0,10
6745,0,10
6746,0,10
6747,0,10
6748,0,10
6749,0,10
6750,0,10
6751,0,10
6752,0,10
6753,0,10
6754,0,11
6755,0,12
6756,0,12
6757,0,13
6758,0,14
6759,0,14
6760,0,14
6761,0,14
6762,0,14
6763,0,14
6764,0,14
6765,0,15
6766,0,15
6767,0,15
6768,0,15
6769,0,15
6770,0,15
6771,0,15
6772,0,15
6773,0,15
6774,0,15
6775,0,15
6776,0,15
6777,0,15
6778,0,16
6779,0,16
6780,0,16
6781,0,17
6782,0,17
6783,0,17
6784,0,17
6785,0,17
6786,0,17
6787,0,17
6788,0,17
6789,0,17
6790,0,17
6791,0,18
6792,0,18
6793,0,19
6794,0,19
6795,0,19
6796,0,19
6797,0,19
6798,0,19
6799,0,19
6800,0,19
6801,0,19
6802,0,19
6803,0,19
6804,0,19
6805,0,19
6806,0,19
6807,0,19
6808,0,19
6809,0,19
6810,0,19
6811,0,19
6812,0,19
6813,0,19
6814,0,19
6815,0,19
6816,0,19
6817,0,19
6818,0,19
6819,0,19
6820,0,19
6821,0,19
6822,0,19
6823,0,19
6824,0,19
6825,0,19
6826,0,19
6827,0,19
6828,0,19
6829,0,19
6830,0,19
6831,0,19
6832,0,19
6833,0,19
6834,0,19
6835,0,19
6836,0,19
6837,0,19
6838,0,19
6839,0,19
6840,0,19
6841,0,19
6842,0,19
6843,0,19
6844,0,19
6845,0,19
6846,0,19
6847,0,20
6848,0,20
6849,0,20
6850,0,20
6851,0,20
6852,0,20
6853,0,20
6854,0,20
6855,0,20
6856,0,20
6857,0,20
6858,0,20
6859,0,20
6860,0,20
6861,0,20
6862,0,20
6863,0,20
6864,0,20
6865,0,20
6866,0,20
6867,0,20
6868,0,20
6869,0,20
6870,0,20
6871,0,20
6872,0,20
6873,0,20
6874,0,20
6875,0,20
6876,0,19
6877,0,19
6878,0,18
6879,0,17
6880,0,16
6881,0,16
6882,0,15
6883,0,14
6884,0,13
6885,0,12
6886,0,12
6887,0,11
6888,0,10
6889,0,10
6890,0,10
6891,0,10
6892,0,10
6893,0,10
6894,0,10
6895,0,10
6896,0,10
6897,0,10
6898,0,10
6899,0,10
6900,0,10
6901,0,10
6902,0,10
6903,0,10
6904,0,10
6905,0,10
6906,0,10
6907,0,10
6908,0,10
6909,0,10
6910,0,10
6911,0,10
6912,0,10
6913,0,10
6914,0,10
6915,0,10
6916,0,10
6917,0,10
6918,0,10
6919,0,10
6920,0,10
6921,0,10
6922,0,10
6923,0,10
6924,0,10
6925,0,10
6926,0,10
6927,0,10
6928,0,10
6929,0,9
6930,0,9
6931,0,9
6932,0,8
6933,0,7
6934,0,6
6935,0,6
6936,0,6
6937,0,6
6938,0,6
6939,0,6
6940,0,6
6941,0,6
6942,0,6
6943,0,6
6944,0,6
6945,0,6
6946,0,6
6947,0,6
6948,0,6
6949,0,6
6950,0,6
6951,0,6
6952,0,6
6953,0,6
6954,0,6
6955,0,6
6956,0,6
6957,0,6
6958,0,7
6959,0,7
6960,0,7
6961,0,7
6962,0,7
6963,0,7
6964,0,7
6965,0,7
6966,0,7
6967,0,7
6968,0,7
6969,0,7
6970,0,7
6971,0,7
6972,0,7
6973,0,7
6974,0,7
6975,0,7
6976,0,7
6977,0,7
6978,0,7
6979,0,7
6980,0,7
6981,0,7
6982,0,7
6983,0,7
6984,0,7
6985,0,8
6986,0,8
6987,0,8
6988,0,8
6989,0,8
6990,0,8
6991,0,8
6992,0,9
6993,0,9
6994,0,9
6995,0,9
6996,0,9
6997,0,9
6998,0,9
6999,0,9
7000,0,9
7001,0,9
7002,0,9
7003,0,10
7004,0,10
7005,0,10
7006,0,10
7007,0,10
7008,0,10
7009,0,10
7010,0,11
7011,0,11
7012,0,11
7013,0,11
7014,0,11
7015,0,11
7016,0,11
7017,0,11
7018,0,10
7019,0,10
7020,0,10
7021,0,10
7022,0,10
7023,0,10
7024,0,10
7025,0,10
7026,0,10
7027,0,10
7028,0,10
7029,0,10
7030,0,10
7031,0,10
7032,0,10
7033,0,10
7034,0,10
7035,0,10
7036,0,11
7037,0,11
7038,0,11
7039,0,11
7040,0,12
7041,0,12
7042,0,12
7043,0,12
7044,0,12
7045,0,12
7046,0,12
7047,0,12
7048,0,12
7049,0,12
7050,0,12
7051,0,12
7052,0,12
7053,0,12
7054,0,12
7055,0,12
7056,0,12
7057,0,12
7058,0,12
7059,0,12
7060,0,12
7061,0,12
7062,0,12
7063,0,12
7064,0,12
7065,0,12
7066,0,12
7067,0,12
7068,0,12
7069,0,12
7070,0,12
7071,0,12
7072,0,12
7073,0,12
7074,0,12
7075,0,12
7076,0,12
7077,0,12
7078,0,12
7079,0,12
7080,0,12
7081,0,12
7082,0,12
7083,0,12
7084,0,12
7085,0,12
7086,0,12
7087,0,12
7088,0,12
7089,0,12
7090,0,12
7091,0,12
7092,0,12
7093,0,12
7094,0,12
7095,0,12
7096,0,12
7097,0,12
7098,0,12
7099,0,12
7100,0,12
7101,0,13
7102,0,13
7103,0,13
7104,0,13
7105,0,13
7106,0,13
7107,0,14
7108,0,14
7109,0,14
7110,0,14
7111,0,15
7112,0,15
7113,0,15
7114,0,15
7115,0,15
7116,0,15
7117,0,15
7118,0,15
7119,0,15
7120,0,15
7121,0,15
7122,0,15
7123,0,15
7124,0,15
7125,0,15
7126,0,15
7127,0,15
7128,0,15
7129,0,15
7130,0,15
7131,0,15
7132,0,15
7133,0,15
7134,0,15
7135,0,15
7136,0,15
7137,0,15
7138,0,15
7139,0,15
7140,0,16
7141,0,16
7142,0,15
7143,0,14
7144,0,14
7145,0,13
7146,0,13
7147,0,12
7148,0,12
7149,0,11
7150,0,10
7151,0,9
7152,0,9
7153,0,9
7154,0,9
7155,0,9
7156,0,9
7157,0,9
7158,0,10
7159,0,10
7160,0,10
7161,0,10
7162,0,10
7163,0,10
7164,0,10
7165,0,10
7166,0,10
7167,0,10
7168,0,10
7169,0,10
7170,0,10
7171,0,10
7172,0,10
7173,0,10
7174,0,10
7175,0,10
7176,0,10
7177,0,10
7178,0,10
7179,0,10
7180,0,10
7181,0,10
7182,0,10
7183,0,10
7184,0,10
7185,0,10
7186,0,10
7187,0,10
7188,0,10
7189,0,10
7190,0,10
7191,0,10
7192,0,10
7193,0,10
7194,0,11
7195,0,12
7196,0,11
7197,0,11
7198,0,11
7199,0,11
7200,0,11
7201,0,11
7202,0,11
7203,0,11
7204,0,11
7205,0,11
7206,0,12
7207,0,12
7208,0,12
7209,0,12
7210,0,12
7211,0,12
7212,0,13
7213,0,13
7214,0,13
7215,0,13
7216,0,13
7217,0,13
7218,0,13
7219,0,13
7220,0,13
7221,0,13
7222,0,13
7223,0,13
7224,0,13
7225,0,13
7226,0,13
7227,0,13
7228,0,13
7229,0,13
7230,0,13
7231,0,13
7232,0,13
7233,0,13
7234,0,13
7235,0,13
7236,0,13
7237,0,13
7238,0,13
7239,0,13
7240,0,13
7241,0,13
7242,0,13
7243,0,13
7244,0,13
7245,0,13
7246,0,13
7247,0,13
7248,0,13
7249,0,13
7250,0,13
7251,0,13
7252,0,13
7253,0,13
7254,0,13
7255,0,13
7256,0,13
7257,0,13
7258,0,12
7259,0,12
7260,0,11
7261,0,11
7262,0,10
7263,0,10
7264,0,10
7265,0,10
7266,0,10
7267,0,10
7268,0,10
7269,0,10
7270,0,10
7271,0,10
7272,0,10
7273,0,10
7274,0,10
7275,0,10
7276,0,10
7277,0,10
7278,0,10
7279,0,10
7280,0,10
7281,0,10
7282,0,10
7283,0,10
7284,0,10
7285,0,10
7286,0,10
7287,0,9
7288,0,9
7289,0,8
7290,0,7
7291,0,6
7292,0,6
7293,0,6
7294,0,6
7295,0,6
7296,0,6
7297,0,6
7298,0,6
7299,0,6
7300,0,6
7301,0,6
7302,0,6
7303,0,6
7304,0,6
7305,0,6
7306,0,6
7307,0,6
7308,0,6
7309,0,6
7310,0,6
7311,0,6
7312,0,6
7313,0,6
7314,0,6
7315,0,6
7316,0,6
7317,0,6
7318,0,6
7319,0,6
7320,0,6
7321,0,6
7322,0,6
7323,0,6
7324,0,6
7325,0,6
7326,0,6
7327,0,6
7328,0,6
7329,0,6
7330,0,6
7331,0,6
7332,0,6
7333,0,6
7334,0,6
7335,0,6
7336,0,6
7337,0,6
7338,0,6
7339,0,6
7340,0,6
7341,0,6
7342,0,6
7343,0,6
7344,0,6
7345,0,6
7346,0,6
7347,0,6
7348,0,6
7349,0,6
7350,0,6
7351,0,6
7352,0,6
7353,0,6
7354,0,6
7355,0,6
7356,0,6
7357,0,6
7358,0,6
7359,0,6
7360,0,6
7361,0,6
7362,0,6
7363,0,6
7364,0,6
7365,0,6
7366,0,6
7367,0,6
7368,0,6
7369,0,6
7370,0,6
7371,0,6
7372,0,6
7373,0,6
7374,0,6
7375,0,6
7376,0,6
7377,0,6
7378,0,6
7379,0,6
7380,0,6
7381,0,6
7382,0,6
7383,0,6
7384,0,6
7385,0,6
7386,0,6
7387,0,6
7388,0,6
7389,0,6
7390,0,6
7391,0,6
7392,0,6
7393,0,6
7394,0,6
7395,0,6
7396,0,6
7397,0,6
7398,0,6
7399,0,6
7400,0,6
7401,0,6
7402,0,6
7403,0,6
7404,0,6
7405,0,6
7406,0,6
7407,0,6
7408,0,6
7409,0,5
7410,0,5
7411,0,4
7412,0,4
7413,0,3
7414,0,3
7415,0,3
7416,0,3
7417,0,3
7418,0,3
7419,0,3
7420,0,3
7421,0,3
7422,0,3
7423,0,3
7424,0,3
7425,0,3
7426,0,3
7427,0,3
7428,0,3
7429,0,3
7430,0,3
7431,0,3
7432,0,3
7433,0,3
7434,0,3
7435,0,3
7436,0,3
7437,0,3
7438,0,3
7439,0,3
7440,0,3
7441,0,3
7442,0,3
7443,0,3
7444,0,3
7445,0,3
7446,0,3
7447,0,3
7448,0,3
7449,0,3
7450,0,3
7451,0,3
7452,0,3
7453,0,3
7454,0,3
7455,0,3
7456,0,3
7457,0,3
7458,0,3
7459,0,3
7460,0,3
7461,0,3
7462,0,3
7463,0,3
7464,0,3
7465,0,3
7466,0,3
7467,0,3
7468,0,3
7469,0,3
7470,0,3
7471,0,3
7472,0,3
7473,0,3
7474,0,3
7475,0,3
7476,0,3
7477,0,3
7478,0,3
7479,0,2
7480,0,2
7481,0,1
7482,0,1
7483,0,1
7484,0,1
7485,0,1
7486,0,1
7487,0,1
7488,0,1
7489,0,1
7490,0,1
7491,0,1
7492,0,1
7493,0,1
7494,0,1
7495,0,1
7496,0,1
7497,0,1
7498,0,1
7499,0,1
7500,0,1
7501,0,1
7502,0,1
7503,0,1
7504,0,1
7505,0,1
7506,0,1
7507,0,1
7508,0,1
7509,0,1
7510,0,1
7511,0,1
7512,0,1
7513,0,1
7514,0,1
7515,0,1
7516,0,1
7517,0,1
7518,0,1
7519,0,1
7520,0,1
7521,0,1
7522,0,1
7523,0,1
7524,0,1
7525,0,1
7526,0,1
7527,0,1
7528,0,1
7529,0,1
7530,0,1
7531,0,1
7532,0,1
7533,0,1
7534,0,1
7535,0,1
7536,0,1
7537,0,1
7538,0,1
7539,0,1
7540,0,1
7541,0,1
7542,0,1
7543,0,1
7544,0,1
7545,0,1
7546,0,1
7547,0,1
7548,0,1
7549,0,1
7550,0,1
7551,0,1
7552,0,1
7553,0,1
7554,0,1
7555,0,1
7556,0,1
7557,0,1
7558,0,1
7559,0,1
7560,0,1
7561,0,1
7562,0,1
7563,0,1
7564,0,1
7565,0,1
7566,0,1
7567,0,1
7568,0,1
7569,0,1
7570,0,1
7571,0,1
7572,0,1
7573,0,1
7574,0,1
7575,0,1
7576,0,1
7577,0,1
7578,0,1
7579,0,1
7580,0,1
7581,0,1
7582,0,1
7583,0,1
7584,0,1
7585,0,1
7586,0,1
7587,0,1
7588,0,1
7589,0,1
7590,0,1
7591,0,1
7592,0,1
7593,0,1
7594,0,1
7595,0,1
7596,0,1
7597,0,1
7598,0,1
7599,0,1
7600,0,1
7601,0,1
7602,0,1
7603,0,1
7604,0,1
7605,0,1
7606,0,1
7607,0,1
7608,0,1
7609,0,1
7610,0,1
7611,0,1
7612,0,1
7613,0,1
7614,0,1
7615,0,1
7616,0,1
7617,0,1
7618,0,1
7619,0,1
7620,0,1
7621,0,1
7622,0,1
7623,0,1
7624,0,1
7625,0,1
7626,0,1
7627,0,1
7628,0,1
7629,0,1
7630,0,1
7631,0,1
7632,0,1
7633,0,1
7634,0,1
7635,0,1
7636,0,1
7637,0,1
7638,0,1
7639,0,1
7640,0,1
7641,0,1
7642,0,1
7643,0,1
7644,0,1
7645,0,1
7646,0,1
7647,0,1
7648,0,1
7649,0,1
7650,0,1
7651,0,1
7652,0,1
7653,0,1
7654,0,1
7655,0,1
7656,0,1
7657,0,1
7658,0,1
7659,0,1
7660,0,1
7661,0,1
7662,0,1
7663,0,1
7664,0,1
7665,0,1
7666,0,1
7667,0,1
7668,0,1
7669,0,1
7670,0,1
7671,0,1
7672,0,1
7673,0,1
7674,0,1
7675,0,1
7676,0,1
7677,0,1
7678,0,1
7679,0,1
7680,0,1
7681,0,1
7682,0,1
7683,0,1
7684,0,1
7685,0,1
7686,0,1
7687,0,1
7688,0,1
7689,0,1
7690,0,1
7691,0,1
7692,0,1
7693,0,1
7694,0,1
7695,0,1
7696,0,1
7697,0,1
7698,0,1
7699,0,0
7700,0,0
7701,0,0
7702,0,0
7703,0,0
7704,0,0
7705,0,0
7706,0,0
7707,0,0
7708,0,0
7709,0,0
7710,0,0
7711,0,0
7712,0,0
7713,0,0
7714,0,0
7715,0,0
7716,0,0
7717,0,0
7718,0,0
